CREATE DATABASE  IF NOT EXISTS `viking` /*!40100 DEFAULT CHARACTER SET utf8 */;
USE `viking`;
-- MySQL dump 10.13  Distrib 5.6.13, for osx10.6 (i386)
--
-- Host: 127.0.0.1    Database: viking
-- ------------------------------------------------------
-- Server version	5.6.14

/*!40101 SET @OLD_CHARACTER_SET_CLIENT=@@CHARACTER_SET_CLIENT */;
/*!40101 SET @OLD_CHARACTER_SET_RESULTS=@@CHARACTER_SET_RESULTS */;
/*!40101 SET @OLD_COLLATION_CONNECTION=@@COLLATION_CONNECTION */;
/*!40101 SET NAMES utf8 */;
/*!40103 SET @OLD_TIME_ZONE=@@TIME_ZONE */;
/*!40103 SET TIME_ZONE='+00:00' */;
/*!40014 SET @OLD_UNIQUE_CHECKS=@@UNIQUE_CHECKS, UNIQUE_CHECKS=0 */;
/*!40014 SET @OLD_FOREIGN_KEY_CHECKS=@@FOREIGN_KEY_CHECKS, FOREIGN_KEY_CHECKS=0 */;
/*!40101 SET @OLD_SQL_MODE=@@SQL_MODE, SQL_MODE='NO_AUTO_VALUE_ON_ZERO' */;
/*!40111 SET @OLD_SQL_NOTES=@@SQL_NOTES, SQL_NOTES=0 */;

--
-- Table structure for table `countries`
--

DROP TABLE IF EXISTS `countries`;
/*!40101 SET @saved_cs_client     = @@character_set_client */;
/*!40101 SET character_set_client = utf8 */;
CREATE TABLE `countries` (
  `country_id` int(11) NOT NULL,
  `name_rus` varchar(45) NOT NULL,
  `name_en` varchar(45) DEFAULT NULL,
  `archived` varchar(1) DEFAULT NULL,
  `country_note` text,
  `create_date` datetime NOT NULL,
  `create_user_id` int(11) NOT NULL,
  `update_date` datetime NOT NULL,
  `update_user_id` int(11) NOT NULL,
  PRIMARY KEY (`country_id`)
) ENGINE=InnoDB DEFAULT CHARSET=utf8;
/*!40101 SET character_set_client = @saved_cs_client */;

--
-- Dumping data for table `countries`
--

LOCK TABLES `countries` WRITE;
/*!40000 ALTER TABLE `countries` DISABLE KEYS */;
INSERT INTO `countries` VALUES (1,'Россия','Russia',NULL,NULL,'2013-12-03 16:30:09',1,'2013-12-03 16:30:09',1),(2,'Украина',NULL,NULL,NULL,'2013-12-03 16:30:09',1,'2013-12-03 16:30:09',1),(3,'Латвия',NULL,NULL,NULL,'2013-12-03 16:30:09',1,'2013-12-03 16:30:09',1),(4,'Литва',NULL,NULL,NULL,'2013-12-03 16:30:09',1,'2013-12-03 16:30:09',1),(5,'Эстония',NULL,NULL,NULL,'2013-12-03 16:30:09',1,'2013-12-03 16:30:09',1);
/*!40000 ALTER TABLE `countries` ENABLE KEYS */;
UNLOCK TABLES;

--
-- Table structure for table `groups`
--

DROP TABLE IF EXISTS `groups`;
/*!40101 SET @saved_cs_client     = @@character_set_client */;
/*!40101 SET character_set_client = utf8 */;
CREATE TABLE `groups` (
  `group_id` int(11) NOT NULL,
  `name` varchar(60) NOT NULL,
  `create_date` datetime DEFAULT NULL,
  `create_user_id` int(11) DEFAULT NULL,
  `update_date` datetime DEFAULT NULL,
  `update_user_id` int(11) DEFAULT NULL,
  PRIMARY KEY (`group_id`)
) ENGINE=InnoDB DEFAULT CHARSET=utf8;
/*!40101 SET character_set_client = @saved_cs_client */;

--
-- Dumping data for table `groups`
--

LOCK TABLES `groups` WRITE;
/*!40000 ALTER TABLE `groups` DISABLE KEYS */;
INSERT INTO `groups` VALUES (1,'Портальный кран','2013-12-11 20:54:15',1,'2013-12-11 20:54:15',1),(2,'Мобильный портальный кран','2013-12-11 20:54:15',1,'2013-12-11 20:54:15',1),(3,'Мобильный кран','2013-12-11 20:54:15',1,'2013-12-11 20:54:15',1),(4,'Кран-манипулятор','2013-12-11 20:54:15',1,'2013-12-11 20:54:15',1),(5,'Пневмоколесный кран','2013-12-11 20:54:15',1,'2013-12-11 20:54:15',1),(6,'Автомобильный кран','2013-12-11 20:54:15',1,'2013-12-11 20:54:15',1),(7,'Железнодорожный кран','2013-12-11 20:54:15',1,'2013-12-11 20:54:15',1),(8,'Гусеничный кран','2013-12-11 20:54:15',1,'2013-12-11 20:54:15',1),(9,'Плавучий кран','2013-12-11 20:54:15',1,'2013-12-11 20:54:15',1),(28,'Прочие машины и оборудов.','2013-12-11 20:54:15',1,'2013-12-11 20:54:15',1);
/*!40000 ALTER TABLE `groups` ENABLE KEYS */;
UNLOCK TABLES;

--
-- Table structure for table `machines`
--

DROP TABLE IF EXISTS `machines`;
/*!40101 SET @saved_cs_client     = @@character_set_client */;
/*!40101 SET character_set_client = utf8 */;
CREATE TABLE `machines` (
  `machine_id` int(11) NOT NULL AUTO_INCREMENT,
  `stevidor_id` int(11) DEFAULT NULL,
  `group_id` int(11) DEFAULT NULL,
  `model_id` int(11) DEFAULT NULL,
  `name` varchar(60) DEFAULT NULL,
  `inventory_numb` varchar(10) DEFAULT NULL,
  `release_year` varchar(4) DEFAULT NULL,
  `start_date` datetime DEFAULT NULL,
  `doc` varchar(20) DEFAULT NULL,
  `trans_numb` varchar(15) DEFAULT NULL,
  `factory_numb` varchar(20) DEFAULT NULL,
  `location` varchar(15) DEFAULT NULL,
  `note` varchar(255) DEFAULT NULL,
  `archived` varchar(1) DEFAULT NULL,
  `create_user_id` int(11) DEFAULT NULL,
  `create_date` datetime DEFAULT NULL,
  `update_user_id` int(11) DEFAULT NULL,
  `update_date` datetime DEFAULT NULL,
  PRIMARY KEY (`machine_id`)
) ENGINE=InnoDB AUTO_INCREMENT=3332 DEFAULT CHARSET=utf8;
/*!40101 SET character_set_client = @saved_cs_client */;

--
-- Dumping data for table `machines`
--

LOCK TABLES `machines` WRITE;
/*!40000 ALTER TABLE `machines` DISABLE KEYS */;
INSERT INTO `machines` VALUES (10,2,8,79,'Гусеничный кран ДИЕР-65  12,5тн',NULL,NULL,NULL,NULL,NULL,NULL,NULL,NULL,'0',0,NULL,0,NULL),(11,2,8,80,'Гусеничный кран ДИЕР-65-1    16/2,8тн','217','1970','1972-01-01 00:00:00','50/92114','313185','527',NULL,NULL,'0',0,NULL,0,NULL),(12,2,8,81,'Гусеничный кран РДК-160-2  16тн','330','1978','1972-01-01 00:00:00','06721/70018','345260','1015',NULL,NULL,'0',0,NULL,0,NULL),(13,2,8,86,'Гусеничный кран РДК-250-2  25тн','386','1988','1988-06-01 00:00:00','50-223/80015','327944','12034',NULL,NULL,'0',0,NULL,0,NULL),(14,2,5,50,'Пневмоколесный кран КАТО NK-450S  40/8тн',NULL,'1985','1986-01-01 00:00:00','50-0215/52737','907736','45153',NULL,NULL,'0',0,NULL,0,NULL),(66,5,1,2,'Портальный кран АЛЬБРЕХТ   10/20тн','ПК-47','1969','1970-01-01 00:00:00','50/97141','307935','1073239','Бак-ца,пр138тыл',NULL,'0',0,NULL,0,NULL),(75,5,1,4,'Портальный кран АЛЬБАТРОС  10/20тн','ПК-87','1981','1982-01-01 00:00:00','50-711/20066','243556','0611','Экономия,пр.4',NULL,'0',0,NULL,0,NULL),(76,5,1,4,'Портальный кран АЛЬБАТРОС  10/20тн','ПК-90','1988','1988-06-01 00:00:00','50-711/80005','914765','0611','Экономия,пр.3',NULL,'0',0,NULL,0,NULL),(81,5,1,29,'Портальный кран СОКОЛ  16/20/32тн','ПК-58','1975','1976-01-01 00:00:00','50-71/5002','843101','1106274','Экономия,пр.7',NULL,'0',0,NULL,0,NULL),(82,5,1,29,'Портальный кран СОКОЛ  16/20/32тн','ПК-68','1977','1978-01-01 00:00:00','50-71/7038','969849','1108873','Экономия,пр.6',NULL,'0',0,NULL,0,NULL),(83,5,1,29,'Портальный кран СОКОЛ  16/20/32тн','ПК-69','1977','1978-01-01 00:00:00','50-71/7038','969850','1108874','Экономия,пр6тыл',NULL,'0',0,NULL,0,NULL),(84,5,1,25,'Портальный кран КОНДОР 16/32/40тн','ПК-65','1976','1977-01-01 00:00:00','50-071/61054','969694','1118166','Экономия,пр.7',NULL,'0',0,NULL,0,NULL),(85,5,1,25,'Портальный кран КОНДОР 16/32/40тн','ПК-89','1983','1984-01-01 00:00:00','50-0711/30395','527100','1191','Экономия,пр.4',NULL,'0',0,NULL,0,NULL),(102,5,1,10,'Портальный кран ГАНЦ 5/6тн,30m','ПК-85','1980','1980-06-01 00:00:00','50-71/00057','317320','1288','Бакарица,пр.145',NULL,'0',0,NULL,0,NULL),(103,5,1,16,'Портальный кран ГАНЦ 5тн','ПК-41','1965','1966-01-01 00:00:00',NULL,'908550','5415','Бак-ца,пр140тыл',NULL,'0',0,NULL,0,NULL),(104,5,1,17,'Портальный кран ЖДАНОВЕЦ КПМ-32-10,5   32тн','ПК-49','1970','1971-01-01 00:00:00',NULL,NULL,'4','Бак-ца,пр139тыл',NULL,'0',0,NULL,0,NULL),(105,5,9,96,'Плавучий кран ГАНЦ  100/25 тн','ПК-106','1970','1972-01-01 00:00:00',NULL,NULL,'2197','Портофлот',NULL,'0',0,NULL,0,NULL),(106,5,9,97,'Плавучий кран ГАНЦ  16 тн','СПК-16','1975','1976-01-01 00:00:00',NULL,NULL,'1818','Портофлот',NULL,'0',0,NULL,0,NULL),(107,5,8,80,'Гусеничный кран ДИЕР-65-1    16/2,8тн','ГК-17','1976','1976-06-01 00:00:00','50-22/61067','970701','560','Левый.берег',NULL,'Y',0,NULL,1,'2013-12-19 19:04:25'),(108,5,5,50,'Пневмоколесный кран КАТО NK-450S  40/8тн','АК-22','1985','1986-01-01 00:00:00','50-0215/52737','907734','45157S','Бакарица',NULL,'0',0,NULL,0,NULL),(109,5,5,51,'Пневмоколесный кран КАТО NK-500MS  50/12тн','АК-23','1988','1988-06-01 00:00:00','50-0215/81137','537780','692167MS','Экономия',NULL,'0',0,NULL,0,NULL),(207,8,1,2,'Портальный кран АЛЬБРЕХТ   10/20тн','6280','1968','1968-06-01 00:00:00','50-0711/77092','118554','1072643','Склад14',NULL,'0',0,NULL,0,NULL),(221,8,1,4,'Портальный кран АЛЬБАТРОС  10/20тн','21095','1989','1989-06-01 00:00:00','50-0711/90266','575214','2116','Причал9',NULL,'0',0,NULL,0,NULL),(222,8,1,4,'Портальный кран АЛЬБАТРОС  10/20тн','21096','1989','1989-06-01 00:00:00','50-0711/90266','975213','2115','ПСК',NULL,'0',0,NULL,0,NULL),(246,8,1,29,'Портальный кран СОКОЛ  16/20/32тн',NULL,'1990','1991-01-01 00:00:00','50-0711/00222','635296','2401','Причал6',NULL,'0',0,NULL,0,NULL),(250,8,1,25,'Портальный кран КОНДОР 16/32/40тн','7840','1981','1983-01-01 00:00:00','50-0711/10511','243492','0588','Причал20',NULL,'0',0,NULL,0,NULL),(268,8,3,43,'Мобильный кран ЛИБХЕР LHM-400  104тн , вылет 10.5 - 48 м',NULL,NULL,NULL,NULL,NULL,NULL,NULL,NULL,'0',0,NULL,0,NULL),(269,8,8,86,'Гусеничный кран РДК-250-2  25тн','21250','1983','1983-06-01 00:00:00',NULL,NULL,'8599',NULL,NULL,'0',0,NULL,0,NULL),(270,8,8,86,'Гусеничный кран РДК-250-2  25тн','21251','1982','1982-06-01 00:00:00',NULL,NULL,NULL,NULL,NULL,'0',0,NULL,0,NULL),(271,8,5,48,'Пневмоколесный  кран КАТО NK-200S-2   20/6,5тн','7817','1982','1982-06-01 00:00:00','50-0215/23517','511837','Ст-20323П',NULL,NULL,'0',0,NULL,0,NULL),(272,8,5,48,'Пневмоколесный  кран КАТО NK-200S-2   20/6,5тн','8398','1984','1984-06-01 00:00:00','50-0215/43187','855137','Ст-20377П',NULL,NULL,'0',0,NULL,0,NULL),(461,9,1,2,'Портальный кран АЛЬБРЕХТ   10/20тн','302','1969','1970-04-25 00:00:00','50/97141','307931','1073235','Причал 10',NULL,'0',0,NULL,0,NULL),(474,9,1,2,'Портальный кран АЛЬБРЕХТ   10/20тн','343','1964','1965-12-23 00:00:00','50/67344','842292','1072006','Причал 10',NULL,'0',0,NULL,0,NULL),(475,9,1,4,'Портальный кран АЛЬБАТРОС  10/20тн','911','1977','1978-05-22 00:00:00','50-71/70384','969814','1098839','Причал 6',NULL,'0',0,NULL,0,NULL),(476,9,1,4,'Портальный кран АЛЬБАТРОС  10/20тн','910','1977','1978-02-20 00:00:00','50-71/70384','969811','1098837','Причал 1',NULL,'0',0,NULL,0,NULL),(477,9,1,4,'Портальный кран АЛЬБАТРОС  10/20тн','433','1976','1976-04-25 00:00:00','50-71/61056','969724','1097887','Причал 9',NULL,'0',0,NULL,0,NULL),(498,9,1,29,'Портальный кран СОКОЛ  16/20/32тн','231','1990','1990-12-20 00:00:00','50/0711/00222','635280','2386','Причал 12',NULL,'0',0,NULL,0,NULL),(499,9,1,29,'Портальный кран СОКОЛ  16/20/32тн','232','1990','1991-01-27 00:00:00','50/0711/00222','635281','2387','Причал 12',NULL,'0',0,NULL,0,NULL),(503,9,1,10,'Портальный кран ГАНЦ 5/6тн,30m','439','1977','1977-04-30 00:00:00','50-71/61058','969978','1111','Причал 5',NULL,'0',0,NULL,0,NULL),(511,9,9,92,'Плавучий кран БЛЕЙХАРТ   50 тн','40396','1956','1956-06-19 00:00:00',NULL,NULL,'170',NULL,NULL,'0',0,NULL,0,NULL),(512,9,5,49,'Пневмоколесный кран КАТО NK-500S  50тн','77120','1988','1988-05-20 00:00:00','50/0215/81137','537790','СТ69217УМ','Причал 3',NULL,'0',0,NULL,0,NULL),(523,9,3,38,'Мобильный  кран ГОТВАЛЬД HMK  280-E     100тн',NULL,'2001',NULL,NULL,NULL,NULL,NULL,NULL,'0',0,NULL,0,NULL),(524,9,3,34,'Портальный мобильный  кран ГОТВАЛЬД HMK 170-E    45/63 тн',NULL,NULL,NULL,NULL,NULL,NULL,NULL,NULL,'0',0,NULL,0,NULL),(525,9,2,35,'Портальный мобильный кран ГОТВАЛЬД  HSK  170 EG  63 тн',NULL,'2001',NULL,NULL,NULL,NULL,NULL,NULL,'0',0,NULL,0,NULL),(526,9,2,35,'Портальный мобильный кран ГОТВАЛЬД  HSK  170 EG  63 тн',NULL,'2004',NULL,NULL,NULL,NULL,NULL,NULL,'0',0,NULL,0,NULL),(678,11,1,2,'Портальный кран АЛЬБРЕХТ   10/20тн','К-61','1969','1969-06-01 00:00:00',NULL,'246473','1073146','Тыл причала 7',NULL,'0',0,NULL,0,NULL),(679,11,1,4,'Портальный кран АЛЬБАТРОС  10/20тн','К-176','1976','1976-06-01 00:00:00',NULL,'313332','1099656','Причал 7',NULL,'0',0,NULL,0,NULL),(685,11,1,4,'Портальный кран АЛЬБАТРОС  10/20тн','К-260','1986','1986-06-01 00:00:00',NULL,'914566','1713','Причал 13',NULL,'0',0,NULL,0,NULL),(693,11,1,15,'Портальный кран ГАНЦ 5/6тн,32m','К-222','1982','1982-06-01 00:00:00',NULL,'302402','06','Тыл причала 6',NULL,'0',0,NULL,0,NULL),(694,11,1,24,'Портальный кран КИРОВЕЦ КПП16(20)','К-286','1993','1993-06-01 00:00:00',NULL,NULL,NULL,NULL,NULL,'0',0,NULL,0,NULL),(695,11,1,24,'Портальный кран КИРОВЕЦ КПП16(20)','К-287','1993','1993-06-01 00:00:00',NULL,NULL,NULL,NULL,NULL,'0',0,NULL,0,NULL),(700,11,1,29,'Портальный кран СОКОЛ  16/20/32тн','К-350','1989','1990-01-01 00:00:00',NULL,'575270','2172','Высоцк',NULL,'0',0,NULL,0,NULL),(701,11,1,4,'Портальный кран АЛЬБАТРОС  10/20тн','К-169','1997','1997-06-01 00:00:00',NULL,'969779','1098803','Пр.13',NULL,'0',0,NULL,0,NULL),(702,11,8,79,'Гусеничный кран ДИЕР-65  12,5тн','К-44','1969','1969-06-01 00:00:00',NULL,'252722','531',NULL,NULL,'0',0,NULL,0,NULL),(703,11,8,79,'Гусеничный кран ДИЕР-65  12,5тн','R-72','1970','1970-06-01 00:00:00',NULL,'313205','792',NULL,NULL,'0',0,NULL,0,NULL),(740,12,1,4,'Портальный кран АЛЬБАТРОС  10/20тн',NULL,'1977',NULL,NULL,NULL,NULL,'тыл 1-3',NULL,'0',0,NULL,0,NULL),(741,12,1,4,'Портальный кран АЛЬБАТРОС  10/20тн',NULL,'1977',NULL,NULL,NULL,NULL,'4',NULL,'0',0,NULL,0,NULL),(742,12,1,4,'Портальный кран АЛЬБАТРОС  10/20тн',NULL,'1984',NULL,NULL,NULL,NULL,'1-3',NULL,'0',0,NULL,0,NULL),(743,12,1,29,'Портальный кран СОКОЛ  16/20/32тн',NULL,'1982',NULL,NULL,NULL,NULL,'1-3',NULL,'0',0,NULL,0,NULL),(744,12,1,29,'Портальный кран СОКОЛ  16/20/32тн',NULL,'1990',NULL,NULL,NULL,NULL,'тыл1-3',NULL,'0',0,NULL,0,NULL),(745,12,1,25,'Портальный кран КОНДОР 16/32/40тн',NULL,'1986',NULL,NULL,NULL,NULL,'1-3',NULL,'0',0,NULL,0,NULL),(746,12,1,25,'Портальный кран КОНДОР 16/32/40тн',NULL,'1986',NULL,NULL,NULL,NULL,'1-3',NULL,'0',0,NULL,0,NULL),(747,12,1,10,'Портальный кран ГАНЦ 5/6тн,30m',NULL,'1969',NULL,NULL,NULL,NULL,NULL,NULL,'0',0,NULL,0,NULL),(748,12,1,14,'Портальный кран ГАНЦ 5/6тн,30m,колея 20,7м',NULL,'1970',NULL,NULL,NULL,NULL,NULL,NULL,'0',0,NULL,0,NULL),(749,12,1,14,'Портальный кран ГАНЦ 5/6тн,30m,колея 20,7м',NULL,'1970',NULL,NULL,NULL,NULL,NULL,NULL,'0',0,NULL,0,NULL),(813,14,1,6,'Портальный кран АЛЬБАТРОС  10/20тн,колея 20,7м','47434','1982','1983-01-01 00:00:00','50-0711/20066','243576','0875','Причал 4',NULL,'0',0,NULL,0,NULL),(814,14,1,29,'Портальный кран СОКОЛ  16/20/32тн','49','1977','1977-06-01 00:00:00','50-71/70485','909838','1108862','Причал 13 тыл',NULL,'0',0,NULL,0,NULL),(828,14,1,10,'Портальный кран ГАНЦ 5/6тн,30m','47398','1981','1982-01-01 00:00:00','50-0711/30323','302339','1342','Причал 15',NULL,'0',0,NULL,0,NULL),(829,14,1,13,'Полупортальный кран ГАНЦ 5/6тн,30m,колея 18,3м','1','1970','1971-01-01 00:00:00','50/87687','301137','03',NULL,NULL,'0',0,NULL,0,NULL),(839,14,1,14,'Портальный кран ГАНЦ 5/6тн,30m,колея 20,7м','20','1968','1969-01-01 00:00:00','50/77017','184896','005','Причал 2 тыл',NULL,'0',0,NULL,0,NULL),(840,14,1,25,'Портальный кран КОНДОР 16/32/40тн','53','1983',NULL,NULL,NULL,'0954',NULL,NULL,'0',0,NULL,0,NULL),(841,14,1,25,'Портальный кран КОНДОР 16/32/40тн','51','1988',NULL,NULL,NULL,'1887',NULL,NULL,'0',0,NULL,0,NULL),(842,14,1,33,'Портальный кран АНС1000 \"ФЕНИКС\"  28\\32\\40\\50тн','52','2003',NULL,NULL,NULL,'24 3380 00',NULL,NULL,'0',0,NULL,0,NULL),(1225,21,1,1,'Портальный кран АИСТ16/20/32тн, вылет 32-8 м',NULL,NULL,NULL,NULL,NULL,NULL,NULL,NULL,'Y',0,NULL,1,'2013-12-19 19:04:25'),(1226,21,1,2,'Портальный кран АЛЬБРЕХТ   10/20тн','34','1965','1966-01-01 00:00:00','50/27716','842368','1072084','Причал 7 тыл',NULL,'Y',0,NULL,1,'2013-12-19 19:04:25'),(1262,21,1,29,'Портальный кран СОКОЛ  16/20/32тн','61','1976','1976-06-01 00:00:00','50-71/61055','969716','1098153','Причал 13',NULL,'0',0,NULL,0,NULL),(1263,21,1,29,'Портальный кран СОКОЛ  16/20/32тн','62','1977','1978-01-01 00:00:00','50-71/70385','969848','1108872','Причал 13',NULL,'Y',0,NULL,1,'2013-12-19 19:04:25'),(1264,21,1,25,'Портальный кран КОНДОР 16/32/40тн','6','1980','1981-01-01 00:00:00','50-71/00056','313597','0136','Причал 15',NULL,'0',0,NULL,0,NULL),(1271,21,1,4,'Портальный кран АЛЬБАТРОС  10/20тн','27','1990','2005-11-15 00:00:00',NULL,NULL,NULL,NULL,NULL,'Y',0,NULL,1,'2013-12-19 19:04:25'),(1272,21,1,4,'Портальный кран АЛЬБАТРОС  10/20тн','29','1988','2006-02-15 00:00:00',NULL,NULL,NULL,NULL,NULL,'0',0,NULL,0,NULL),(1273,21,1,10,'Портальный кран ГАНЦ 5/6тн,30m','12','1976','1977-01-01 00:00:00','50-71/61058','969967','1100','Причал 2',NULL,'0',0,NULL,0,NULL),(1280,21,1,15,'Портальный кран ГАНЦ 5/6тн,32m','15','1982','1983-01-01 00:00:00','50-0711/20323','302409','13','Причал 6',NULL,'0',0,NULL,0,NULL),(1285,21,8,90,'Гусеничный кран КДЭ-163     16тн','11',NULL,NULL,NULL,NULL,NULL,NULL,NULL,'0',0,NULL,0,NULL),(1286,21,8,86,'Гусеничный кран РДК-250-2  25тн','15',NULL,NULL,NULL,NULL,NULL,NULL,NULL,'0',0,NULL,0,NULL),(1445,23,1,2,'Портальный кран АЛЬБРЕХТ   10/20тн','3917','1964','1965-01-01 00:00:00',NULL,'10720331','842316',NULL,NULL,'0',0,NULL,0,NULL),(1480,23,1,5,'Портальный кран АЛЬБАТРОС  10/20тн,колея 15,3м','6048','1981','1982-01-01 00:00:00',NULL,'243555','0855',NULL,NULL,'0',0,NULL,0,NULL),(1481,23,1,29,'Портальный кран СОКОЛ  16/20/32тн','3106','1990','1991-01-01 00:00:00',NULL,'635292','2409',NULL,NULL,'0',0,NULL,0,NULL),(1510,23,1,30,'Портальный кран СОКОЛ  16/20/32тн,колея 15,3м','2257','1987','1988-01-01 00:00:00',NULL,'914708','1794',NULL,NULL,'0',0,NULL,0,NULL),(1511,23,1,30,'Портальный кран СОКОЛ  16/20/32тн,колея 15,3м','4514','1971','1972-01-01 00:00:00',NULL,'110463','437859',NULL,NULL,'0',0,NULL,0,NULL),(1512,23,1,25,'Портальный кран КОНДОР 16/32/40тн','2081','1987','1988-01-01 00:00:00',NULL,'914733','1812',NULL,NULL,'0',0,NULL,0,NULL),(1513,23,1,25,'Портальный кран КОНДОР 16/32/40тн','9697','1985','1986-01-01 00:00:00',NULL,'808502','1414',NULL,NULL,'0',0,NULL,0,NULL),(1515,23,1,26,'Портальный кран КОНДОР 16/32/40тн,колея 15,3м','4533','1989','1990-01-01 00:00:00',NULL,'243508','0866',NULL,NULL,'0',0,NULL,0,NULL),(1516,23,1,11,'Портальный кран ГАНЦ 5/6тн,30m,колея 15,3м','3967','1967','1968-01-01 00:00:00',NULL,NULL,'002',NULL,NULL,'0',0,NULL,0,NULL),(1517,23,1,11,'Портальный кран ГАНЦ 5/6тн,30m,колея 15,3м','5616','1966','1967-01-01 00:00:00',NULL,'113080','004',NULL,NULL,'0',0,NULL,0,NULL),(1518,23,1,11,'Портальный кран ГАНЦ 5/6тн,30m,колея 15,3м','3977','1966','1967-01-01 00:00:00',NULL,'113091','009',NULL,NULL,'0',0,NULL,0,NULL),(1519,23,1,32,'Портальный кран ЧЕРЕТТИ-ТАНФАНИ 15тн','3140','1955','1956-01-01 00:00:00',NULL,NULL,'715577',NULL,NULL,'0',0,NULL,0,NULL),(1520,23,8,79,'Гусеничный кран ДИЕР-65  12,5тн','04515','1971','1972-01-01 00:00:00',NULL,NULL,'1051','ПСО МГС',NULL,'0',0,NULL,0,NULL),(1521,23,8,79,'Гусеничный кран ДИЕР-65  12,5тн','05701','1969','1970-01-01 00:00:00',NULL,NULL,NULL,'Аренда',NULL,'0',0,NULL,0,NULL),(1522,23,8,79,'Гусеничный кран ДИЕР-65  12,5тн','03861','1962','1963-01-01 00:00:00',NULL,NULL,NULL,'Аренда',NULL,'0',0,NULL,0,NULL),(1523,23,8,81,'Гусеничный кран РДК-160-2  16тн','07232','1977','1978-01-01 00:00:00',NULL,NULL,NULL,'Строй монтаж',NULL,'0',0,NULL,0,NULL),(1524,23,8,79,'Гусеничный кран ДИЕР-65  12,5тн','06439','1963','1964-01-01 00:00:00',NULL,NULL,NULL,'Ремонт ПКМ-2',NULL,'0',0,NULL,0,NULL),(1525,23,8,81,'Гусеничный кран РДК-160-2  16тн','19913','1985','1986-01-01 00:00:00',NULL,NULL,'2957','Ремонт ПКМ-1',NULL,'0',0,NULL,0,NULL),(1526,23,8,79,'Гусеничный кран ДИЕР-65  12,5тн','06139','1963','1964-01-01 00:00:00',NULL,NULL,NULL,'РММ-1',NULL,'0',0,NULL,0,NULL),(1527,23,6,64,'Автомобильный кран КС-2561Е              6,3тн','22932','1988','1989-01-01 00:00:00',NULL,NULL,'25652',NULL,NULL,'0',0,NULL,0,NULL),(1528,23,5,48,'Пневмоколесный  кран КАТО NK-200S-2   20/6,5тн','16502','1981','1982-01-01 00:00:00',NULL,'511838','1698',NULL,NULL,'0',0,NULL,0,NULL),(1529,23,5,47,'Пневмоколесный  кран КАТО                30тн','22205','1988','1989-01-01 00:00:00',NULL,'105251','CT30157',NULL,NULL,'0',0,NULL,0,NULL),(1532,23,5,51,'Пневмоколесный кран КАТО NK-500MS  50/12тн','27612','1992','1993-01-01 00:00:00',NULL,NULL,'3933109',NULL,NULL,'0',0,NULL,0,NULL),(1556,26,1,2,'Портальный кран АЛЬБРЕХТ   10/20тн','52','1971','1971-06-01 00:00:00','50/97141','307012','1073316','пр.12',NULL,'0',0,NULL,0,NULL),(1592,26,1,4,'Портальный кран АЛЬБАТРОС  10/20тн','25','1988','1988-06-01 00:00:00','50-0711/80005','914767','1842','пр.19',NULL,'0',0,NULL,0,NULL),(1593,26,1,4,'Портальный кран АЛЬБАТРОС  10/20тн','87','1988','1988-06-01 00:00:00','50-0711/80005','914768','1843','пр.2',NULL,'0',0,NULL,0,NULL),(1594,26,1,29,'Портальный кран СОКОЛ  16/20/32тн','85','1984','1985-01-01 00:00:00','50-0711/40443','681276','1289','пр.16',NULL,'0',0,NULL,0,NULL),(1606,26,1,25,'Портальный кран КОНДОР 16/32/40тн','83','1983','1983-06-01 00:00:00','50-0711/20064','243506','0951','тыл 7',NULL,'0',0,NULL,0,NULL),(1607,26,1,25,'Портальный кран КОНДОР 16/32/40тн','77','1980','1981-01-01 00:00:00','50-71/0056','313594','0134','пр.7',NULL,'0',0,NULL,0,NULL),(1608,26,1,8,'Портальный кран АТЛАНТ 16/20/32/40тн   колея 15,3м','28','1990','1993-01-01 00:00:00','50-0711/00224','635318','2511','пр.16',NULL,'0',0,NULL,0,NULL),(1619,26,1,15,'Портальный кран ГАНЦ 5/6тн,32m','82','1983','1983-06-01 00:00:00','50-71/20323','302412','16','пр.2',NULL,'0',0,NULL,0,NULL),(1620,26,1,28,'Портальный кран НОВОРОССИЕЦ КПП16(32/40)','100','2002','2003-01-01 00:00:00','ТЗ 2902.00.0000ТЗ',NULL,'9012','пр.16 тыл',NULL,'0',0,NULL,0,NULL),(1621,26,3,37,'Mобильный кран ГОТВАЛЬД  HMK  170 EG  45/63 тн','91','1996','1996-12-01 00:00:00',NULL,NULL,'128 187 00','ГПМК',NULL,'0',0,NULL,0,NULL),(1633,26,4,44,'Кран-манипулятор СЕННЕБОГЕН 870М-КМ      5тн, 23м','002','2004',NULL,NULL,NULL,NULL,NULL,NULL,'0',0,NULL,0,NULL),(1634,26,9,101,'Плавучий кран СЕВАСТОПОЛЕЦ-1  140/32тн','3021','1985','1986-01-01 00:00:00',NULL,NULL,'1','Вост.р-н',NULL,'0',0,NULL,0,NULL),(1879,26,6,64,'Автомобильный кран КС-2561Е              6,3тн','2','1980','1981-01-01 00:00:00',NULL,NULL,'0580',NULL,NULL,'0',0,NULL,0,NULL),(1881,26,5,48,'Пневмоколесный  кран КАТО NK-200S-2   20/6,5тн','4','1982','1982-06-01 00:00:00','50-0215/23976','558068','СТ-450181',NULL,NULL,'0',0,NULL,0,NULL),(1882,26,5,53,'Пневмоколесный  кран КC-5363            25тн','1','1978','1978-06-01 00:00:00',NULL,NULL,'4578','Нефтерайон',NULL,'0',0,NULL,0,NULL),(2223,29,1,2,'Портальный кран АЛЬБРЕХТ   10/20тн','01-06','1970','1971-01-01 00:00:00','50/97141','307374','1073278','Тыл причал 2',NULL,'0',0,NULL,0,NULL),(2233,29,1,4,'Портальный кран АЛЬБАТРОС  10/20тн','02-10','1980','1980-06-01 00:00:00','50-71/00054','313521','0073','Тыл причал 7',NULL,'0',0,NULL,0,NULL),(2234,29,1,29,'Портальный кран СОКОЛ  16/20/32тн','07-01','1973','1974-01-01 00:00:00','50/27042','583468','1105566','Причал 11',NULL,'0',0,NULL,0,NULL),(2252,29,1,15,'Портальный кран ГАНЦ 5/6тн,32m','05-17','1988','1989-01-01 00:00:00','50-0788/80853','338565','271','Причал 12',NULL,'0',0,NULL,0,NULL),(2255,29,9,95,'Плавучий кран ВИЛЕЙ  90/25 тн','1','1943','1944-01-01 00:00:00',NULL,NULL,NULL,NULL,NULL,'0',0,NULL,0,NULL),(2256,29,9,96,'Плавучий кран ГАНЦ  100/25 тн','98','1969','1972-01-01 00:00:00','77/53','04-104','2171',NULL,NULL,'0',0,NULL,0,NULL),(2257,29,4,45,'Кран-манипулятор  KATO      2.92тн','18-01','1992','1992-06-01 00:00:00',NULL,NULL,'683-02123',NULL,NULL,'0',0,NULL,0,NULL),(2258,29,5,46,'Пневмоколесный кран KAVELCO  RK-250-|||      25тн','15-09','1994','1994-06-01 00:00:00','','','EZ-05834','','','0',0,NULL,1,'2013-12-19 11:04:06'),(2259,29,8,80,'Гусеничный кран ДИЕР-65-1    16/2,8тн','11-10','1974','1975-01-01 00:00:00',NULL,'486650','261',NULL,NULL,'0',0,NULL,0,NULL),(2263,29,8,86,'Гусеничный кран РДК-250-2  25тн','11-14','1985','1986-01-01 00:00:00',NULL,'921601','10503',NULL,NULL,'0',0,NULL,0,NULL),(2363,33,4,44,'Кран-манипулятор СЕННЕБОГЕН 870М-КМ      5тн, 23м','450','2005','2005-06-01 00:00:00',NULL,NULL,'870.0.223',NULL,NULL,'0',0,NULL,0,NULL),(2364,33,3,43,'Мобильный кран ЛИБХЕР LHM-400  104тн , вылет 10.5 - 48 м','390','2002','2002-06-01 00:00:00',NULL,NULL,'140.284',NULL,NULL,'0',0,NULL,0,NULL),(2365,33,1,4,'Портальный кран АЛЬБАТРОС  10/20тн','210','1982','1982-10-01 00:00:00','50-0711/20066','243546','0853','18пр.',NULL,'0',0,NULL,0,NULL),(2409,33,1,29,'Портальный кран СОКОЛ  16/20/32тн','1','1966','2000-06-01 00:00:00',NULL,NULL,'1615',NULL,NULL,'0',0,NULL,0,NULL),(2410,33,1,29,'Портальный кран СОКОЛ  16/20/32тн','2','1986','2000-06-01 00:00:00',NULL,NULL,'1616',NULL,NULL,'0',0,NULL,0,NULL),(2411,33,1,25,'Портальный кран КОНДОР 16/32/40тн','351','1981','1981-10-01 00:00:00','50-71/00056','313595','0470','64пр.',NULL,'0',0,NULL,0,NULL),(2458,33,1,10,'Портальный кран ГАНЦ 5/6тн,30m','137','1972','1972-06-01 00:00:00','50/17203','452654','854','14пр',NULL,'0',0,NULL,0,NULL),(2459,33,1,10,'Портальный кран ГАНЦ 5/6тн,30m','103','1975','1976-02-01 00:00:00','50-71/51586','907069','1063','15пр.',NULL,'0',0,NULL,0,NULL),(2464,33,1,27,'Портальный кран КОНЕ   16/20/32тн','358','1986','1987-09-01 00:00:00','50-0711/62578','132939','k-9355','74пр.',NULL,'0',0,NULL,0,NULL),(2465,33,1,23,'Портальный кран КИРОВЕЦ КПП16','151','1992','1993-11-01 00:00:00','589/5744476/9-004','Ж-291','8126','4пр.тыл',NULL,'0',0,NULL,0,NULL),(2466,33,1,23,'Портальный кран КИРОВЕЦ КПП16','152','1992','1993-03-01 00:00:00','589/5744476/9-004','Ж-287','8125','4пр.тыл',NULL,'0',0,NULL,0,NULL),(2467,33,9,93,'Плавучий кран БЛЕЙХАРТ   15 тн','15','1952','1953-01-01 00:00:00',NULL,'3801',NULL,NULL,NULL,'0',0,NULL,0,NULL),(2468,33,9,94,'Плавучий кран БОГАТЫРЬ-4  300/100 тн','16','1979','1979-02-01 00:00:00',NULL,NULL,'4',NULL,NULL,'0',0,NULL,0,NULL),(2469,33,9,102,'Плавучий кран ДРАВО 91тн','12','1944','1946-01-01 00:00:00',NULL,NULL,NULL,NULL,NULL,'0',0,NULL,0,NULL),(2873,33,5,55,'Пневмоколесный кран Либхерр LTM 1055\\1   55,0тн','286','1987','1987-07-01 00:00:00','50-0833/71862','271858','Ф15В-002236','','','0',0,NULL,1,'2013-12-19 11:04:31'),(2874,33,6,68,'Автомобильный кран КС-3575А    10,0тн','1147','1988','1988-07-01 00:00:00','50-0833/71862','271861',NULL,NULL,NULL,'0',0,NULL,0,NULL),(2875,33,6,70,'Автомобильный кран КС-3577-3   10,0тн','1228','1987','1987-07-01 00:00:00','50-0833/71862','271859','Ф15В-002237',NULL,NULL,'0',0,NULL,0,NULL),(3329,9,2,702,'Портальный мобильный кран ГОТВАЛЬД  HSK  170 EG  63 тн','22222222','2004',NULL,'','','','','','0',1,'2013-12-19 10:17:30',1,'2013-12-19 10:17:30'),(3330,1,NULL,703,NULL,'31465426','2007','2013-12-20 00:00:00','45245','58678','673562451','Свалка','Еще пыхтит',NULL,1,'2013-12-19 19:06:53',1,'2013-12-19 19:06:53'),(3331,1,NULL,704,NULL,'31465422','2007','2013-12-25 00:00:00','452453','586783','6735624541','Свалка №2','Еще пыхтит',NULL,1,'2013-12-19 19:08:26',1,'2013-12-19 19:09:11');
/*!40000 ALTER TABLE `machines` ENABLE KEYS */;
UNLOCK TABLES;

--
-- Table structure for table `manufacturers`
--

DROP TABLE IF EXISTS `manufacturers`;
/*!40101 SET @saved_cs_client     = @@character_set_client */;
/*!40101 SET character_set_client = utf8 */;
CREATE TABLE `manufacturers` (
  `manufacturer_id` int(11) NOT NULL AUTO_INCREMENT,
  `name` varchar(100) DEFAULT NULL,
  `country` varchar(45) DEFAULT NULL,
  `note` text,
  `address` varchar(255) DEFAULT NULL,
  `email` varchar(45) DEFAULT NULL,
  `phone` varchar(45) DEFAULT NULL,
  `archived` varchar(1) DEFAULT NULL,
  `create_user_id` int(11) DEFAULT NULL,
  `create_date` datetime DEFAULT NULL,
  `update_user_id` int(11) DEFAULT NULL,
  `update_date` datetime DEFAULT NULL,
  PRIMARY KEY (`manufacturer_id`)
) ENGINE=InnoDB AUTO_INCREMENT=57 DEFAULT CHARSET=utf8;
/*!40101 SET character_set_client = @saved_cs_client */;

--
-- Dumping data for table `manufacturers`
--

LOCK TABLES `manufacturers` WRITE;
/*!40000 ALTER TABLE `manufacturers` DISABLE KEYS */;
INSERT INTO `manufacturers` VALUES (1,'Рига \"АО Рикон\"','Латвия',NULL,NULL,NULL,NULL,'0',1,'2013-12-11 20:55:16',1,'2013-12-11 20:55:16'),(2,'Кранбау-Эберсвальде','Германия',NULL,NULL,NULL,NULL,'0',1,'2013-12-11 20:55:16',1,'2013-12-11 20:55:16'),(3,'Ганц','Венгрия',NULL,NULL,NULL,NULL,'0',1,'2013-12-11 20:55:16',1,'2013-12-11 20:55:16'),(4,'Тяжмаш','Мариуполь',NULL,NULL,NULL,NULL,'0',1,'2013-12-11 20:55:16',1,'2013-12-11 20:55:16'),(5,'Завод ПТО \"Коммунар\"','Россия',NULL,NULL,NULL,NULL,'0',1,'2013-12-11 20:55:16',1,'2013-12-11 20:55:16'),(6,'Подъемтрансмаш','Россия',NULL,NULL,NULL,NULL,'0',1,'2013-12-11 20:55:16',1,'2013-12-11 20:55:16'),(7,'Коне','Финляндия',NULL,NULL,NULL,NULL,'0',1,'2013-12-11 20:55:16',1,'2013-12-11 20:55:16'),(8,'ОАО\"Подъемтрансмаш\"','Россия',NULL,NULL,NULL,NULL,'0',1,'2013-12-11 20:55:16',1,'2013-12-11 20:55:16'),(9,'Черети-Танфани','Италия',NULL,NULL,NULL,NULL,'0',1,'2013-12-11 20:55:16',1,'2013-12-11 20:55:16'),(10,'Маннесман Дематик',NULL,NULL,NULL,NULL,NULL,'0',1,'2013-12-11 20:55:16',1,'2013-12-11 20:55:16'),(11,'Демаг',NULL,NULL,NULL,NULL,NULL,'0',1,'2013-12-11 20:55:16',1,'2013-12-11 20:55:16'),(12,'Либхерр','Германия',NULL,NULL,NULL,NULL,'0',1,'2013-12-11 20:55:16',1,'2013-12-11 20:55:16'),(13,'Като','Япония',NULL,NULL,NULL,NULL,'0',1,'2013-12-11 20:55:16',1,'2013-12-11 20:55:16'),(14,'Kovelko','Япония',NULL,NULL,NULL,NULL,'0',1,'2013-12-11 20:55:16',1,'2013-12-11 20:55:16'),(15,'Мицубиси','Япония',NULL,NULL,NULL,NULL,'0',1,'2013-12-11 20:55:16',1,'2013-12-11 20:55:16'),(16,'Киров','СССР',NULL,NULL,NULL,NULL,'0',1,'2013-12-11 20:55:16',1,'2013-12-11 20:55:16'),(17,'Кранбау-Эбесвальде','Германия',NULL,NULL,NULL,NULL,'0',1,'2013-12-11 20:55:16',1,'2013-12-11 20:55:16'),(18,'Сумитомо','Япония',NULL,NULL,NULL,NULL,'0',1,'2013-12-11 20:55:16',1,'2013-12-11 20:55:16'),(19,'Хитачи','Япония',NULL,NULL,NULL,NULL,'0',1,'2013-12-11 20:55:16',1,'2013-12-11 20:55:16'),(20,'Балткран','Россия',NULL,NULL,NULL,NULL,'0',1,'2013-12-11 20:55:16',1,'2013-12-11 20:55:16'),(21,'Кальмар','Швеция',NULL,NULL,NULL,NULL,'0',1,'2013-12-11 20:55:16',1,'2013-12-11 20:55:16'),(22,'Пайнер','Германия',NULL,NULL,NULL,NULL,'0',1,'2013-12-11 20:55:16',1,'2013-12-11 20:55:16'),(23,'Noell','Германия',NULL,NULL,NULL,NULL,'0',1,'2013-12-11 20:55:16',1,'2013-12-11 20:55:16'),(24,'Кальмар','Финляндия',NULL,NULL,NULL,NULL,'0',1,'2013-12-11 20:55:16',1,'2013-12-11 20:55:16'),(25,'Кларк','Англия',NULL,NULL,NULL,NULL,'0',1,'2013-12-11 20:55:16',1,'2013-12-11 20:55:16'),(26,'Валмет','Швеция',NULL,NULL,NULL,NULL,'0',1,'2013-12-11 20:55:16',1,'2013-12-11 20:55:16'),(27,'ТСМ','Япония',NULL,NULL,NULL,NULL,'0',1,'2013-12-11 20:55:16',1,'2013-12-11 20:55:16'),(28,'Валмет','Финляндия',NULL,NULL,NULL,NULL,'0',1,'2013-12-11 20:55:16',1,'2013-12-11 20:55:16'),(29,'Вальмет','Финляндия',NULL,NULL,NULL,NULL,'0',1,'2013-12-11 20:55:16',1,'2013-12-11 20:55:16'),(30,'Сису','Финляндия',NULL,NULL,NULL,NULL,'0',1,'2013-12-11 20:55:16',1,'2013-12-11 20:55:16'),(31,'Терберг','Голландия',NULL,NULL,NULL,NULL,'0',1,'2013-12-11 20:55:16',1,'2013-12-11 20:55:16'),(32,'Терберг','Голандия',NULL,NULL,NULL,NULL,'0',1,'2013-12-11 20:55:16',1,'2013-12-11 20:55:16'),(33,'Кальмар',NULL,NULL,NULL,NULL,NULL,'0',1,'2013-12-11 20:55:16',1,'2013-12-11 20:55:16'),(34,'Львовский завод ПТО','Украина',NULL,NULL,NULL,NULL,'0',1,'2013-12-11 20:55:16',1,'2013-12-11 20:55:16'),(35,'Тойета','Япония',NULL,NULL,NULL,NULL,'0',1,'2013-12-11 20:55:16',1,'2013-12-11 20:55:16'),(36,'Тойета',NULL,NULL,NULL,NULL,NULL,'0',1,'2013-12-11 20:55:16',1,'2013-12-11 20:55:16'),(37,'Мицубиси',NULL,NULL,NULL,NULL,NULL,'0',1,'2013-12-11 20:55:16',1,'2013-12-11 20:55:16'),(38,'Коматцу','Япония',NULL,NULL,NULL,NULL,'0',1,'2013-12-11 20:55:16',1,'2013-12-11 20:55:16'),(39,'Ниссан','Япония',NULL,NULL,NULL,NULL,'0',1,'2013-12-11 20:55:16',1,'2013-12-11 20:55:16'),(40,'TCM','Япония',NULL,NULL,NULL,NULL,'0',1,'2013-12-11 20:55:16',1,'2013-12-11 20:55:16'),(41,'Хайстер','Англия',NULL,NULL,NULL,NULL,'0',1,'2013-12-11 20:55:16',1,'2013-12-11 20:55:16'),(42,'Босс-трак',NULL,NULL,NULL,NULL,NULL,'0',1,'2013-12-11 20:55:16',1,'2013-12-11 20:55:16'),(43,'Юнгхайнрих','Германия',NULL,NULL,NULL,NULL,'0',1,'2013-12-11 20:55:16',1,'2013-12-11 20:55:16'),(44,'Мелрол','Бельгия',NULL,NULL,NULL,NULL,'0',1,'2013-12-11 20:55:16',1,'2013-12-11 20:55:16'),(45,'WestFargo','США',NULL,NULL,NULL,NULL,'0',1,'2013-12-11 20:55:16',1,'2013-12-11 20:55:16'),(46,'Камацу','Япония',NULL,NULL,NULL,NULL,'0',1,'2013-12-11 20:55:16',1,'2013-12-11 20:55:16'),(47,'Тойота','Япония',NULL,NULL,NULL,NULL,'0',1,'2013-12-11 20:55:16',1,'2013-12-11 20:55:16'),(48,'Детва','Чехословакия',NULL,NULL,NULL,NULL,'0',1,'2013-12-11 20:55:16',1,'2013-12-11 20:55:16'),(49,'Тоета','Япония',NULL,NULL,NULL,NULL,'0',1,'2013-12-11 20:55:16',1,'2013-12-11 20:55:16'),(50,'Вольво','Швеция',NULL,NULL,NULL,NULL,'0',1,'2013-12-11 20:55:16',1,'2013-12-11 20:55:16'),(51,'Челябинский завод','Poccия',NULL,NULL,NULL,NULL,'0',1,'2013-12-11 20:55:16',1,'2013-12-11 20:55:16'),(52,'Сиком','Швейцария',NULL,NULL,NULL,NULL,'0',1,'2013-12-11 20:55:16',1,'2013-12-11 20:55:16'),(53,'Сиком','Польша',NULL,NULL,NULL,NULL,'0',1,'2013-12-11 20:55:16',1,'2013-12-11 20:55:16'),(54,'Bleste','Латвия',NULL,NULL,NULL,NULL,'0',1,'2013-12-11 20:55:16',1,'2013-12-11 20:55:16'),(55,'Нидерланды',NULL,NULL,NULL,NULL,NULL,'0',1,'2013-12-11 20:55:16',1,'2013-12-11 20:55:16'),(56,'Завод КОММАШ, Мценск',NULL,NULL,NULL,NULL,NULL,'0',1,'2013-12-11 20:55:16',1,'2013-12-11 20:55:16');
/*!40000 ALTER TABLE `manufacturers` ENABLE KEYS */;
UNLOCK TABLES;

--
-- Table structure for table `models`
--

DROP TABLE IF EXISTS `models`;
/*!40101 SET @saved_cs_client     = @@character_set_client */;
/*!40101 SET character_set_client = utf8 */;
CREATE TABLE `models` (
  `model_id` int(11) NOT NULL AUTO_INCREMENT,
  `group_id` int(11) DEFAULT NULL,
  `manufacturer_id` int(11) DEFAULT NULL,
  `name` varchar(60) DEFAULT NULL,
  `details` varchar(250) DEFAULT NULL,
  `note` text,
  `archived` varchar(1) DEFAULT NULL,
  `create_user_id` int(11) DEFAULT NULL,
  `create_date` datetime DEFAULT NULL,
  `update_user_id` int(11) DEFAULT NULL,
  `update_date` datetime DEFAULT NULL,
  PRIMARY KEY (`model_id`)
) ENGINE=InnoDB AUTO_INCREMENT=705 DEFAULT CHARSET=utf8;
/*!40101 SET character_set_client = @saved_cs_client */;

--
-- Dumping data for table `models`
--

LOCK TABLES `models` WRITE;
/*!40000 ALTER TABLE `models` DISABLE KEYS */;
INSERT INTO `models` VALUES (1,1,1,'АИСТ16/20/32тн, вылет 32-8 м','Крюк:16тн-32м, 20тн-25м, 32тн-16м. Грейфер: 16тн-32м',NULL,'0',1,'2013-12-11 20:55:26',1,'2013-12-11 20:55:26'),(2,1,2,'АЛЬБРЕХТ   10/20тн','Крюк:10тн-32м,20тн-16м. Грейфер:10тн-32м,Колея 10,5м',NULL,'0',1,'2013-12-11 20:55:26',1,'2013-12-11 20:55:26'),(3,1,2,'АЛЬБРЕХТ   10/20тн,колея 15,3м','Крюк:10тн-32м,20тн-16м.Грейфер:10тн-32м.Колея 15,3м',NULL,'0',1,'2013-12-11 20:55:26',1,'2013-12-11 20:55:26'),(4,1,2,'АЛЬБАТРОС  10/20тн','Крюк:10тн-32м,20тн-16м.Грейфер:10тн-32м.Колея 10,5м',NULL,'0',1,'2013-12-11 20:55:26',1,'2013-12-11 20:55:26'),(5,1,2,'АЛЬБАТРОС  10/20тн,колея 15,3м','Крюк:10тн-32м,20тн-16м.Грейфер:10тн-32м.Колея 15,3м',NULL,'0',1,'2013-12-11 20:55:26',1,'2013-12-11 20:55:26'),(6,1,2,'АЛЬБАТРОС  10/20тн,колея 20,7м','Крюк:10тн-32м,20тн-16м.Грейфер:10тн-32м.Колея 20,7м',NULL,'0',1,'2013-12-11 20:55:26',1,'2013-12-11 20:55:26'),(7,1,2,'АТЛАНТ 16/20/32/40тн','Крюк:20тн-40м,25тн-32м.Грейфер:16тн-40м.Колея 10,5м',NULL,'0',1,'2013-12-11 20:55:26',1,'2013-12-11 20:55:26'),(8,1,2,'АТЛАНТ 16/20/32/40тн   колея 15,3м','Крюк:20тн-40м,25тн-32м.Грейфер:16тн-40м.Колея 15,3м',NULL,'0',1,'2013-12-11 20:55:26',1,'2013-12-11 20:55:26'),(9,1,3,'ГАНЦ 16/27,5тн','Крюк:16тн-33м,27,5тн-21м.Грейфер:16тн-33м.Колея 10,5м',NULL,'0',1,'2013-12-11 20:55:26',1,'2013-12-11 20:55:26'),(10,1,3,'ГАНЦ 5/6тн,30m','Крюк:6тн-30м.Грейфер:5тн-30м.Колея 10,5м',NULL,'0',1,'2013-12-11 20:55:26',1,'2013-12-11 20:55:26'),(11,1,3,'ГАНЦ 5/6тн,30m,колея 15,3м','Крюк:6тн-30м.Грейфер:5тн-30м.Колея 15,3м',NULL,'0',1,'2013-12-11 20:55:26',1,'2013-12-11 20:55:26'),(12,1,3,'ГАНЦ 5/6тн,30m,колея 18,3м','Крюк:6тн-30м.Грейфер:5тн-30м.Колея 18,3м',NULL,'0',1,'2013-12-11 20:55:26',1,'2013-12-11 20:55:26'),(13,1,1,'ГАНЦ 5/6тн,30m,колея 18,3м','Крюк:6тн-30м.Грейфер:5тн-30м.Колея 18,3м',NULL,'0',1,'2013-12-11 20:55:26',1,'2013-12-11 20:55:26'),(14,1,3,'ГАНЦ 5/6тн,30m,колея 20,7м','Крюк:6тн-30м.Грейфер:5тн-30м.Колея 20,7м',NULL,'0',1,'2013-12-11 20:55:26',1,'2013-12-11 20:55:26'),(15,1,3,'ГАНЦ 5/6тн,32m','Крюк:6тн-32м.Грейфер:5тн-32м.Колея 10,5м',NULL,'0',1,'2013-12-11 20:55:26',1,'2013-12-11 20:55:26'),(16,1,3,'ГАНЦ 5тн','Крюк:5тн-25м.Грейфер:5тн-25м.Колея 10,5м',NULL,'0',1,'2013-12-11 20:55:26',1,'2013-12-11 20:55:26'),(17,1,4,'ЖДАНОВЕЦ КПМ-32-10,5   32тн','Крюк:32тн-32м.Грейфер:25тн-32м.Колея 10,5м',NULL,'0',1,'2013-12-11 20:55:26',1,'2013-12-11 20:55:26'),(18,1,5,'КОММУНАР  5тн','Крюк:5тн-25м.Грейфер:5тн-25м.Колея 10,5м',NULL,'0',1,'2013-12-11 20:55:26',1,'2013-12-11 20:55:26'),(19,1,6,'КИРОВЕЦ КПП10(12,5)','Крюк:12,5тн-30м.Грейфер:10тн-30м.Колея 10,5м',NULL,'0',1,'2013-12-11 20:55:26',1,'2013-12-11 20:55:26'),(20,1,6,'КИРОВЕЦ КПП10,60-66г','Крюк:10тн-30м.Грейфер:10тн-30м.Колея 10,5м',NULL,'0',1,'2013-12-11 20:55:26',1,'2013-12-11 20:55:26'),(21,1,6,'КИРОВЕЦ КПП10,67-79г','Крюк:10тн-30м.Грейфер:10тн-30м.Колея 10,5м',NULL,'0',1,'2013-12-11 20:55:26',1,'2013-12-11 20:55:26'),(22,1,6,'КИРОВЕЦ КПП15','Крюк:15тн-30м.Грейфер:15тн-30м.Колея 10,5м',NULL,'0',1,'2013-12-11 20:55:26',1,'2013-12-11 20:55:26'),(23,1,6,'КИРОВЕЦ КПП16','Крюк:16тн-30м.Грейфер:16тн-30м.Колея 10,5м',NULL,'0',1,'2013-12-11 20:55:26',1,'2013-12-11 20:55:26'),(24,1,6,'КИРОВЕЦ КПП16(20)','Крюк:20тн-30м.Грейфер:16тн-30м.Колея 10,5м',NULL,'0',1,'2013-12-11 20:55:26',1,'2013-12-11 20:55:26'),(25,1,2,'КОНДОР 16/32/40тн','Крюк:32тн-32м,40тн-25м.Грейфер:16тн-32м.Колея 10,5м',NULL,'0',1,'2013-12-11 20:55:26',1,'2013-12-11 20:55:26'),(26,1,2,'КОНДОР 16/32/40тн,колея 15,3м','Крюк:32тн-32м,40тн-25м.Грейфер:16тн-32м.Колея 15,3м',NULL,'0',1,'2013-12-11 20:55:26',1,'2013-12-11 20:55:26'),(27,1,7,'КОНЕ   16/20/32тн','Крюк:20тн-32м.Грейфер:16тн-32м.Колея 10,5м',NULL,'0',1,'2013-12-11 20:55:26',1,'2013-12-11 20:55:26'),(28,1,8,'НОВОРОССИЕЦ КПП16(32/40)','Крюк:32тн-32м, 50тн-21м; Грейфер:16тн - 32м.',NULL,'0',1,'2013-12-11 20:55:26',1,'2013-12-11 20:55:26'),(29,1,2,'СОКОЛ  16/20/32тн','Крюк:16тн-32м,20тн-25м.Грейфер:16тн-32м.Колея 10,5м',NULL,'0',1,'2013-12-11 20:55:26',1,'2013-12-11 20:55:26'),(30,1,2,'СОКОЛ  16/20/32тн,колея 15,3м','Крюк:16тн-32м,20тн-25м.Грейфер:16тн-32м.Колея 15,3м',NULL,'0',1,'2013-12-11 20:55:26',1,'2013-12-11 20:55:26'),(31,1,2,'ЧАЙКА  10/20тн,колея 28,3м','Крюк:10тн-32м,20тн-16м.Грейфер:10тн-32м.Колея 28,3м',NULL,'0',1,'2013-12-11 20:55:26',1,'2013-12-11 20:55:26'),(32,1,9,'ЧЕРЕТТИ-ТАНФАНИ 15тн','Крюк:15тн-32м.Грейфер:15тн-32м.Колея 10,5м',NULL,'0',1,'2013-12-11 20:55:26',1,'2013-12-11 20:55:26'),(33,1,2,'АНС1000 \"ФЕНИКС\"  28\\32\\40\\50тн',NULL,NULL,'0',1,'2013-12-11 20:55:26',1,'2013-12-11 20:55:26'),(34,2,1,'ГОТВАЛЬД HMK 170-E    45/63 тн',NULL,NULL,'0',1,'2013-12-11 20:55:26',1,'2013-12-11 20:55:26'),(35,2,1,'ГОТВАЛЬД  HSK  170 EG  63 тн','Зависимость груз.-вылет см. паспорт крана',NULL,'0',1,'2013-12-11 20:55:26',1,'2013-12-11 20:55:26'),(36,2,1,'ГОТВАЛЬД HSK 170 EG  65,6тн (Спец)',NULL,NULL,'0',1,'2013-12-11 20:55:26',1,'2013-12-11 20:55:26'),(37,3,1,'ГОТВАЛЬД  HMK  170 EG  45/63 тн','Зависимость груз.-вылет см. паспорт крана',NULL,'0',1,'2013-12-11 20:55:26',1,'2013-12-11 20:55:26'),(38,3,1,'HMK  280-E     100тн','Зависимость груз.-вылет см. паспорт крана',NULL,'0',1,'2013-12-11 20:55:26',1,'2013-12-11 20:55:26'),(39,3,1,'ГОТВАЛЬД  HMK  260-E  45/80 тн',NULL,NULL,'0',1,'2013-12-11 20:55:26',1,'2013-12-11 20:55:26'),(40,28,1,' ЛИБХЕР',NULL,NULL,'0',1,'2013-12-11 20:55:26',1,'2013-12-11 20:55:26'),(41,3,1,'ЛИБХЕР LHM-150    40тн , вылет 10.5 - 32 м',NULL,NULL,'0',1,'2013-12-11 20:55:26',1,'2013-12-11 20:55:26'),(42,3,1,'ЛИБХЕР LHM-250    64тн , вылет 10.5 - 38 м',NULL,NULL,'0',1,'2013-12-11 20:55:26',1,'2013-12-11 20:55:26'),(43,3,12,'ЛИБХЕР LHM-400  104тн , вылет 10.5 - 48 м','Зависимость груз.-вылет см. паспорт крана',NULL,'0',1,'2013-12-11 20:55:26',1,'2013-12-11 20:55:26'),(44,4,1,'СЕННЕБОГЕН 870М-КМ      5тн, 23м','Грузоподъемность 5тн, вылет 23 м',NULL,'0',1,'2013-12-11 20:55:26',1,'2013-12-11 20:55:26'),(45,4,13,'КАТО      2.92тн',NULL,NULL,'0',1,'2013-12-11 20:55:26',1,'2013-12-11 20:55:26'),(46,5,14,'КАВЕЛКО  RK-250-25т','',NULL,'0',1,'2013-12-11 20:55:26',1,'2013-12-11 20:55:26'),(47,5,1,'КАТО                30тн',NULL,NULL,'0',1,'2013-12-11 20:55:26',1,'2013-12-11 20:55:26'),(48,5,1,'КАТО NK-200S-2   20/6,5тн',NULL,NULL,'0',1,'2013-12-11 20:55:26',1,'2013-12-11 20:55:26'),(49,5,1,'КАТО NK-500S  50тн','Гп.50тн',NULL,'0',1,'2013-12-11 20:55:26',1,'2013-12-11 20:55:26'),(50,5,15,'КАТО NK-450S  40/8тн','Гп.40тн',NULL,'0',1,'2013-12-11 20:55:26',1,'2013-12-11 20:55:26'),(51,5,15,'КАТО NK-500MS  50/12тн','Гп.50тн',NULL,'0',1,'2013-12-11 20:55:26',1,'2013-12-11 20:55:26'),(52,5,1,'КС 4361К          16тн',NULL,NULL,'0',1,'2013-12-11 20:55:26',1,'2013-12-11 20:55:26'),(53,5,1,'КC-5363            25тн',NULL,NULL,'0',1,'2013-12-11 20:55:26',1,'2013-12-11 20:55:26'),(54,5,1,'ЛИБХЕР',NULL,NULL,'0',1,'2013-12-11 20:55:26',1,'2013-12-11 20:55:26'),(55,5,1,'ЛИБХЕРР LTM 1055\\1   55,0т','',NULL,'0',1,'2013-12-11 20:55:26',1,'2013-12-11 20:55:26'),(56,5,1,'ЛИБХЕР LHM-150    40тн , вылет 10.5 - 32 м',NULL,NULL,'0',1,'2013-12-11 20:55:26',1,'2013-12-11 20:55:26'),(57,5,1,'RK-450 KOBELKO  40тн',NULL,NULL,'0',1,'2013-12-11 20:55:26',1,'2013-12-11 20:55:26'),(58,5,1,'МКАТ-40 РСФ  40тн','Не нашел!!!',NULL,'0',1,'2013-12-11 20:55:26',1,'2013-12-11 20:55:26'),(59,5,1,'ТАДАНО TR-300EX 30тн',NULL,NULL,'0',1,'2013-12-11 20:55:26',1,'2013-12-11 20:55:26'),(60,5,1,'ТАДАНО TL-200E  20тн',NULL,NULL,'0',1,'2013-12-11 20:55:26',1,'2013-12-11 20:55:26'),(61,5,1,'КУБОТА КМ-3520  20/10тн','Не нашел!!!',NULL,'0',1,'2013-12-11 20:55:26',1,'2013-12-11 20:55:26'),(62,5,1,'ТАДАНО КМ-3520  20/3тн',NULL,NULL,'0',1,'2013-12-11 20:55:26',1,'2013-12-11 20:55:26'),(63,6,1,'КС-2561К  6,3тн',NULL,NULL,'0',1,'2013-12-11 20:55:26',1,'2013-12-11 20:55:26'),(64,6,1,'КС-2561Е              6,3тн',NULL,NULL,'0',1,'2013-12-11 20:55:26',1,'2013-12-11 20:55:26'),(65,6,1,'КС-2561Д             6,3тн','Не  нашел !!!',NULL,'0',1,'2013-12-11 20:55:26',1,'2013-12-11 20:55:26'),(66,6,1,'КС-3562             10тн',NULL,NULL,'0',1,'2013-12-11 20:55:26',1,'2013-12-11 20:55:26'),(67,6,1,'КС-3575   10тн',NULL,NULL,'0',1,'2013-12-11 20:55:26',1,'2013-12-11 20:55:26'),(68,6,1,'КС-3575А    10,0тн',NULL,NULL,'0',1,'2013-12-11 20:55:26',1,'2013-12-11 20:55:26'),(69,6,1,'КС-3577             12,5тн',NULL,NULL,'0',1,'2013-12-11 20:55:26',1,'2013-12-11 20:55:26'),(70,6,1,'КС-3577-3   10,0тн',NULL,NULL,'0',1,'2013-12-11 20:55:26',1,'2013-12-11 20:55:26'),(71,6,1,'К-161                 16тн','Не нашел!!!',NULL,'0',1,'2013-12-11 20:55:26',1,'2013-12-11 20:55:26'),(72,6,1,'КC-4361  16тн',NULL,NULL,'0',1,'2013-12-11 20:55:26',1,'2013-12-11 20:55:26'),(73,6,1,'КC-4572   16тн (на шасси КАМАЗ)',NULL,NULL,'0',1,'2013-12-11 20:55:26',1,'2013-12-11 20:55:26'),(74,6,1,'КC-35715-1   14 тн (на шасси МАЗ)',NULL,NULL,'0',1,'2013-12-11 20:55:26',1,'2013-12-11 20:55:26'),(75,6,1,'\"Ивановец\"       14тн',NULL,NULL,'0',1,'2013-12-11 20:55:26',1,'2013-12-11 20:55:26'),(76,7,1,'Железнодорожный кран',NULL,NULL,'0',1,'2013-12-11 20:55:26',1,'2013-12-11 20:55:26'),(77,8,1,'СУМИТОМО  63,5тн',NULL,NULL,'0',1,'2013-12-11 20:55:26',1,'2013-12-11 20:55:26'),(78,8,1,'ДИЕР-61         8/2,8тн','Не нашел!!!',NULL,'0',1,'2013-12-11 20:55:26',1,'2013-12-11 20:55:26'),(79,8,1,'ДИЕР-65  12,5тн',NULL,NULL,'0',1,'2013-12-11 20:55:26',1,'2013-12-11 20:55:26'),(80,8,1,'ДИЕР-65-1    16/2,8тн',NULL,NULL,'0',1,'2013-12-11 20:55:26',1,'2013-12-11 20:55:26'),(81,8,1,'РДК-160-2  16тн',NULL,NULL,'0',1,'2013-12-11 20:55:26',1,'2013-12-11 20:55:26'),(82,8,1,'РДК-160-3     21тн',NULL,NULL,'0',1,'2013-12-11 20:55:26',1,'2013-12-11 20:55:26'),(83,8,1,'РДК-165      16тн','Не нашел!!!',NULL,'0',1,'2013-12-11 20:55:26',1,'2013-12-11 20:55:26'),(84,8,1,'РДК-250       25тн',NULL,NULL,'0',1,'2013-12-11 20:55:26',1,'2013-12-11 20:55:26'),(85,8,1,'РДК-250-3  25тн',NULL,NULL,'0',1,'2013-12-11 20:55:26',1,'2013-12-11 20:55:26'),(86,8,1,'РДК-250-2  25тн',NULL,NULL,'0',1,'2013-12-11 20:55:26',1,'2013-12-11 20:55:26'),(87,8,1,'ДЭК-251     25тн',NULL,NULL,'0',1,'2013-12-11 20:55:26',1,'2013-12-11 20:55:26'),(88,8,1,'Э-1258  13,9тн',NULL,NULL,'0',1,'2013-12-11 20:55:26',1,'2013-12-11 20:55:26'),(89,8,1,'НОРДЕСТ  5,0тн',NULL,NULL,'0',1,'2013-12-11 20:55:26',1,'2013-12-11 20:55:26'),(90,8,16,'КДЭ-163     16тн',NULL,NULL,'0',1,'2013-12-11 20:55:26',1,'2013-12-11 20:55:26'),(91,8,1,'ДЭК-251     25тн',NULL,NULL,'0',1,'2013-12-11 20:55:26',1,'2013-12-11 20:55:26'),(92,9,1,'БЛЕЙХАРТ   50 тн',NULL,NULL,'0',1,'2013-12-11 20:55:26',1,'2013-12-11 20:55:26'),(93,9,17,'БЛЕЙХАРТ   15 тн','Самоходный.Гп.15тн на вылетах от 25 до 8м.',NULL,'0',1,'2013-12-11 20:55:26',1,'2013-12-11 20:55:26'),(94,9,1,'БОГАТЫРЬ-4  300/100 тн','Гп.300/100тн. Вылет',NULL,'0',1,'2013-12-11 20:55:26',1,'2013-12-11 20:55:26'),(95,9,1,'ВИЛЕЙ  90/25 тн','Гп.90/25тн. Вылет',NULL,'0',1,'2013-12-11 20:55:26',1,'2013-12-11 20:55:26'),(96,9,3,'ГАНЦ  100/25 тн','Гп.100/25тн.',NULL,'0',1,'2013-12-11 20:55:26',1,'2013-12-11 20:55:26'),(97,9,3,'ГАНЦ  16 тн','Гп.16тн.  Вылет',NULL,'0',1,'2013-12-11 20:55:26',1,'2013-12-11 20:55:26'),(98,9,1,'КПл 5-30','Гп.5тн. Вылет',NULL,'0',1,'2013-12-11 20:55:26',1,'2013-12-11 20:55:26'),(99,9,1,'СПК   35/25 тн','Гп.35/25тн. Вылет',NULL,'0',1,'2013-12-11 20:55:26',1,'2013-12-11 20:55:26'),(100,9,1,'ЧЕРНОМОРЕЦ  ?? тн',NULL,NULL,'0',1,'2013-12-11 20:55:26',1,'2013-12-11 20:55:26'),(101,9,1,'СЕВАСТОПОЛЕЦ-1  140/32тн',NULL,NULL,'0',1,'2013-12-11 20:55:26',1,'2013-12-11 20:55:26'),(102,9,1,'ДРАВО 91тн','Гп.91тн',NULL,'0',1,'2013-12-11 20:55:26',1,'2013-12-11 20:55:26'),(103,10,18,'СУМИТОМО 16/20/32тн,колея 63м',NULL,NULL,'0',1,'2013-12-11 20:55:26',1,'2013-12-11 20:55:26'),(104,10,1,'MITSUBISHI 20тн,колея 63м','Гп.20тн.',NULL,'0',1,'2013-12-11 20:55:26',1,'2013-12-11 20:55:26'),(105,10,1,'ТАКРАФ (лесной) 10/20тн',NULL,NULL,'0',1,'2013-12-11 20:55:26',1,'2013-12-11 20:55:26'),(106,11,7,'КОНЕ  STS   50/60 тн','Гп. 50/60 тн',NULL,'0',1,'2013-12-11 20:55:26',1,'2013-12-11 20:55:26'),(107,11,7,'КОНЕ  30,5тн','Гп.30,5тн.Вылет морской консоли от берегового рельса -36м',NULL,'0',1,'2013-12-11 20:55:26',1,'2013-12-11 20:55:26'),(108,11,1,'П.ФРЕЛИХ  30,5тн','Гп.30,5тн.Вылет морской консоли от берегового рельса-',NULL,'0',1,'2013-12-11 20:55:26',1,'2013-12-11 20:55:26'),(109,11,1,'CCР  30,5тн','Гп.30,5тн.Вылет морской консоли от берегового рельса -',NULL,'0',1,'2013-12-11 20:55:26',1,'2013-12-11 20:55:26'),(110,11,19,'ХИТАЧИ  30,5тн','Гп.30,5тн.Вылет морской консоли от берегового рельса -36м',NULL,'0',1,'2013-12-11 20:55:26',1,'2013-12-11 20:55:26'),(111,11,1,'ПОРТЕЙНЕР 30,5тн',NULL,NULL,'0',1,'2013-12-11 20:55:26',1,'2013-12-11 20:55:26'),(112,12,7,'КОНЕ для ж.д. фронта  30,5тн','Гп.30,5тн.Колея 15,3м',NULL,'0',1,'2013-12-11 20:55:26',1,'2013-12-11 20:55:26'),(113,12,1,'П.ФРЕЛИХ для ж.д. фронта  30,5тн','Гп.30,5тн.Колея-',NULL,'0',1,'2013-12-11 20:55:26',1,'2013-12-11 20:55:26'),(114,12,1,'ТАКРАФ для склада  30,5тн','Гп.30,5тн.Колея-',NULL,'0',1,'2013-12-11 20:55:26',1,'2013-12-11 20:55:26'),(115,12,7,'КОНЕ для склада  30,5тн','Гп.30,5тн.Колея-63,0м',NULL,'0',1,'2013-12-11 20:55:26',1,'2013-12-11 20:55:26'),(116,12,20,'МККС-42К               30,5тн',NULL,NULL,'0',1,'2013-12-11 20:55:26',1,'2013-12-11 20:55:26'),(117,12,1,'Транстейнер 30,5тн',NULL,NULL,'0',1,'2013-12-11 20:55:26',1,'2013-12-11 20:55:26'),(118,12,1,'IHI 30,5тн',NULL,NULL,'0',1,'2013-12-11 20:55:26',1,'2013-12-11 20:55:26'),(119,12,21,'KALMAR RTG 402318-2040  40,6тн','Гп.40,6тн',NULL,'0',1,'2013-12-11 20:55:26',1,'2013-12-11 20:55:26'),(120,12,1,'ККК-20     20тн',NULL,NULL,'0',1,'2013-12-11 20:55:26',1,'2013-12-11 20:55:26'),(121,12,1,'ККК  32,5 тн , колея 32 м.',NULL,NULL,'0',1,'2013-12-11 20:55:26',1,'2013-12-11 20:55:26'),(122,12,1,'ККС-10        10тн.',NULL,NULL,'0',1,'2013-12-11 20:55:26',1,'2013-12-11 20:55:26'),(124,14,22,' ПАЙНЕР РРН-33Д 30,5тн','Гп.30,5тн.Высота подъема-8,45м',NULL,'0',1,'2013-12-11 20:55:26',1,'2013-12-11 20:55:26'),(125,14,22,' ПАЙНЕР РРН-33С 30,5тн','Гп.30,5тн.Высота подъема-',NULL,'0',1,'2013-12-11 20:55:26',1,'2013-12-11 20:55:26'),(126,14,23,'NOELL PPH 434-TSW  40тн','Гп.40тн',NULL,'0',1,'2013-12-11 20:55:26',1,'2013-12-11 20:55:26'),(127,14,24,'Кальмар CSC  340  40тн','Гп.40тн',NULL,'0',1,'2013-12-11 20:55:26',1,'2013-12-11 20:55:26'),(128,14,21,'SYSU АКВ-4010335-80-m   40тн','Гп.40тн',NULL,'0',1,'2013-12-11 20:55:26',1,'2013-12-11 20:55:26'),(129,14,25,' КЛАРК 520/11 30,5тн','Гп.30,5тн.Высота подъема-',NULL,'0',1,'2013-12-11 20:55:26',1,'2013-12-11 20:55:26'),(130,14,26,' VALMET  LU 3510235-78-T  30,5тн','Гп.30,5тн.',NULL,'0',1,'2013-12-11 20:55:26',1,'2013-12-11 20:55:26'),(131,14,27,' ССД 300              30,5тн','Гп.30,5тн.Высота подъема-9,025м',NULL,'0',1,'2013-12-11 20:55:26',1,'2013-12-11 20:55:26'),(132,14,15,'MITSUBISHI VSC-4033TС 30,5тн','Гп.30.5тн.Высота подъема-8,9м',NULL,'0',1,'2013-12-11 20:55:26',1,'2013-12-11 20:55:26'),(133,15,1,'Контейнер. погрузчик Рич Стакер DRD 100-52S6    10тн',NULL,NULL,'0',1,'2013-12-11 20:55:26',1,'2013-12-11 20:55:26'),(134,15,21,'Контейнер. погрузчик  Рич Стакер DRD 420-65S5X  42тн','Гп.42тн',NULL,'0',1,'2013-12-11 20:55:26',1,'2013-12-11 20:55:26'),(135,15,28,'Погрузчик Кальмар Рич Стакер DCD420-60 S5   42,0тн','Гп.42тн',NULL,'0',1,'2013-12-11 20:55:26',1,'2013-12-11 20:55:26'),(136,15,28,'Контейнер. погрузчик Рич Стакер DRS 4527-S5  45тн','Гп.45тн',NULL,'0',1,'2013-12-11 20:55:26',1,'2013-12-11 20:55:26'),(137,15,1,'Контейнер. погрузчик Рич Стакер RSD 4527       45тн','Гп.45тн',NULL,'0',1,'2013-12-11 20:55:26',1,'2013-12-11 20:55:26'),(138,15,29,'Контейнер. погрузчик Рич Стакер 4120-5TL  41тн','Гп.41тн',NULL,'0',1,'2013-12-11 20:55:26',1,'2013-12-11 20:55:26'),(139,15,21,'Контейнер. погрузчик Рич Стакер RSD 4531       45тн','Гп.45тн',NULL,'0',1,'2013-12-11 20:55:26',1,'2013-12-11 20:55:26'),(140,15,1,'Погрузчик Фантуччи Рич Стакер  CS45KM              45,0тн',NULL,NULL,'0',1,'2013-12-11 20:55:26',1,'2013-12-11 20:55:26'),(141,15,1,'SMV              12тн',NULL,NULL,'0',1,'2013-12-11 20:55:26',1,'2013-12-11 20:55:26'),(142,15,1,'SMV              42тн',NULL,NULL,'0',1,'2013-12-11 20:55:26',1,'2013-12-11 20:55:26'),(143,15,1,'TOYOTA  FD-250     25тн',NULL,NULL,'0',1,'2013-12-11 20:55:26',1,'2013-12-11 20:55:26'),(144,15,1,'TOYOTA  JG55-2FD180V    18тн',NULL,NULL,'0',1,'2013-12-11 20:55:26',1,'2013-12-11 20:55:26'),(145,15,1,'TOYOTA  FD               13,5тн',NULL,NULL,'0',1,'2013-12-11 20:55:26',1,'2013-12-11 20:55:26'),(146,15,1,'TOETA FD 100-F50  10тн',NULL,NULL,'0',1,'2013-12-11 20:55:26',1,'2013-12-11 20:55:26'),(147,15,1,'TOYOTA  FD-100-50    10тн',NULL,NULL,'0',1,'2013-12-11 20:55:26',1,'2013-12-11 20:55:26'),(148,15,1,'TOYOTA  FD-100-FV    10тн',NULL,NULL,'0',1,'2013-12-11 20:55:26',1,'2013-12-11 20:55:26'),(149,15,1,'TOYOTA  FD-100        10тн',NULL,NULL,'0',1,'2013-12-11 20:55:26',1,'2013-12-11 20:55:26'),(150,15,1,'TOYOTA  2FD-100      10тн',NULL,NULL,'0',1,'2013-12-11 20:55:26',1,'2013-12-11 20:55:26'),(151,15,1,'TOYOTA  2FD115       10тн',NULL,NULL,'0',1,'2013-12-11 20:55:26',1,'2013-12-11 20:55:26'),(152,15,1,'TOETA 2 FD100-FV  10,0тн',NULL,NULL,'0',1,'2013-12-11 20:55:26',1,'2013-12-11 20:55:26'),(153,15,1,'TOYOTA  3FD115       10тн',NULL,NULL,'0',1,'2013-12-11 20:55:26',1,'2013-12-11 20:55:26'),(154,15,1,'KALMAR DC12-1200      12тн',NULL,NULL,'0',1,'2013-12-11 20:55:26',1,'2013-12-11 20:55:26'),(155,15,1,'KALMAR DCD120-6       12тн',NULL,NULL,'0',1,'2013-12-11 20:55:26',1,'2013-12-11 20:55:26'),(156,15,1,'KALMAR DCD136-6       13 ,6тн',NULL,NULL,'0',1,'2013-12-11 20:55:26',1,'2013-12-11 20:55:26'),(157,15,1,'KALMAR DCD 160-12     16тн',NULL,NULL,'0',1,'2013-12-11 20:55:26',1,'2013-12-11 20:55:26'),(158,15,1,'KALMAR DCD200-12    20тн',NULL,NULL,'0',1,'2013-12-11 20:55:26',1,'2013-12-11 20:55:26'),(159,15,1,'KALMAR DCD250-12     25тн',NULL,NULL,'0',1,'2013-12-11 20:55:26',1,'2013-12-11 20:55:26'),(160,15,1,'KALMAR DC28 RoRo    28тн',NULL,NULL,'0',1,'2013-12-11 20:55:26',1,'2013-12-11 20:55:26'),(161,15,1,'KALMAR DC28 -1200  28тн',NULL,NULL,'0',1,'2013-12-11 20:55:26',1,'2013-12-11 20:55:26'),(162,15,1,'KALMAR DCD 370-12  37тн',NULL,NULL,'0',1,'2013-12-11 20:55:26',1,'2013-12-11 20:55:26'),(163,15,1,'KALMAR DC42-1200    42тн',NULL,NULL,'0',1,'2013-12-11 20:55:26',1,'2013-12-11 20:55:26'),(164,15,1,'KALMAR   16тн',NULL,NULL,'0',1,'2013-12-11 20:55:26',1,'2013-12-11 20:55:26'),(165,15,1,'KALMAR   20тн',NULL,NULL,'0',1,'2013-12-11 20:55:26',1,'2013-12-11 20:55:26'),(166,15,1,'KALMAR   28тн',NULL,NULL,'0',1,'2013-12-11 20:55:26',1,'2013-12-11 20:55:26'),(167,15,1,'KALMAR   10тн',NULL,NULL,'0',1,'2013-12-11 20:55:26',1,'2013-12-11 20:55:26'),(168,15,1,'KALMAR   41тн',NULL,NULL,'0',1,'2013-12-11 20:55:26',1,'2013-12-11 20:55:26'),(169,15,1,'KALMAR   45тн',NULL,NULL,'0',1,'2013-12-11 20:55:26',1,'2013-12-11 20:55:26'),(170,15,1,'KALMAR  DCE 160-12     16тн',NULL,NULL,'0',1,'2013-12-11 20:55:26',1,'2013-12-11 20:55:26'),(171,15,1,'KALMAR   25тн',NULL,NULL,'0',1,'2013-12-11 20:55:26',1,'2013-12-11 20:55:26'),(172,15,1,'KALMAR   32тн',NULL,NULL,'0',1,'2013-12-11 20:55:26',1,'2013-12-11 20:55:26'),(173,15,1,' KALMAR  DCD 180-12      28тн',NULL,NULL,'0',1,'2013-12-11 20:55:26',1,'2013-12-11 20:55:26'),(174,15,1,' KALMAR  DCD 280-12     28тн',NULL,NULL,'0',1,'2013-12-11 20:55:26',1,'2013-12-11 20:55:26'),(175,15,1,' KALMAR  DCD 250-12LB     25тн',NULL,NULL,'0',1,'2013-12-11 20:55:26',1,'2013-12-11 20:55:26'),(176,15,1,' KALMAR  DCD 320-12LB     32тн',NULL,NULL,'0',1,'2013-12-11 20:55:26',1,'2013-12-11 20:55:26'),(177,15,1,' KALMAR  DCD 320-12     32тн',NULL,NULL,'0',1,'2013-12-11 20:55:26',1,'2013-12-11 20:55:26'),(178,15,1,'KALMAR  DCE 100-6      10тн',NULL,NULL,'0',1,'2013-12-11 20:55:26',1,'2013-12-11 20:55:26'),(179,15,1,'KALMAR  DCD 100-6      10тн',NULL,NULL,'0',1,'2013-12-11 20:55:26',1,'2013-12-11 20:55:26'),(180,15,1,'LMV KALMAR DC 10-600     10,0тн',NULL,NULL,'0',1,'2013-12-11 20:55:26',1,'2013-12-11 20:55:26'),(181,15,1,'KOMATSU FD-100-5   10,0тн',NULL,NULL,'0',1,'2013-12-11 20:55:26',1,'2013-12-11 20:55:26'),(182,15,1,'KOMATSU FD-100      10,0тн',NULL,NULL,'0',1,'2013-12-11 20:55:26',1,'2013-12-11 20:55:26'),(183,15,1,'KOMATSU FD-150      15,0тн',NULL,NULL,'0',1,'2013-12-11 20:55:26',1,'2013-12-11 20:55:26'),(184,15,1,'KOMATSU    10,0тн',NULL,NULL,'0',1,'2013-12-11 20:55:26',1,'2013-12-11 20:55:26'),(185,15,1,'KOMATSU    18,0тн',NULL,NULL,'0',1,'2013-12-11 20:55:26',1,'2013-12-11 20:55:26'),(186,15,1,'KOMATSU    25,0тн',NULL,NULL,'0',1,'2013-12-11 20:55:26',1,'2013-12-11 20:55:26'),(187,15,1,'VALMET TD 2512 - A2592      25,0тн',NULL,NULL,'0',1,'2013-12-11 20:55:26',1,'2013-12-11 20:55:26'),(188,15,1,'VALMET TD 2512    25тн',NULL,NULL,'0',1,'2013-12-11 20:55:26',1,'2013-12-11 20:55:26'),(189,15,1,'VALMET  10,0тн',NULL,NULL,'0',1,'2013-12-11 20:55:26',1,'2013-12-11 20:55:26'),(190,15,1,'VALMET TD 1206    12тн',NULL,NULL,'0',1,'2013-12-11 20:55:26',1,'2013-12-11 20:55:26'),(191,15,1,'VALMET TD 2512    25тн',NULL,NULL,'0',1,'2013-12-11 20:55:26',1,'2013-12-11 20:55:26'),(192,15,1,'VALMET                                   16тн',NULL,NULL,'0',1,'2013-12-11 20:55:26',1,'2013-12-11 20:55:26'),(193,15,1,'VALMET TD 1612    16тн',NULL,NULL,'0',1,'2013-12-11 20:55:26',1,'2013-12-11 20:55:26'),(194,15,1,'VALMET TD 2112    21тн',NULL,NULL,'0',1,'2013-12-11 20:55:26',1,'2013-12-11 20:55:26'),(195,15,1,'VALMET  22тн',NULL,NULL,'0',1,'2013-12-11 20:55:26',1,'2013-12-11 20:55:26'),(196,15,1,'VALMET TD 2512    25тн',NULL,NULL,'0',1,'2013-12-11 20:55:26',1,'2013-12-11 20:55:26'),(197,15,1,'VALMET TD 2512 - A2592      25,0тн',NULL,NULL,'0',1,'2013-12-11 20:55:26',1,'2013-12-11 20:55:26'),(198,15,1,'KALMAR DCD 200-12LB      20тн',NULL,NULL,'0',1,'2013-12-11 20:55:26',1,'2013-12-11 20:55:26'),(199,15,1,'KALMAR DC5-600            5тн',NULL,NULL,'0',1,'2013-12-11 20:55:26',1,'2013-12-11 20:55:26'),(200,15,1,' Кальмар DCD 160-12     16тн',NULL,NULL,'0',1,'2013-12-11 20:55:26',1,'2013-12-11 20:55:26'),(201,15,1,'KALMAR DCD 160-12LB     16тн',NULL,NULL,'0',1,'2013-12-11 20:55:26',1,'2013-12-11 20:55:26'),(202,15,1,'Кальмар DCE 160-12     16тн',NULL,NULL,'0',1,'2013-12-11 20:55:26',1,'2013-12-11 20:55:26'),(203,15,1,'KALMAR  DC12-1200     12тн',NULL,NULL,'0',1,'2013-12-11 20:55:26',1,'2013-12-11 20:55:26'),(204,15,1,'KALMAR  DCD120-6      12тн',NULL,NULL,'0',1,'2013-12-11 20:55:26',1,'2013-12-11 20:55:26'),(205,15,1,'LMV KALMAR DC 10-600     10,0тн',NULL,NULL,'0',1,'2013-12-11 20:55:26',1,'2013-12-11 20:55:26'),(206,15,1,'KALMAR T-3301                     10тн',NULL,NULL,'0',1,'2013-12-11 20:55:26',1,'2013-12-11 20:55:26'),(207,15,1,'LMV  KALMAR DC 13,6EC4  13,6тн',NULL,NULL,'0',1,'2013-12-11 20:55:26',1,'2013-12-11 20:55:26'),(208,15,1,'LMV KALMAR   10,0тн',NULL,NULL,'0',1,'2013-12-11 20:55:26',1,'2013-12-11 20:55:26'),(209,15,1,'LMV KALMAR   16тн',NULL,NULL,'0',1,'2013-12-11 20:55:26',1,'2013-12-11 20:55:26'),(210,15,1,'KALMAR DCD 200-12LB      20тн',NULL,NULL,'0',1,'2013-12-11 20:55:26',1,'2013-12-11 20:55:26'),(211,15,1,'KALMAR DCD250-12LB           25тн',NULL,NULL,'0',1,'2013-12-11 20:55:26',1,'2013-12-11 20:55:26'),(212,15,1,'KALMAR DCD250-12LB           25тн',NULL,NULL,'0',1,'2013-12-11 20:55:26',1,'2013-12-11 20:55:26'),(213,15,1,'LMV KALMAR DC 25-1200       25тн',NULL,NULL,'0',1,'2013-12-11 20:55:26',1,'2013-12-11 20:55:26'),(214,15,1,'LMV KALMAR DC 28 RO-R      28тн',NULL,NULL,'0',1,'2013-12-11 20:55:26',1,'2013-12-11 20:55:26'),(215,15,1,'LMV KALMAR DC 28-1200       28тн',NULL,NULL,'0',1,'2013-12-11 20:55:26',1,'2013-12-11 20:55:26'),(216,15,1,' KALMAR  DCD 280-12     28тн',NULL,NULL,'0',1,'2013-12-11 20:55:26',1,'2013-12-11 20:55:26'),(217,15,1,' KALMAR DCD 320-12LB      32,0тн',NULL,NULL,'0',1,'2013-12-11 20:55:26',1,'2013-12-11 20:55:26'),(218,15,1,' KALMAR DCD 320-12   32,0тн',NULL,NULL,'0',1,'2013-12-11 20:55:26',1,'2013-12-11 20:55:26'),(219,15,1,'ЛМВ KALMAR DC 32            32тн',NULL,NULL,'0',1,'2013-12-11 20:55:26',1,'2013-12-11 20:55:26'),(220,15,1,' KALMAR DCD 370-12     37,0тн',NULL,NULL,'0',1,'2013-12-11 20:55:26',1,'2013-12-11 20:55:26'),(221,15,1,'LMV KALMAR DC 42-1200  42тн',NULL,NULL,'0',1,'2013-12-11 20:55:26',1,'2013-12-11 20:55:26'),(222,15,1,'LINDE H370 SL37-1200A     37тн',NULL,NULL,'0',1,'2013-12-11 20:55:26',1,'2013-12-11 20:55:26'),(223,15,1,'ЛМВ ЛАНСИНГ H-280 RO-RO 28тн',NULL,NULL,'0',1,'2013-12-11 20:55:26',1,'2013-12-11 20:55:26'),(224,15,1,'БОСС-ТРАК B1612    16тн',NULL,NULL,'0',1,'2013-12-11 20:55:26',1,'2013-12-11 20:55:26'),(225,15,1,'БОСС-ТРАК C100   10,0 тн',NULL,NULL,'0',1,'2013-12-11 20:55:26',1,'2013-12-11 20:55:26'),(226,15,1,'СИСУ     28тн',NULL,NULL,'0',1,'2013-12-11 20:55:26',1,'2013-12-11 20:55:26'),(227,15,1,'MITSUBISHI F-1585               10,0тн',NULL,NULL,'0',1,'2013-12-11 20:55:26',1,'2013-12-11 20:55:26'),(228,15,1,'MITSUBISHI FD-100              10,0тн',NULL,NULL,'0',1,'2013-12-11 20:55:26',1,'2013-12-11 20:55:26'),(229,16,1,'KALMAR',NULL,NULL,'0',1,'2013-12-11 20:55:26',1,'2013-12-11 20:55:26'),(230,16,30,'SYSU  24тн',NULL,NULL,'0',1,'2013-12-11 20:55:26',1,'2013-12-11 20:55:26'),(231,16,30,'SYSU TR-182         32,0тн','Гп.32тн',NULL,'0',1,'2013-12-11 20:55:26',1,'2013-12-11 20:55:26'),(232,16,1,'SYSU TRХ-181AL',NULL,NULL,'0',1,'2013-12-11 20:55:26',1,'2013-12-11 20:55:26'),(233,16,1,'SYSU TRX-182',NULL,NULL,'0',1,'2013-12-11 20:55:26',1,'2013-12-11 20:55:26'),(234,16,1,'SYSU TRX-182 AL  32,0 тн',NULL,NULL,'0',1,'2013-12-11 20:55:26',1,'2013-12-11 20:55:26'),(235,16,30,'SYSU TR-180AL',NULL,NULL,'0',1,'2013-12-11 20:55:26',1,'2013-12-11 20:55:26'),(236,16,1,'TERBERG',NULL,NULL,'0',1,'2013-12-11 20:55:26',1,'2013-12-11 20:55:26'),(237,16,31,'TERBERG 200       27тн','27тн.',NULL,'0',1,'2013-12-11 20:55:26',1,'2013-12-11 20:55:26'),(238,16,31,'TERBERG 280  37,5тн','37,5тн',NULL,'0',1,'2013-12-11 20:55:26',1,'2013-12-11 20:55:26'),(239,16,1,'TERBERG RT-2638',NULL,NULL,'0',1,'2013-12-11 20:55:26',1,'2013-12-11 20:55:26'),(240,16,1,'TERBERG RT-2633',NULL,NULL,'0',1,'2013-12-11 20:55:26',1,'2013-12-11 20:55:26'),(241,16,31,'TERBERG TR26           37,5тн',NULL,NULL,'0',1,'2013-12-11 20:55:26',1,'2013-12-11 20:55:26'),(242,16,31,'TERBERG RT282  34тн','34тн',NULL,'0',1,'2013-12-11 20:55:26',1,'2013-12-11 20:55:26'),(243,16,31,'TERBERG 260  37,5тн','37тн.',NULL,'0',1,'2013-12-11 20:55:26',1,'2013-12-11 20:55:26'),(244,16,31,'TERBERG  RT-222 4x4',NULL,NULL,'0',1,'2013-12-11 20:55:26',1,'2013-12-11 20:55:26'),(245,16,31,'TERBERG  RT-222',NULL,NULL,'0',1,'2013-12-11 20:55:26',1,'2013-12-11 20:55:26'),(246,16,31,'TERBERG TR26           37,5тн','37,5тн',NULL,'0',1,'2013-12-11 20:55:26',1,'2013-12-11 20:55:26'),(247,16,1,'TERBERG RT-26           37,5тн',NULL,NULL,'0',1,'2013-12-11 20:55:26',1,'2013-12-11 20:55:26'),(248,16,30,'SYSU TR-160              30,5тн','30,5тн',NULL,'0',1,'2013-12-11 20:55:26',1,'2013-12-11 20:55:26'),(249,16,30,'SYSU TR-160 AL         25тн','25тн.',NULL,'0',1,'2013-12-11 20:55:26',1,'2013-12-11 20:55:26'),(250,16,30,'SYSU TR-160 BL',NULL,NULL,'0',1,'2013-12-11 20:55:26',1,'2013-12-11 20:55:26'),(251,16,32,'ROTRUCK 4/180HD  40тн','40тн',NULL,'0',1,'2013-12-11 20:55:26',1,'2013-12-11 20:55:26'),(252,16,32,'ROTRUCK 200-4x4     30,5тн','30,5тн',NULL,'0',1,'2013-12-11 20:55:26',1,'2013-12-11 20:55:26'),(253,16,1,'РОДРИК    25тн',NULL,NULL,'0',1,'2013-12-11 20:55:26',1,'2013-12-11 20:55:26'),(254,16,1,'РОДРИК    25тн',NULL,NULL,'0',1,'2013-12-11 20:55:26',1,'2013-12-11 20:55:26'),(255,17,1,'Магистральный тягач',NULL,NULL,'0',1,'2013-12-11 20:55:26',1,'2013-12-11 20:55:26'),(256,18,1,'Плавучий перегружатель зерновой',NULL,NULL,'0',1,'2013-12-11 20:55:26',1,'2013-12-11 20:55:26'),(257,18,1,'Портальный пневмоперегружатель ХАРТМАН  300тн/час',NULL,NULL,'0',1,'2013-12-11 20:55:26',1,'2013-12-11 20:55:26'),(258,18,1,'Портальный пневмоперегружaтель ХАРТМАН  2x150тн/час',NULL,NULL,'0',1,'2013-12-11 20:55:26',1,'2013-12-11 20:55:26'),(259,19,1,'Мобильн.пневмопогр.НОЙЕРО GSD 210/140 D 50тн/час',NULL,NULL,'0',1,'2013-12-11 20:55:26',1,'2013-12-11 20:55:26'),(260,19,1,'Пневмоперегружатель NEUERO GSD 210/140 EL   90т/час',NULL,NULL,'0',1,'2013-12-11 20:55:26',1,'2013-12-11 20:55:26'),(261,19,1,'Мобильн.пневмопогр.НОЙЕРО GSD 250/220 D 80тн/час',NULL,NULL,'0',1,'2013-12-11 20:55:26',1,'2013-12-11 20:55:26'),(262,20,1,'Босс H16D       1,6тн',NULL,NULL,'0',1,'2013-12-11 20:55:26',1,'2013-12-11 20:55:26'),(263,20,1,'Кларк  CDP20         2,0тн',NULL,NULL,'0',1,'2013-12-11 20:55:26',1,'2013-12-11 20:55:26'),(264,20,1,'KALMAR DCD 60-6  6тн',NULL,NULL,'0',1,'2013-12-11 20:55:26',1,'2013-12-11 20:55:26'),(265,20,1,'Кальмар DCD 70-6  7тн',NULL,NULL,'0',1,'2013-12-11 20:55:26',1,'2013-12-11 20:55:26'),(266,20,21,'Кальмар DCD 70-40E5  7тн','Гп.7тн',NULL,'0',1,'2013-12-11 20:55:26',1,'2013-12-11 20:55:26'),(267,20,1,'Кальмар DCD 80-6         8тн','Гп.8тн',NULL,'0',1,'2013-12-11 20:55:26',1,'2013-12-11 20:55:26'),(268,20,1,'Линде H20D-03   2,0тн',NULL,NULL,'0',1,'2013-12-11 20:55:26',1,'2013-12-11 20:55:26'),(269,20,1,'Линде H25D-02   2,5тн',NULL,NULL,'0',1,'2013-12-11 20:55:26',1,'2013-12-11 20:55:26'),(270,20,1,'Линде H40D   4,0тн',NULL,NULL,'0',1,'2013-12-11 20:55:26',1,'2013-12-11 20:55:26'),(271,20,1,'LINDE H25D        2,5тн',NULL,NULL,'0',1,'2013-12-11 20:55:26',1,'2013-12-11 20:55:26'),(272,20,1,'LINDE H25D-03        2,5тн',NULL,NULL,'0',1,'2013-12-11 20:55:26',1,'2013-12-11 20:55:26'),(273,20,1,'LINDE H50D        5,0тн',NULL,NULL,'0',1,'2013-12-11 20:55:26',1,'2013-12-11 20:55:26'),(274,20,1,'Линде H70D    7,0тн',NULL,NULL,'0',1,'2013-12-11 20:55:26',1,'2013-12-11 20:55:26'),(275,20,1,'4045Р              5,0тн',NULL,NULL,'0',1,'2013-12-11 20:55:26',1,'2013-12-11 20:55:26'),(276,20,34,'4014               5,0тн',NULL,NULL,'0',1,'2013-12-11 20:55:26',1,'2013-12-11 20:55:26'),(277,20,1,'4014М              5,0тн',NULL,NULL,'0',1,'2013-12-11 20:55:26',1,'2013-12-11 20:55:26'),(278,20,1,'4081               5,0тн',NULL,NULL,'0',1,'2013-12-11 20:55:26',1,'2013-12-11 20:55:26'),(279,20,1,'40814              5,0тн',NULL,NULL,'0',1,'2013-12-11 20:55:26',1,'2013-12-11 20:55:26'),(280,20,1,'4014А              5,0тн',NULL,NULL,'0',1,'2013-12-11 20:55:26',1,'2013-12-11 20:55:26'),(281,20,1,'40811Д             5,0тн',NULL,NULL,'0',1,'2013-12-11 20:55:26',1,'2013-12-11 20:55:26'),(282,20,1,'TOYOTA 5ED 1,5тн',NULL,NULL,'0',1,'2013-12-11 20:55:26',1,'2013-12-11 20:55:26'),(283,20,1,'TOYOTA FD-15  1,5тн',NULL,NULL,'0',1,'2013-12-11 20:55:26',1,'2013-12-11 20:55:26'),(284,20,1,'TOETA 02-FD15 FVA4      1,5тн',NULL,NULL,'0',1,'2013-12-11 20:55:26',1,'2013-12-11 20:55:26'),(285,20,35,'TOETA 02-2FD15     1,5тн',NULL,NULL,'0',1,'2013-12-11 20:55:26',1,'2013-12-11 20:55:26'),(286,20,35,'TOETA 02-3FD15     1,5тн','не нашел!',NULL,'0',1,'2013-12-11 20:55:26',1,'2013-12-11 20:55:26'),(287,20,1,'TOETA 02-5FD15     1,5тн',NULL,NULL,'0',1,'2013-12-11 20:55:26',1,'2013-12-11 20:55:26'),(288,20,1,'TOETA 02-6FD15     1,5тн',NULL,NULL,'0',1,'2013-12-11 20:55:26',1,'2013-12-11 20:55:26'),(289,20,1,'TOETA 02-7FD15     1,5тн',NULL,NULL,'0',1,'2013-12-11 20:55:26',1,'2013-12-11 20:55:26'),(290,20,35,'TOETA 02-7FD15F   1,5тн',NULL,NULL,'0',1,'2013-12-11 20:55:26',1,'2013-12-11 20:55:26'),(291,20,1,'TOETA 6FD18  1,8тн',NULL,NULL,'0',1,'2013-12-11 20:55:26',1,'2013-12-11 20:55:26'),(292,20,1,'TOYOTA FD20   2,0тн',NULL,NULL,'0',1,'2013-12-11 20:55:26',1,'2013-12-11 20:55:26'),(293,20,1,'TOETA 02-6FD30     3,0тн',NULL,NULL,'0',1,'2013-12-11 20:55:26',1,'2013-12-11 20:55:26'),(294,20,35,'TOETA 02-6FD18     1,8тн',NULL,NULL,'0',1,'2013-12-11 20:55:26',1,'2013-12-11 20:55:26'),(295,20,1,'TOYOTA       4тн',NULL,NULL,'0',1,'2013-12-11 20:55:26',1,'2013-12-11 20:55:26'),(296,20,1,'TOYOTA       3,5тн',NULL,NULL,'0',1,'2013-12-11 20:55:26',1,'2013-12-11 20:55:26'),(297,20,1,'TOYOTA       2тн',NULL,NULL,'0',1,'2013-12-11 20:55:26',1,'2013-12-11 20:55:26'),(298,20,1,'TOYOTA      1,75тн',NULL,NULL,'0',1,'2013-12-11 20:55:26',1,'2013-12-11 20:55:26'),(299,20,1,'TOYOTA      1,5тн',NULL,NULL,'0',1,'2013-12-11 20:55:26',1,'2013-12-11 20:55:26'),(300,20,1,'HYSTER      2тн',NULL,NULL,'0',1,'2013-12-11 20:55:26',1,'2013-12-11 20:55:26'),(301,20,1,'HYSTER H3.00 XM  3,0тн',NULL,NULL,'0',1,'2013-12-11 20:55:26',1,'2013-12-11 20:55:26'),(302,20,1,'HYSTER      5тн',NULL,NULL,'0',1,'2013-12-11 20:55:26',1,'2013-12-11 20:55:26'),(303,20,1,'HYSTER      7тн',NULL,NULL,'0',1,'2013-12-11 20:55:26',1,'2013-12-11 20:55:26'),(304,20,1,'TOETA 02-7FD15 FV3000     1,5тн',NULL,NULL,'0',1,'2013-12-11 20:55:26',1,'2013-12-11 20:55:26'),(305,20,1,'TOETA 02-7FD18    1,6тн',NULL,NULL,'0',1,'2013-12-11 20:55:26',1,'2013-12-11 20:55:26'),(306,20,1,'TOETA 02-7FD45     4,5тн',NULL,NULL,'0',1,'2013-12-11 20:55:26',1,'2013-12-11 20:55:26'),(307,20,1,'TOETA 7FD18 FV2870         1,5тн',NULL,NULL,'0',1,'2013-12-11 20:55:26',1,'2013-12-11 20:55:26'),(308,20,1,'TOETA 7FD18 FV3000         1,5тн',NULL,NULL,'0',1,'2013-12-11 20:55:26',1,'2013-12-11 20:55:26'),(309,20,35,'TOETA 7FD18  1,8тн',NULL,NULL,'0',1,'2013-12-11 20:55:26',1,'2013-12-11 20:55:26'),(310,20,1,'TOETA 02-5-FD15 FVA4    1,5тн',NULL,NULL,'0',1,'2013-12-11 20:55:26',1,'2013-12-11 20:55:26'),(311,20,35,'TOETA 02-5FD15     1,5тн',NULL,NULL,'0',1,'2013-12-11 20:55:26',1,'2013-12-11 20:55:26'),(312,20,1,'TOETA 02-5FD18     1.5тн',NULL,NULL,'0',1,'2013-12-11 20:55:26',1,'2013-12-11 20:55:26'),(313,20,1,'TOETA 3FD-18         1.5тн',NULL,NULL,'0',1,'2013-12-11 20:55:26',1,'2013-12-11 20:55:26'),(314,20,1,'TOETA 02-3PO15     1,5тн',NULL,NULL,'0',1,'2013-12-11 20:55:26',1,'2013-12-11 20:55:26'),(315,20,35,'TOETA 02-5FD20     2,0тн',NULL,NULL,'0',1,'2013-12-11 20:55:26',1,'2013-12-11 20:55:26'),(316,20,35,'TOETA 02-3FD40     3,2тн',NULL,NULL,'0',1,'2013-12-11 20:55:26',1,'2013-12-11 20:55:26'),(317,20,1,'TOETA 02-5FD40     4,0тн',NULL,NULL,'0',1,'2013-12-11 20:55:26',1,'2013-12-11 20:55:26'),(318,20,35,'TOETA 02-5FD45    5,0тн',NULL,NULL,'0',1,'2013-12-11 20:55:26',1,'2013-12-11 20:55:26'),(319,20,1,'TOETA 20-5FD70    7,0тн',NULL,NULL,'0',1,'2013-12-11 20:55:26',1,'2013-12-11 20:55:26'),(320,20,1,'TOETA FD-40           3,2тн',NULL,NULL,'0',1,'2013-12-11 20:55:26',1,'2013-12-11 20:55:26'),(321,20,35,'TOETA FD-45            4,0тн',NULL,NULL,'0',1,'2013-12-11 20:55:26',1,'2013-12-11 20:55:26'),(322,20,1,'TOETA 3FD-40          3,0тн',NULL,NULL,'0',1,'2013-12-11 20:55:26',1,'2013-12-11 20:55:26'),(323,15,1,'TOYOTA  2FD 100FV     10тн',NULL,NULL,'0',1,'2013-12-11 20:55:26',1,'2013-12-11 20:55:26'),(324,15,1,'TOYOTA  3FD115       10тн',NULL,NULL,'0',1,'2013-12-11 20:55:26',1,'2013-12-11 20:55:26'),(325,20,35,'TOETA FD-40          4,0тн',NULL,NULL,'0',1,'2013-12-11 20:55:26',1,'2013-12-11 20:55:26'),(326,20,1,'TOETA 5FD80        6,2тн',NULL,NULL,'0',1,'2013-12-11 20:55:26',1,'2013-12-11 20:55:26'),(327,20,1,'TOETA 5FD60        6,0тн',NULL,NULL,'0',1,'2013-12-11 20:55:26',1,'2013-12-11 20:55:26'),(328,20,35,'TOETA FD-70   7,0тн',NULL,NULL,'0',1,'2013-12-11 20:55:26',1,'2013-12-11 20:55:26'),(329,20,35,'TOETA FD-7072      5,25тн',NULL,NULL,'0',1,'2013-12-11 20:55:26',1,'2013-12-11 20:55:26'),(330,20,35,'TOETA 7FDJ 35    3,5тн',NULL,NULL,'0',1,'2013-12-11 20:55:26',1,'2013-12-11 20:55:26'),(331,20,1,' TOYOTA 5FD 100     7,2тн',NULL,NULL,'0',1,'2013-12-11 20:55:26',1,'2013-12-11 20:55:26'),(332,20,1,'TOETA 5FD80        6,2тн',NULL,NULL,'0',1,'2013-12-11 20:55:26',1,'2013-12-11 20:55:26'),(333,20,15,'MITSUBISHI FD18K 1,75тн',NULL,NULL,'0',1,'2013-12-11 20:55:26',1,'2013-12-11 20:55:26'),(334,20,1,'MITSUBISHI FD-20     2,0тн',NULL,NULL,'0',1,'2013-12-11 20:55:26',1,'2013-12-11 20:55:26'),(335,20,1,'MITSUBISHI FD-25     2,5тн',NULL,NULL,'0',1,'2013-12-11 20:55:26',1,'2013-12-11 20:55:26'),(336,20,1,'MITSUBISHI FD-70     7,0тн',NULL,NULL,'0',1,'2013-12-11 20:55:26',1,'2013-12-11 20:55:26'),(337,20,1,'MITSUBISHI F32BE  FD80       8,0тн','Гп.8тн',NULL,'0',1,'2013-12-11 20:55:26',1,'2013-12-11 20:55:26'),(338,20,1,'MITSUBISHI F32BE  FD80T       8,0тн',NULL,NULL,'0',1,'2013-12-11 20:55:26',1,'2013-12-11 20:55:26'),(339,20,1,'KOMATSU FD-15       1,5тн',NULL,NULL,'0',1,'2013-12-11 20:55:26',1,'2013-12-11 20:55:26'),(340,20,1,'KOMATSU FD-25       2,5тн',NULL,NULL,'0',1,'2013-12-11 20:55:26',1,'2013-12-11 20:55:26'),(341,20,1,'KOMATSU FD-50       5,0тн',NULL,NULL,'0',1,'2013-12-11 20:55:26',1,'2013-12-11 20:55:26'),(342,20,38,'KOMATSU FD-70       7,0тн',NULL,NULL,'0',1,'2013-12-11 20:55:26',1,'2013-12-11 20:55:26'),(343,20,1,'KOMATSU FD-15HT-15       1,5тн',NULL,NULL,'0',1,'2013-12-11 20:55:26',1,'2013-12-11 20:55:26'),(344,20,1,'KOMATSU FD-15H-14       1,5тн',NULL,NULL,'0',1,'2013-12-11 20:55:26',1,'2013-12-11 20:55:26'),(345,20,1,'KOMATSU FD 15V-15       1,6тн',NULL,NULL,'0',1,'2013-12-11 20:55:26',1,'2013-12-11 20:55:26'),(346,20,1,'ЛИНДА  H 18           1,8тн',NULL,NULL,'0',1,'2013-12-11 20:55:26',1,'2013-12-11 20:55:26'),(347,20,1,'ЛИНДА  H16D-03  1,6тн',NULL,NULL,'0',1,'2013-12-11 20:55:26',1,'2013-12-11 20:55:26'),(348,20,1,'NISSAN ЕH02А25U    2,5тн',NULL,NULL,'0',1,'2013-12-11 20:55:26',1,'2013-12-11 20:55:26'),(349,20,1,'NISSAN YGF03A40TU  4,0тн',NULL,NULL,'0',1,'2013-12-11 20:55:26',1,'2013-12-11 20:55:26'),(350,20,39,'NISSAN WGF03A40TU  4,5тн','Гп.4,5тн',NULL,'0',1,'2013-12-11 20:55:26',1,'2013-12-11 20:55:26'),(351,20,1,'NISSAN WGF03A40TU  7,0тн','Гп.7тн',NULL,'0',1,'2013-12-11 20:55:26',1,'2013-12-11 20:55:26'),(352,20,1,'NISSAN  F03A                4,0тн','Гп.4тн',NULL,'0',1,'2013-12-11 20:55:26',1,'2013-12-11 20:55:26'),(353,20,1,'NISSAN 05А70И      7,0тн','Гп.7тн',NULL,'0',1,'2013-12-11 20:55:26',1,'2013-12-11 20:55:26'),(354,20,1,'NISSAN YGF03A40U     4.0тн','Гп.4тн',NULL,'0',1,'2013-12-11 20:55:26',1,'2013-12-11 20:55:26'),(355,20,1,'NISSAN VGF  03A  40V  4,0тн','Гп.4тн',NULL,'0',1,'2013-12-11 20:55:26',1,'2013-12-11 20:55:26'),(356,20,1,'NISSAN VGF  03A  40V  4,0тн','Гп.4тн',NULL,'0',1,'2013-12-11 20:55:26',1,'2013-12-11 20:55:26'),(357,20,1,'KOMATSU FD-15HT-15       1,5тн',NULL,NULL,'0',1,'2013-12-11 20:55:26',1,'2013-12-11 20:55:26'),(358,20,40,'TCM FD 15          1,5тн','Гп.1,5тн',NULL,'0',1,'2013-12-11 20:55:26',1,'2013-12-11 20:55:26'),(359,20,40,'TCM FD 30 Z5       3,0тн','Гп.3,0тн',NULL,'0',1,'2013-12-11 20:55:26',1,'2013-12-11 20:55:26'),(360,20,40,'TCM FD 40T8        4,1тн','Гп.4,1тн',NULL,'0',1,'2013-12-11 20:55:26',1,'2013-12-11 20:55:26'),(361,20,1,' TCM FD 45T9        4,4тн','Гп.4,4тн',NULL,'0',1,'2013-12-11 20:55:26',1,'2013-12-11 20:55:26'),(362,20,1,'TCM                        5,0тн','Гп.5,0тн',NULL,'0',1,'2013-12-11 20:55:26',1,'2013-12-11 20:55:26'),(363,20,40,'TCM FD 70          7,0тн','Гп.4.1тн',NULL,'0',1,'2013-12-11 20:55:26',1,'2013-12-11 20:55:26'),(364,20,40,'TCM FD 25T6     2,5тн','Гп.2,5тн',NULL,'0',1,'2013-12-11 20:55:26',1,'2013-12-11 20:55:26'),(365,20,1,' TCM 850',NULL,NULL,'0',1,'2013-12-11 20:55:26',1,'2013-12-11 20:55:26'),(366,20,41,'HYSTER H3.00 XM  3,0тн','Гп.3тн',NULL,'0',1,'2013-12-11 20:55:26',1,'2013-12-11 20:55:26'),(367,20,41,'HYSTER 6.5   6.5тн','Гп.6,5тн',NULL,'0',1,'2013-12-11 20:55:26',1,'2013-12-11 20:55:26'),(368,20,41,'HYSTER H7.00 XL   7,0тн','Гп.7тн',NULL,'0',1,'2013-12-11 20:55:26',1,'2013-12-11 20:55:26'),(369,20,41,'HYSTER H110F      5,0тн','Гп.5тн',NULL,'0',1,'2013-12-11 20:55:26',1,'2013-12-11 20:55:26'),(370,20,41,'HYSTER H3.20XML  3,2тн','Гп.3,2тн',NULL,'0',1,'2013-12-11 20:55:26',1,'2013-12-11 20:55:26'),(371,20,41,'HYSTER H60C       3,0тн','Гп.3тн',NULL,'0',1,'2013-12-11 20:55:26',1,'2013-12-11 20:55:26'),(372,20,41,'HYSTER H2.50ХМ-D   2,5тн','Гп.2,5тн',NULL,'0',1,'2013-12-11 20:55:26',1,'2013-12-11 20:55:26'),(373,20,41,'HYSTER H2.00ХМ-D   2тн','Гп.2тн',NULL,'0',1,'2013-12-11 20:55:26',1,'2013-12-11 20:55:26'),(374,20,41,'HYSTER H1.5ХМ-D   1,50тн','Гп.1,5тн',NULL,'0',1,'2013-12-11 20:55:26',1,'2013-12-11 20:55:26'),(375,20,1,'Штилл R70  1,5тн','Гп.1,5тн',NULL,'0',1,'2013-12-11 20:55:26',1,'2013-12-11 20:55:26'),(376,20,1,'СУКУРОВА CF 40 C   7,0тн','Гп.7тн',NULL,'0',1,'2013-12-11 20:55:26',1,'2013-12-11 20:55:26'),(377,20,1,'ФУРУКАВА  6,0тн',NULL,NULL,'0',1,'2013-12-11 20:55:26',1,'2013-12-11 20:55:26'),(378,20,1,'ФУРУКАВА  4,5тн',NULL,NULL,'0',1,'2013-12-11 20:55:26',1,'2013-12-11 20:55:26'),(379,20,1,'КАТЕРПИЛЛАР 950G  6,0тн',NULL,NULL,'0',1,'2013-12-11 20:55:26',1,'2013-12-11 20:55:26'),(380,20,1,'КАТЕРПИЛЛАР 988  10,0тн',NULL,NULL,'0',1,'2013-12-11 20:55:26',1,'2013-12-11 20:55:26'),(381,20,1,'КАТЕРПИЛЛАР М322С (стреловой)',NULL,NULL,'0',1,'2013-12-11 20:55:26',1,'2013-12-11 20:55:26'),(382,20,1,'БОСС  3,0тн',NULL,NULL,'0',1,'2013-12-11 20:55:26',1,'2013-12-11 20:55:26'),(383,20,1,'БОСС-ТРАК SX-45  4,0тн','Гп.4тн',NULL,'0',1,'2013-12-11 20:55:26',1,'2013-12-11 20:55:26'),(384,20,1,'БОСС-ТРАК H70   7,0тн','Гп.7тн',NULL,'0',1,'2013-12-11 20:55:26',1,'2013-12-11 20:55:26'),(385,20,1,'Daewoo D15 S-2    1,5тн',NULL,NULL,'0',1,'2013-12-11 20:55:26',1,'2013-12-11 20:55:26'),(386,20,1,'KALMAR DCD80-6              8н',NULL,NULL,'0',1,'2013-12-11 20:55:26',1,'2013-12-11 20:55:26'),(387,20,1,'KALMAR DCE70-6XL      7,0тн',NULL,NULL,'0',1,'2013-12-11 20:55:26',1,'2013-12-11 20:55:26'),(388,20,1,'KALMAR DCD 60-6  6тн',NULL,NULL,'0',1,'2013-12-11 20:55:26',1,'2013-12-11 20:55:26'),(389,20,1,'KALMAR DC5-600            5тн',NULL,NULL,'0',1,'2013-12-11 20:55:26',1,'2013-12-11 20:55:26'),(390,20,1,'DT 18  BT                               1,75тн',NULL,NULL,'0',1,'2013-12-11 20:55:26',1,'2013-12-11 20:55:26'),(391,20,1,'ШТИЛЛ DF 4,0       3,6тн',NULL,NULL,'0',1,'2013-12-11 20:55:26',1,'2013-12-11 20:55:26'),(392,20,1,'ШТИЛЛ М15','1,5тн',NULL,'0',1,'2013-12-11 20:55:26',1,'2013-12-11 20:55:26'),(393,20,1,'ГОДРЕЖ G150D       1,5тн',NULL,NULL,'0',1,'2013-12-11 20:55:26',1,'2013-12-11 20:55:26'),(394,20,1,'ФИАТ-ХИТАЧЧИ',NULL,NULL,'0',1,'2013-12-11 20:55:26',1,'2013-12-11 20:55:26'),(395,20,1,'ДВ 1792  3,0тн',NULL,NULL,'0',1,'2013-12-11 20:55:26',1,'2013-12-11 20:55:26'),(396,20,1,'ДВ 1733  3,5тн',NULL,NULL,'0',1,'2013-12-11 20:55:26',1,'2013-12-11 20:55:26'),(397,20,1,'КЛАРК   7,0тн',NULL,NULL,'0',1,'2013-12-11 20:55:26',1,'2013-12-11 20:55:26'),(398,20,1,'DECTA   3,5тн',NULL,NULL,'0',1,'2013-12-11 20:55:26',1,'2013-12-11 20:55:26'),(399,20,43,'Юнгхайнрих DFG 540   3,9тн',NULL,NULL,'0',1,'2013-12-11 20:55:26',1,'2013-12-11 20:55:26'),(400,20,43,'Юнгхайнрих DFG 540   3,9тн',NULL,NULL,'0',1,'2013-12-11 20:55:26',1,'2013-12-11 20:55:26'),(401,20,43,'Юнгхайнрих DFG75G-120-556ZT   7,5тн',NULL,NULL,'0',1,'2013-12-11 20:55:26',1,'2013-12-11 20:55:26'),(402,20,1,'ТО-28 с чел.захв. 4,0тн Минск',NULL,NULL,'0',1,'2013-12-11 20:55:26',1,'2013-12-11 20:55:26'),(403,20,1,'LINDE H50D        5,0тн',NULL,NULL,'0',1,'2013-12-11 20:55:26',1,'2013-12-11 20:55:26'),(404,20,1,'LINDE H25D        2,5тн',NULL,NULL,'0',1,'2013-12-11 20:55:26',1,'2013-12-11 20:55:26'),(405,20,1,'LINDE H25D-03        2,5тн',NULL,NULL,'0',1,'2013-12-11 20:55:26',1,'2013-12-11 20:55:26'),(406,20,1,'LINDE H16      1,6тн',NULL,NULL,'0',1,'2013-12-11 20:55:26',1,'2013-12-11 20:55:26'),(407,21,1,'БОБКЕТ',NULL,NULL,'0',1,'2013-12-11 20:55:26',1,'2013-12-11 20:55:26'),(408,21,44,'БОБКЕТ M-743   0,35 куб.м.',NULL,NULL,'0',1,'2013-12-11 20:55:26',1,'2013-12-11 20:55:26'),(409,21,1,'БОБКЕТ M-743   0,59 куб.м.',NULL,NULL,'0',1,'2013-12-11 20:55:26',1,'2013-12-11 20:55:26'),(410,21,1,'БОБКЕТ 853        0,77куб.м.',NULL,NULL,'0',1,'2013-12-11 20:55:26',1,'2013-12-11 20:55:26'),(411,21,1,'БОБКЕТ M-853   0,75 куб.м.',NULL,NULL,'0',1,'2013-12-11 20:55:26',1,'2013-12-11 20:55:26'),(412,21,1,'БОБКЕТ 853-H          0,8 куб.м.',NULL,NULL,'0',1,'2013-12-11 20:55:26',1,'2013-12-11 20:55:26'),(413,21,1,'БОБКЕТ M-743   0,59куб.м.',NULL,NULL,'0',1,'2013-12-11 20:55:26',1,'2013-12-11 20:55:26'),(414,21,1,'БОБКЕТ 753       0,65куб.м.',NULL,NULL,'0',1,'2013-12-11 20:55:26',1,'2013-12-11 20:55:26'),(415,21,1,'БОБКЕТ 751',NULL,NULL,'0',1,'2013-12-11 20:55:26',1,'2013-12-11 20:55:26'),(416,21,1,'БОБКЕТ M-843      0,69 куб.м.',NULL,NULL,'0',1,'2013-12-11 20:55:26',1,'2013-12-11 20:55:26'),(417,21,1,'БОБКЕТ 853        0,77куб.м.',NULL,NULL,'0',1,'2013-12-11 20:55:26',1,'2013-12-11 20:55:26'),(418,21,1,'БОБКЕТ 863-H      0,8 куб.м.',NULL,NULL,'0',1,'2013-12-11 20:55:26',1,'2013-12-11 20:55:26'),(419,21,1,'БОБКЕТ 863         1,0 куб.м.',NULL,NULL,'0',1,'2013-12-11 20:55:26',1,'2013-12-11 20:55:26'),(420,21,1,'БОБКЕТ 773G       0,6 куб.м.',NULL,NULL,'0',1,'2013-12-11 20:55:26',1,'2013-12-11 20:55:26'),(421,21,1,'БОБКЕТ S-175      0,86 куб.м.',NULL,NULL,'0',1,'2013-12-11 20:55:26',1,'2013-12-11 20:55:26'),(422,21,1,'БОБКЕТ 453        0,75куб.м.',NULL,NULL,'0',1,'2013-12-11 20:55:26',1,'2013-12-11 20:55:26'),(423,21,1,'БОБКЕТ 853          0,8 куб.м.',NULL,NULL,'0',1,'2013-12-11 20:55:26',1,'2013-12-11 20:55:26'),(424,21,1,'БОБКЕТ 980          1,69 куб.м.',NULL,NULL,'0',1,'2013-12-11 20:55:26',1,'2013-12-11 20:55:26'),(425,21,1,'БОБКЕТ T40140     г/п 4,0тн',NULL,NULL,'0',1,'2013-12-11 20:55:26',1,'2013-12-11 20:55:26'),(426,21,45,'БОБКЕТ S250HF      1,2 куб.м.',NULL,NULL,'0',1,'2013-12-11 20:55:26',1,'2013-12-11 20:55:26'),(427,21,1,'БОБКЕТ S300H      1,3 куб.м.',NULL,NULL,'0',1,'2013-12-11 20:55:26',1,'2013-12-11 20:55:26'),(428,21,1,'SL-5625 GEHL    ?? куб.м.',NULL,NULL,'0',1,'2013-12-11 20:55:26',1,'2013-12-11 20:55:26'),(429,21,1,'ДРЕССЕР 515В W60-2',NULL,NULL,'0',1,'2013-12-11 20:55:26',1,'2013-12-11 20:55:26'),(430,21,1,'ДРЕССЕР 515С      1,6куб.м.',NULL,NULL,'0',1,'2013-12-11 20:55:26',1,'2013-12-11 20:55:26'),(431,21,1,'КАТЕРПИЛЛАР TH-63    4,0тн',NULL,NULL,'0',1,'2013-12-11 20:55:26',1,'2013-12-11 20:55:26'),(432,21,1,'ФУРУКАВА    6,0 куб.м.',NULL,NULL,'0',1,'2013-12-11 20:55:26',1,'2013-12-11 20:55:26'),(433,21,1,'ФУРУКАВА    6,0 куб.м.',NULL,NULL,'0',1,'2013-12-11 20:55:26',1,'2013-12-11 20:55:26'),(434,21,46,'KOMATSU W60-2     1,6 куб.м.',NULL,NULL,'0',1,'2013-12-11 20:55:26',1,'2013-12-11 20:55:26'),(435,21,1,'KOMATSU W-200   2,3 куб.м.',NULL,NULL,'0',1,'2013-12-11 20:55:26',1,'2013-12-11 20:55:26'),(436,21,1,'KOMATSU WA-70',NULL,NULL,'0',1,'2013-12-11 20:55:26',1,'2013-12-11 20:55:26'),(437,21,1,'KOMATSU W-250       2,5 куб.м.',NULL,NULL,'0',1,'2013-12-11 20:55:26',1,'2013-12-11 20:55:26'),(438,21,1,'KOMATSU W-300   3,0 куб.м.',NULL,NULL,'0',1,'2013-12-11 20:55:26',1,'2013-12-11 20:55:26'),(439,21,1,'KOMATSU WA-350     4,0 куб.м.',NULL,NULL,'0',1,'2013-12-11 20:55:26',1,'2013-12-11 20:55:26'),(440,21,1,'KOMATSU WA-500',NULL,NULL,'0',1,'2013-12-11 20:55:26',1,'2013-12-11 20:55:26'),(441,21,1,'KOMATSU WA-180         1,8 куб.м.',NULL,NULL,'0',1,'2013-12-11 20:55:26',1,'2013-12-11 20:55:26'),(442,21,1,'KOMATSU WA-180-3,   V 1,8 куб.м.',NULL,NULL,'0',1,'2013-12-11 20:55:26',1,'2013-12-11 20:55:26'),(443,21,1,'KOMATSU WA-180-3     2,2куб.м.',NULL,NULL,'0',1,'2013-12-11 20:55:26',1,'2013-12-11 20:55:26'),(444,21,1,'KOMATSU WA-250-5      3,4 куб.м.',NULL,NULL,'0',1,'2013-12-11 20:55:26',1,'2013-12-11 20:55:26'),(445,21,1,'KOMATSU WA470-3    6,0куб.м.',NULL,NULL,'0',1,'2013-12-11 20:55:26',1,'2013-12-11 20:55:26'),(446,21,1,'KOMATSU WA-200       2,2куб.м.',NULL,NULL,'0',1,'2013-12-11 20:55:26',1,'2013-12-11 20:55:26'),(447,21,1,'KOMATSU WA180-1   1,6 куб.м.',NULL,NULL,'0',1,'2013-12-11 20:55:26',1,'2013-12-11 20:55:26'),(448,21,1,'KOMATSU WA200-1   2,3 куб.м.',NULL,NULL,'0',1,'2013-12-11 20:55:26',1,'2013-12-11 20:55:26'),(449,21,1,'KOMATSU WA200V-1   2,3 куб.м.',NULL,NULL,'0',1,'2013-12-11 20:55:26',1,'2013-12-11 20:55:26'),(450,21,1,'KOMATSU WA250-1   2,5 куб.м.',NULL,NULL,'0',1,'2013-12-11 20:55:26',1,'2013-12-11 20:55:26'),(451,21,1,'KOMATSU WA300-1   3,0 куб.м.',NULL,NULL,'0',1,'2013-12-11 20:55:26',1,'2013-12-11 20:55:26'),(452,21,1,'KOMATSU WA420-1',NULL,NULL,'0',1,'2013-12-11 20:55:26',1,'2013-12-11 20:55:26'),(453,21,1,'KOMATSU WA420-3',NULL,NULL,'0',1,'2013-12-11 20:55:26',1,'2013-12-11 20:55:26'),(454,21,1,'KOMATSU WA420-3,  V 6,0 куб.м.',NULL,NULL,'0',1,'2013-12-11 20:55:26',1,'2013-12-11 20:55:26'),(455,21,1,'FR-10C           ?? куб.м.',NULL,NULL,'0',1,'2013-12-11 20:55:26',1,'2013-12-11 20:55:26'),(456,21,1,'ЛИБХЕРР  L514        1,5 куб.м.',NULL,NULL,'0',1,'2013-12-11 20:55:26',1,'2013-12-11 20:55:26'),(457,21,1,'ЛИБХЕРР  L-522       2,2 куб.м.',NULL,NULL,'0',1,'2013-12-11 20:55:26',1,'2013-12-11 20:55:26'),(458,21,1,'ЛИБХЕРР  L-538       2,5 куб.м.',NULL,NULL,'0',1,'2013-12-11 20:55:26',1,'2013-12-11 20:55:26'),(459,21,1,'ЛИБХЕРР  L-541       4,0 куб.м.',NULL,NULL,'0',1,'2013-12-11 20:55:26',1,'2013-12-11 20:55:26'),(460,21,1,'ЛИБХЕРР  L-544       4,5 куб.м.',NULL,NULL,'0',1,'2013-12-11 20:55:26',1,'2013-12-11 20:55:26'),(461,21,47,'TOYOTA SDK-8   0,6 куб.м.',NULL,NULL,'0',1,'2013-12-11 20:55:26',1,'2013-12-11 20:55:26'),(462,21,1,'ПЕЙЛОУДЕР Т-515',NULL,NULL,'0',1,'2013-12-11 20:55:26',1,'2013-12-11 20:55:26'),(463,21,1,'ХАРВЕЙСТЕР H-515  1,15 куб.м.',NULL,NULL,'0',1,'2013-12-11 20:55:26',1,'2013-12-11 20:55:26'),(464,21,1,'ХАРВЕЙСТЕР 4140   0,47 куб.м.',NULL,NULL,'0',1,'2013-12-11 20:55:26',1,'2013-12-11 20:55:26'),(465,21,1,'JCB 530-70','3тн',NULL,'0',1,'2013-12-11 20:55:26',1,'2013-12-11 20:55:26'),(466,21,1,'JCB-430   2,7 куб.м.',NULL,NULL,'0',1,'2013-12-11 20:55:26',1,'2013-12-11 20:55:26'),(467,21,1,'АЛЬМАН-7         ?? куб.м.',NULL,NULL,'0',1,'2013-12-11 20:55:26',1,'2013-12-11 20:55:26'),(468,21,48,'ДЕТВА UNC-060     0,75 куб.м.',NULL,NULL,'0',1,'2013-12-11 20:55:26',1,'2013-12-11 20:55:26'),(469,21,1,'ДЕТВА UNC-061',NULL,NULL,'0',1,'2013-12-11 20:55:26',1,'2013-12-11 20:55:26'),(470,21,1,'ДЕТВА UN-035.1    ?? куб.м.',NULL,NULL,'0',1,'2013-12-11 20:55:26',1,'2013-12-11 20:55:26'),(471,21,1,'Дресста 530-E,  V 6,0 куб.м.',NULL,NULL,'0',1,'2013-12-11 20:55:26',1,'2013-12-11 20:55:26'),(472,21,49,'TOYOTA SDK-8   0,45 куб.м.',NULL,NULL,'0',1,'2013-12-11 20:55:26',1,'2013-12-11 20:55:26'),(473,21,1,'TOYOTA 2SDK B',NULL,NULL,'0',1,'2013-12-11 20:55:26',1,'2013-12-11 20:55:26'),(474,21,1,'TOYOTA 4SDK 10,  V 1,0 куб. м.',NULL,NULL,'0',1,'2013-12-11 20:55:26',1,'2013-12-11 20:55:26'),(475,21,1,'TOYOTA 4SDK 5,    V 0,5 куб. м.',NULL,NULL,'0',1,'2013-12-11 20:55:26',1,'2013-12-11 20:55:26'),(476,21,1,'TCM  L9-2    1,44тн',NULL,NULL,'0',1,'2013-12-11 20:55:26',1,'2013-12-11 20:55:26'),(477,21,1,'TCM  L40   6,0тн',NULL,NULL,'0',1,'2013-12-11 20:55:26',1,'2013-12-11 20:55:26'),(478,21,1,'ТСМ 850',NULL,NULL,'0',1,'2013-12-11 20:55:26',1,'2013-12-11 20:55:26'),(479,21,1,'VOLVO L120E         6,1 куб.м.','6,1 куб.м.',NULL,'0',1,'2013-12-11 20:55:26',1,'2013-12-11 20:55:26'),(480,21,1,'VOLVO BML50С       2,2 куб.м.','2,2 куб.м.',NULL,'0',1,'2013-12-11 20:55:26',1,'2013-12-11 20:55:26'),(481,21,1,'VOLVO L50D        2,2 куб.м.',NULL,NULL,'0',1,'2013-12-11 20:55:26',1,'2013-12-11 20:55:26'),(482,21,1,'VOLVO L70D  2,5 куб.м.',NULL,NULL,'0',1,'2013-12-11 20:55:26',1,'2013-12-11 20:55:26'),(483,21,1,'VOLVO  L70E           3,5куб.м.','3,5куб.м.',NULL,'0',1,'2013-12-11 20:55:26',1,'2013-12-11 20:55:26'),(484,21,50,'VOLVO BML   70B    3,0куб.м.','3,0куб.м.',NULL,'0',1,'2013-12-11 20:55:26',1,'2013-12-11 20:55:26'),(485,21,1,'VOLVO L-220E          9,5 куб.м.','9,5 куб.м.',NULL,'0',1,'2013-12-11 20:55:26',1,'2013-12-11 20:55:26'),(486,21,1,'VOLVO L45B-TR       2,5 куб.м.','2,5 куб.м.',NULL,'0',1,'2013-12-11 20:55:26',1,'2013-12-11 20:55:26'),(487,21,1,'МОАЗ  40484            7,0куб.м.','7,0куб.м.',NULL,'0',1,'2013-12-11 20:55:26',1,'2013-12-11 20:55:26'),(488,21,1,'АМКОДОР TO 18Б    3,3куб.м.','3,3тн',NULL,'0',1,'2013-12-11 20:55:26',1,'2013-12-11 20:55:26'),(489,21,1,'ГЕЛЬ SL-5625           0,73куб.м.','0,73куб.м.',NULL,'0',1,'2013-12-11 20:55:26',1,'2013-12-11 20:55:26'),(490,21,1,'ГЕЛЬ                         0,8 куб.м.','0,8куб.м.',NULL,'0',1,'2013-12-11 20:55:26',1,'2013-12-11 20:55:26'),(491,22,1,'Электропогрузчик ЭП-103  1тн',NULL,NULL,'0',1,'2013-12-11 20:55:26',1,'2013-12-11 20:55:26'),(492,22,1,'Электропогрузчик ЭП-201  2тн',NULL,NULL,'0',1,'2013-12-11 20:55:26',1,'2013-12-11 20:55:26'),(493,22,1,'Электропогрузчик ЭПВ-1,25-612  1,2тн',NULL,NULL,'0',1,'2013-12-11 20:55:26',1,'2013-12-11 20:55:26'),(494,22,1,'Электропогрузчик ЭП-205У  2тн',NULL,NULL,'0',1,'2013-12-11 20:55:26',1,'2013-12-11 20:55:26'),(495,22,1,'Электропогрузчик КВЗ-02      1,5тн',NULL,NULL,'0',1,'2013-12-11 20:55:26',1,'2013-12-11 20:55:26'),(496,22,1,'Электропогрузчик ЕВ-735      3тн','Гп.3тн',NULL,'0',1,'2013-12-11 20:55:26',1,'2013-12-11 20:55:26'),(497,22,1,'Электропогрузчик ЕВ-701.702.717  2тн',NULL,NULL,'0',1,'2013-12-11 20:55:26',1,'2013-12-11 20:55:26'),(498,22,1,'Электропогрузчик Шинко 4FB13L-VF230   1,25тн',NULL,NULL,'0',1,'2013-12-11 20:55:26',1,'2013-12-11 20:55:26'),(499,22,1,'Электропогрузчик Шинко 4FB20Z-V300  2тн',NULL,NULL,'0',1,'2013-12-11 20:55:26',1,'2013-12-11 20:55:26'),(500,22,1,'Электропогрузчик Шинко 4FB15S-VF250P  1,5тн',NULL,NULL,'0',1,'2013-12-11 20:55:26',1,'2013-12-11 20:55:26'),(501,22,1,'Электротележка    ЭП-011      2тн','Гп.2тн',NULL,'0',1,'2013-12-11 20:55:26',1,'2013-12-11 20:55:26'),(502,22,1,'Электротележка    ЭТ-2047  2тн',NULL,NULL,'0',1,'2013-12-11 20:55:26',1,'2013-12-11 20:55:26'),(503,22,1,'Электротележка ЕП-006      2тн',NULL,NULL,'0',1,'2013-12-11 20:55:26',1,'2013-12-11 20:55:26'),(504,22,1,'Электротележка  ручная BTLT-2000    2тн',NULL,NULL,'0',1,'2013-12-11 20:55:26',1,'2013-12-11 20:55:26'),(505,22,1,'Электроштабелер ЕВ-418-45-4               1тн',NULL,NULL,'0',1,'2013-12-11 20:55:26',1,'2013-12-11 20:55:26'),(506,23,1,'Погрузочная манина \"РОКСОН\"        1200тн/час',NULL,NULL,'0',1,'2013-12-11 20:55:26',1,'2013-12-11 20:55:26'),(507,24,1,'Бульдозер трюмный TD-8E',NULL,NULL,'0',1,'2013-12-11 20:55:26',1,'2013-12-11 20:55:26'),(508,24,1,'Бульдозер трюмный BD-2E',NULL,NULL,'0',1,'2013-12-11 20:55:26',1,'2013-12-11 20:55:26'),(509,24,1,'Бульдозер трюмный BD-2F',NULL,NULL,'0',1,'2013-12-11 20:55:26',1,'2013-12-11 20:55:26'),(510,24,1,'Бульдозер трюмный D21-A',NULL,NULL,'0',1,'2013-12-11 20:55:26',1,'2013-12-11 20:55:26'),(511,24,1,'Погрузчик трюмный ПСГ-100',NULL,NULL,'0',1,'2013-12-11 20:55:26',1,'2013-12-11 20:55:26'),(512,24,1,'Трюмный кран TK-IM',NULL,NULL,'0',1,'2013-12-11 20:55:26',1,'2013-12-11 20:55:26'),(513,24,1,'Трюмная машина МВС-4М',NULL,NULL,'0',1,'2013-12-11 20:55:26',1,'2013-12-11 20:55:26'),(514,25,1,'Колесный бульдозер Д-579 МТЗ-50',NULL,NULL,'0',1,'2013-12-11 20:55:26',1,'2013-12-11 20:55:26'),(515,25,1,'Гусеничный бульдозер Д-606 ДТ-75',NULL,NULL,'0',1,'2013-12-11 20:55:26',1,'2013-12-11 20:55:26'),(516,25,1,'Гусеничный бульдозер ДЗ-101(Т-4АП) Т-4АП',NULL,NULL,'0',1,'2013-12-11 20:55:26',1,'2013-12-11 20:55:26'),(517,25,1,'Гусеничный бульдозер ДЗ-110В/Т-130М',NULL,NULL,'0',1,'2013-12-11 20:55:26',1,'2013-12-11 20:55:26'),(518,25,1,'Гусеничный бульдозер Д-27С(Т-130) Т-130',NULL,NULL,'0',1,'2013-12-11 20:55:26',1,'2013-12-11 20:55:26'),(519,25,1,'Гусеничный бульдозер ДЗ-162/ДТ-75',NULL,NULL,'0',1,'2013-12-11 20:55:26',1,'2013-12-11 20:55:26'),(520,25,1,'Гусеничный бульдозер ДЗ1Р-17',NULL,NULL,'0',1,'2013-12-11 20:55:26',1,'2013-12-11 20:55:26'),(521,25,1,'Гусеничный бульдозер Д-535 Т-74',NULL,NULL,'0',1,'2013-12-11 20:55:26',1,'2013-12-11 20:55:26'),(522,25,1,'Гусеничный бульдозер С-100',NULL,NULL,'0',1,'2013-12-11 20:55:26',1,'2013-12-11 20:55:26'),(523,25,1,'Гусеничный бульдозер ТД-12        3,2куб.м.',NULL,NULL,'0',1,'2013-12-11 20:55:26',1,'2013-12-11 20:55:26'),(524,25,1,'Гусеничный бульдозер Т-130',NULL,NULL,'0',1,'2013-12-11 20:55:26',1,'2013-12-11 20:55:26'),(525,25,1,'Гусеничный бульдозер Т-170',NULL,NULL,'0',1,'2013-12-11 20:55:26',1,'2013-12-11 20:55:26'),(526,25,1,'Гусеничный бульдозер ДЗ-100',NULL,NULL,'0',1,'2013-12-11 20:55:26',1,'2013-12-11 20:55:26'),(527,25,1,'Гусеничный бульдозер ДЗ-170',NULL,NULL,'0',1,'2013-12-11 20:55:26',1,'2013-12-11 20:55:26'),(528,25,1,'Гусеничный бульдозер ДЗ-42Г',NULL,NULL,'0',1,'2013-12-11 20:55:26',1,'2013-12-11 20:55:26'),(529,25,1,'Гусеничный бульдозер ДЗ-42/ДТ-75',NULL,NULL,'0',1,'2013-12-11 20:55:26',1,'2013-12-11 20:55:26'),(530,25,1,'Гусеничный бульдозер ДЗ-27',NULL,NULL,'0',1,'2013-12-11 20:55:26',1,'2013-12-11 20:55:26'),(531,25,1,'Гусеничный бульдозер Т-74 СМД-14',NULL,NULL,'0',1,'2013-12-11 20:55:26',1,'2013-12-11 20:55:26'),(532,25,1,'Гусеничный бульдозер Т-4А',NULL,NULL,'0',1,'2013-12-11 20:55:26',1,'2013-12-11 20:55:26'),(533,25,1,'Гусеничный бульдозер Т-100',NULL,NULL,'0',1,'2013-12-11 20:55:26',1,'2013-12-11 20:55:26'),(534,25,1,'Гусеничный бульдозер ДЗ-27(Т-130)',NULL,NULL,'0',1,'2013-12-11 20:55:26',1,'2013-12-11 20:55:26'),(535,25,1,'Гусеничный бульдозер ДЗ-17С(Т-130)',NULL,NULL,'0',1,'2013-12-11 20:55:26',1,'2013-12-11 20:55:26'),(536,25,51,'Гусеничный бульдозер ДР-171',NULL,NULL,'0',1,'2013-12-11 20:55:26',1,'2013-12-11 20:55:26'),(537,25,51,'Гусеничный бульдозер Д-271',NULL,NULL,'0',1,'2013-12-11 20:55:26',1,'2013-12-11 20:55:26'),(538,25,1,'Гусеничный бульдозер ДЗ-100',NULL,NULL,'0',1,'2013-12-11 20:55:26',1,'2013-12-11 20:55:26'),(539,25,1,'Гусеничный бульдозер НО-00120',NULL,NULL,'0',1,'2013-12-11 20:55:26',1,'2013-12-11 20:55:26'),(540,25,1,'Гусеничный бульдозер Д-6Д',NULL,NULL,'0',1,'2013-12-11 20:55:26',1,'2013-12-11 20:55:26'),(541,25,1,'Гусеничный бульдозер Д-155А-1',NULL,NULL,'0',1,'2013-12-11 20:55:26',1,'2013-12-11 20:55:26'),(542,25,1,'Гусеничный бульдозер Д-50Р',NULL,NULL,'0',1,'2013-12-11 20:55:26',1,'2013-12-11 20:55:26'),(543,25,1,'Гусеничный бульдозер ИНТЕНАЦИОНАЛ ТД-8Е',NULL,NULL,'0',1,'2013-12-11 20:55:26',1,'2013-12-11 20:55:26'),(544,25,1,'Гусеничный бульдозер ДРЕССЕР ТД-15',NULL,NULL,'0',1,'2013-12-11 20:55:26',1,'2013-12-11 20:55:26'),(545,25,1,'Гусеничный бульдозер ДРЕССЕР ТД-12     3,2куб.м.',NULL,NULL,'0',1,'2013-12-11 20:55:26',1,'2013-12-11 20:55:26'),(546,25,1,'Гусеничный бульдозер ДРЕССЕР ТД-7',NULL,NULL,'0',1,'2013-12-11 20:55:26',1,'2013-12-11 20:55:26'),(547,25,1,'Гусеничный бульдозер Дресста,TD-15H',NULL,NULL,'0',1,'2013-12-11 20:55:26',1,'2013-12-11 20:55:26'),(548,25,1,'Гусеничный бульдозер KOMATSU-BC3F',NULL,NULL,'0',1,'2013-12-11 20:55:26',1,'2013-12-11 20:55:26'),(549,25,1,'Гусеничный бульдозер KOMATSU-D21A6',NULL,NULL,'0',1,'2013-12-11 20:55:26',1,'2013-12-11 20:55:26'),(550,25,1,'Гусеничный бульдозер KOMATSU-DЗ1Р-20        1,5куб.м.',NULL,NULL,'0',1,'2013-12-11 20:55:26',1,'2013-12-11 20:55:26'),(551,25,1,'Гусеничный бульдозер KOMATSU-DЗ1Р-18',NULL,NULL,'0',1,'2013-12-11 20:55:26',1,'2013-12-11 20:55:26'),(552,25,1,'Гусеничный бульдозер KOMATSU-DЗ1Р-17',NULL,NULL,'0',1,'2013-12-11 20:55:26',1,'2013-12-11 20:55:26'),(553,25,1,'Гусеничный бульдозер KOMATSU D65E',NULL,NULL,'0',1,'2013-12-11 20:55:26',1,'2013-12-11 20:55:26'),(554,25,1,'Гусеничный бульдозер KOMATSU Д-85A-21',NULL,NULL,'0',1,'2013-12-11 20:55:26',1,'2013-12-11 20:55:26'),(555,25,1,'Гусеничный бульдозер KOMATSU Д-85A',NULL,NULL,'0',1,'2013-12-11 20:55:26',1,'2013-12-11 20:55:26'),(556,25,1,'Гусеничный бульдозер KOMATSU Д-85EX-15',NULL,NULL,'0',1,'2013-12-11 20:55:26',1,'2013-12-11 20:55:26'),(557,25,1,'Гусеничный бульдозер KOMATSU Д-85Р-21Е',NULL,NULL,'0',1,'2013-12-11 20:55:26',1,'2013-12-11 20:55:26'),(558,25,1,'Гусеничный бульдозер КАТЕРПИЛЛЕР D7G',NULL,NULL,'0',1,'2013-12-11 20:55:26',1,'2013-12-11 20:55:26'),(559,25,1,'Гусеничный бульдозер ЛИБХЕРР  PR722B          2,3куб.м.',NULL,NULL,'0',1,'2013-12-11 20:55:26',1,'2013-12-11 20:55:26'),(560,25,1,'Гусеничный бульдозер Б 10.1111-ЕН',NULL,NULL,'0',1,'2013-12-11 20:55:26',1,'2013-12-11 20:55:26'),(561,25,1,'Гусеничный бульдозер Б 10.111-1Е',NULL,NULL,'0',1,'2013-12-11 20:55:26',1,'2013-12-11 20:55:26'),(562,25,1,'Гусеничный бульдозер Б- 170М1.01.В6',NULL,NULL,'0',1,'2013-12-11 20:55:26',1,'2013-12-11 20:55:26'),(563,25,1,'Гусеничный бульдозер Б 170 М1.01.E',NULL,NULL,'0',1,'2013-12-11 20:55:26',1,'2013-12-11 20:55:26'),(564,25,1,'Гусеничный бульдозер Б 10М 01.01.-ЕН',NULL,NULL,'0',1,'2013-12-11 20:55:26',1,'2013-12-11 20:55:26'),(565,25,1,'Гусеничный бульдозер Б 10М.01.02-1Е',NULL,NULL,'0',1,'2013-12-11 20:55:26',1,'2013-12-11 20:55:26'),(566,25,1,'Гусеничный бульдозер Б 10М.01.00-1Е',NULL,NULL,'0',1,'2013-12-11 20:55:26',1,'2013-12-11 20:55:26'),(567,26,1,'Трактор колесный Т-25 Д21А-1',NULL,NULL,'0',1,'2013-12-11 20:55:26',1,'2013-12-11 20:55:26'),(568,26,1,'Трактор колесный Т-40 Д-37М',NULL,NULL,'0',1,'2013-12-11 20:55:26',1,'2013-12-11 20:55:26'),(569,26,1,'Трактор ДЗ-162/ДТ-75',NULL,NULL,'0',1,'2013-12-11 20:55:26',1,'2013-12-11 20:55:26'),(570,26,1,'Трактор Т-4АП2С1 А-01M',NULL,NULL,'0',1,'2013-12-11 20:55:26',1,'2013-12-11 20:55:26'),(571,26,1,'Трактор колесный МТЗ-50,-52 Д-50',NULL,NULL,'0',1,'2013-12-11 20:55:26',1,'2013-12-11 20:55:26'),(572,26,1,'Трактор колесный Кировец К-700,К-701',NULL,NULL,'0',1,'2013-12-11 20:55:26',1,'2013-12-11 20:55:26'),(573,26,1,'Трактор колесный МТЗ-80,-82 Д-240',NULL,NULL,'0',1,'2013-12-11 20:55:26',1,'2013-12-11 20:55:26'),(574,26,1,'Трактор колесный Т-40М',NULL,NULL,'0',1,'2013-12-11 20:55:26',1,'2013-12-11 20:55:26'),(575,26,1,'Трактор колесный ЮМЗ-6',NULL,NULL,'0',1,'2013-12-11 20:55:26',1,'2013-12-11 20:55:26'),(576,26,1,'Трактор колесный ЛТЗ-55А',NULL,NULL,'0',1,'2013-12-11 20:55:26',1,'2013-12-11 20:55:26'),(577,26,1,'Трактор колесный Т-150',NULL,NULL,'0',1,'2013-12-11 20:55:26',1,'2013-12-11 20:55:26'),(578,26,1,'Трактор гусеничный ДТ-75',NULL,NULL,'0',1,'2013-12-11 20:55:26',1,'2013-12-11 20:55:26'),(579,26,1,'Трактор гусеничный Т-330',NULL,NULL,'0',1,'2013-12-11 20:55:26',1,'2013-12-11 20:55:26'),(580,27,1,'Э-302Б ЮМЗ',NULL,NULL,'0',1,'2013-12-11 20:55:26',1,'2013-12-11 20:55:26'),(581,27,1,'К-406А ЮМЗ',NULL,NULL,'0',1,'2013-12-11 20:55:26',1,'2013-12-11 20:55:26'),(582,27,1,'Комацу PW-150      0,62куб.м.',NULL,NULL,'0',1,'2013-12-11 20:55:26',1,'2013-12-11 20:55:26'),(583,27,1,'Комацу PC-60-5',NULL,NULL,'0',1,'2013-12-11 20:55:26',1,'2013-12-11 20:55:26'),(584,27,1,'Комацу PW60-3',NULL,NULL,'0',1,'2013-12-11 20:55:26',1,'2013-12-11 20:55:26'),(585,27,1,'ЭО-4224                  1,0куб.м.',NULL,NULL,'0',1,'2013-12-11 20:55:26',1,'2013-12-11 20:55:26'),(586,27,1,'ЭО-4121                  0,65куб.м.',NULL,NULL,'0',1,'2013-12-11 20:55:26',1,'2013-12-11 20:55:26'),(587,27,1,'ЭО-2621',NULL,NULL,'0',1,'2013-12-11 20:55:26',1,'2013-12-11 20:55:26'),(588,27,1,'ЭО-2621А                0,25куб.м.',NULL,NULL,'0',1,'2013-12-11 20:55:26',1,'2013-12-11 20:55:26'),(589,27,1,'ЭО-2621В',NULL,NULL,'0',1,'2013-12-11 20:55:26',1,'2013-12-11 20:55:26'),(590,27,1,'ЭО-2621-В-3           0,3куб.м.',NULL,NULL,'0',1,'2013-12-11 20:55:26',1,'2013-12-11 20:55:26'),(591,27,1,'К-606-1',NULL,NULL,'0',1,'2013-12-11 20:55:26',1,'2013-12-11 20:55:26'),(592,27,1,'К-612',NULL,NULL,'0',1,'2013-12-11 20:55:26',1,'2013-12-11 20:55:26'),(593,27,1,'К-406А',NULL,NULL,'0',1,'2013-12-11 20:55:26',1,'2013-12-11 20:55:26'),(594,27,1,'  ЭО 2624',NULL,NULL,'0',1,'2013-12-11 20:55:26',1,'2013-12-11 20:55:26'),(595,27,1,'ЭО-2626',NULL,NULL,'0',1,'2013-12-11 20:55:26',1,'2013-12-11 20:55:26'),(596,27,1,'ЭО-3326                  0,3куб.м.',NULL,NULL,'0',1,'2013-12-11 20:55:26',1,'2013-12-11 20:55:26'),(597,27,1,'ЭО-3322Б',NULL,NULL,'0',1,'2013-12-11 20:55:26',1,'2013-12-11 20:55:26'),(598,27,1,'ЭО-10011',NULL,NULL,'0',1,'2013-12-11 20:55:26',1,'2013-12-11 20:55:26'),(599,27,1,'ЭО-902',NULL,NULL,'0',1,'2013-12-11 20:55:26',1,'2013-12-11 20:55:26'),(600,27,1,'5122А',NULL,NULL,'0',1,'2013-12-11 20:55:26',1,'2013-12-11 20:55:26'),(601,27,1,'Э-302Б',NULL,NULL,'0',1,'2013-12-11 20:55:26',1,'2013-12-11 20:55:26'),(602,27,1,'4321Б',NULL,NULL,'0',1,'2013-12-11 20:55:26',1,'2013-12-11 20:55:26'),(603,27,1,'УДС-114',NULL,NULL,'0',1,'2013-12-11 20:55:26',1,'2013-12-11 20:55:26'),(604,27,1,'1С-30',NULL,NULL,'0',1,'2013-12-11 20:55:26',1,'2013-12-11 20:55:26'),(605,27,1,'- погрузчик  JCB 3CX         1,0куб.м.',NULL,NULL,'0',1,'2013-12-11 20:55:26',1,'2013-12-11 20:55:26'),(606,27,1,'JCB JS160W   0,72куб.м.',NULL,NULL,'0',1,'2013-12-11 20:55:26',1,'2013-12-11 20:55:26'),(607,27,1,'JCB                  0,25куб.м.',NULL,NULL,'0',1,'2013-12-11 20:55:26',1,'2013-12-11 20:55:26'),(608,27,1,'МЕНЗИ-МУК 3000',NULL,NULL,'0',1,'2013-12-11 20:55:26',1,'2013-12-11 20:55:26'),(609,27,1,'ЛИБХЕР A-902           0,8куб.м.',NULL,NULL,'0',1,'2013-12-11 20:55:26',1,'2013-12-11 20:55:26'),(610,27,1,'ЛИБХЕР R974 B Litronic       7,2 тн',NULL,NULL,'0',1,'2013-12-11 20:55:26',1,'2013-12-11 20:55:26'),(611,27,1,'ЛИБХЕР R-902',NULL,NULL,'0',1,'2013-12-11 20:55:26',1,'2013-12-11 20:55:26'),(612,28,1,'Транспортер передвижной РЗ-УТМ',NULL,NULL,'0',1,'2013-12-11 20:55:26',1,'2013-12-11 20:55:26'),(613,28,1,'Прицеп автомобильный ИАПЗ-754В 4,0тн',NULL,NULL,'0',1,'2013-12-11 20:55:26',1,'2013-12-11 20:55:26'),(614,28,1,'Прицеп тракторный (автомобильный) 2ПТС-4М 4,0тн',NULL,NULL,'0',1,'2013-12-11 20:55:26',1,'2013-12-11 20:55:26'),(615,28,1,'Прицеп тракторный (автомобильный) 2ПТС-6    6,0тн',NULL,NULL,'0',1,'2013-12-11 20:55:26',1,'2013-12-11 20:55:26'),(616,28,1,'Прицеп -роспуск',NULL,NULL,'0',1,'2013-12-11 20:55:26',1,'2013-12-11 20:55:26'),(617,28,1,'Прицеп  ОДАЗ-9357',NULL,NULL,'0',1,'2013-12-11 20:55:26',1,'2013-12-11 20:55:26'),(618,28,1,'Полуприцеп тракторный  ОЗТП-8572           13,0тн',NULL,NULL,'0',1,'2013-12-11 20:55:26',1,'2013-12-11 20:55:26'),(619,28,1,'Полуприцеп -тяжеловоз длиной 9м       55,0тн',NULL,NULL,'0',1,'2013-12-11 20:55:26',1,'2013-12-11 20:55:26'),(620,28,1,'Полуприцеп -тяжеловоз длиной 12м   60,0тн',NULL,NULL,'0',1,'2013-12-11 20:55:26',1,'2013-12-11 20:55:26'),(621,28,30,'Полуприцеп ФТ-41ТВ/40\' ф.SYSU 40,0тн',NULL,NULL,'0',1,'2013-12-11 20:55:26',1,'2013-12-11 20:55:26'),(622,28,1,'Шнековый погрузчик КШП-5',NULL,NULL,'0',1,'2013-12-11 20:55:26',1,'2013-12-11 20:55:26'),(623,28,1,'Транспортер передвижной РЗ-УТМ',NULL,NULL,'0',1,'2013-12-11 20:55:26',1,'2013-12-11 20:55:26'),(624,28,1,'Гидр.телескоп.подъемник Р-200 Ай-чи h=25м',NULL,NULL,'0',1,'2013-12-11 20:55:26',1,'2013-12-11 20:55:26'),(625,28,1,'Тракторопогрузчик Валмет Н-240',NULL,NULL,'0',1,'2013-12-11 20:55:26',1,'2013-12-11 20:55:26'),(626,28,1,'Тракторопогрузчик ТО-7(ДТ-75) CМД-14',NULL,NULL,'0',1,'2013-12-11 20:55:26',1,'2013-12-11 20:55:26'),(627,28,1,'Уборочная машина КО-707(МТЗ-80) Д-240',NULL,NULL,'0',1,'2013-12-11 20:55:26',1,'2013-12-11 20:55:26'),(628,28,1,'Полоуборочная машина АМ-СЕРИМАГ 1250',NULL,NULL,'0',1,'2013-12-11 20:55:26',1,'2013-12-11 20:55:26'),(629,28,1,'Уборочная машина КО-705(Т-40) Д-37М',NULL,NULL,'0',1,'2013-12-11 20:55:26',1,'2013-12-11 20:55:26'),(630,28,1,'Двухосный прицеп 3ПТС-13     13,0тн',NULL,NULL,'0',1,'2013-12-11 20:55:26',1,'2013-12-11 20:55:26'),(631,28,1,'Двухосный прицеп ММЗ-768Б  12,0тн',NULL,NULL,'0',1,'2013-12-11 20:55:26',1,'2013-12-11 20:55:26'),(632,28,1,'Двухосный прицеп ММЗ-771    9,0тн',NULL,NULL,'0',1,'2013-12-11 20:55:26',1,'2013-12-11 20:55:26'),(633,28,1,'Прицеп-цистерна 8655-10-03     4,0куб.м.',NULL,NULL,'0',1,'2013-12-11 20:55:26',1,'2013-12-11 20:55:26'),(634,28,1,'Прицеп автомобильный ГКБ-917 4,0тн',NULL,NULL,'0',1,'2013-12-11 20:55:26',1,'2013-12-11 20:55:26'),(635,28,1,'длиной  9м, 60тн',NULL,NULL,'0',1,'2013-12-11 20:55:26',1,'2013-12-11 20:55:26'),(636,28,1,'длиной 12м  50тн',NULL,NULL,'0',1,'2013-12-11 20:55:26',1,'2013-12-11 20:55:26'),(637,28,1,'длиной 12м  60тн',NULL,NULL,'0',1,'2013-12-11 20:55:26',1,'2013-12-11 20:55:26'),(638,28,1,'длиной 12м  70тн',NULL,NULL,'0',1,'2013-12-11 20:55:26',1,'2013-12-11 20:55:26'),(639,28,1,'длиной 12м  80тн',NULL,NULL,'0',1,'2013-12-11 20:55:26',1,'2013-12-11 20:55:26'),(640,28,1,' 40\' РОКО   60тн',NULL,NULL,'0',1,'2013-12-11 20:55:26',1,'2013-12-11 20:55:26'),(641,28,1,'40\' SYSU     40тн',NULL,NULL,'0',1,'2013-12-11 20:55:26',1,'2013-12-11 20:55:26'),(642,28,1,'40\' Аральского з-да      20тн',NULL,NULL,'0',1,'2013-12-11 20:55:26',1,'2013-12-11 20:55:26'),(643,28,1,'40\' Аральского з-да      25тн',NULL,NULL,'0',1,'2013-12-11 20:55:26',1,'2013-12-11 20:55:26'),(644,28,1,'40\' Аральского з-да      40тн',NULL,NULL,'0',1,'2013-12-11 20:55:26',1,'2013-12-11 20:55:26'),(645,28,1,'40\' Планмарин        60тн',NULL,NULL,'0',1,'2013-12-11 20:55:26',1,'2013-12-11 20:55:26'),(646,28,52,'40/60GN  40\'           60тн',NULL,NULL,'0',1,'2013-12-11 20:55:26',1,'2013-12-11 20:55:26'),(647,28,53,'RT 60/80 Сиком      80тн',NULL,NULL,'0',1,'2013-12-11 20:55:26',1,'2013-12-11 20:55:26'),(648,28,54,'RT 40/70 Блесте    70тн',NULL,NULL,'0',1,'2013-12-11 20:55:26',1,'2013-12-11 20:55:26'),(649,28,53,'RT 40/60 Сиком     60тн',NULL,NULL,'0',1,'2013-12-11 20:55:26',1,'2013-12-11 20:55:26'),(650,28,1,'20/60',NULL,NULL,'0',1,'2013-12-11 20:55:26',1,'2013-12-11 20:55:26'),(651,28,1,'40/60',NULL,NULL,'0',1,'2013-12-11 20:55:26',1,'2013-12-11 20:55:26'),(652,28,30,'Полуприцеп портовый СИСУ FT-41 TB       41тн',NULL,NULL,'0',1,'2013-12-11 20:55:26',1,'2013-12-11 20:55:26'),(653,28,1,'Бункер',NULL,NULL,'0',1,'2013-12-11 20:55:26',1,'2013-12-11 20:55:26'),(654,28,1,'Бункер самоходный',NULL,NULL,'0',1,'2013-12-11 20:55:26',1,'2013-12-11 20:55:26'),(655,28,1,'Грейфер 6051 зерн. 5тн 0,7-0,8т/м.куб.',NULL,NULL,'0',1,'2013-12-11 20:55:26',1,'2013-12-11 20:55:26'),(656,28,1,'Грейфер 925 лесн.10тн',NULL,NULL,'0',1,'2013-12-11 20:55:26',1,'2013-12-11 20:55:26'),(657,28,1,'Грейфер 4715 угольн.10тн 0,8-1,05т/м.куб.',NULL,NULL,'0',1,'2013-12-11 20:55:26',1,'2013-12-11 20:55:26'),(658,28,1,'Грейфер 4715М зерн.10тн 0,7-0,8т/м.куб.',NULL,NULL,'0',1,'2013-12-11 20:55:26',1,'2013-12-11 20:55:26'),(659,28,1,'Грейфер 4735 рудн.10тн 2,0-2,6т/м.куб.',NULL,NULL,'0',1,'2013-12-11 20:55:26',1,'2013-12-11 20:55:26'),(660,28,1,'Грейфер 5038 рудн.10тн 1,5-1,8т/м.куб.',NULL,NULL,'0',1,'2013-12-11 20:55:26',1,'2013-12-11 20:55:26'),(661,28,1,'Грейфер 5684 зерн.10тн 0,7-0,8т/м.куб.',NULL,NULL,'0',1,'2013-12-11 20:55:26',1,'2013-12-11 20:55:26'),(662,28,1,'Грейфер 6050М рудн.10тн 1,5-1,9т/м.куб.',NULL,NULL,'0',1,'2013-12-11 20:55:26',1,'2013-12-11 20:55:26'),(663,28,1,'Грейфер 4011М рудн.16тн 1,5-1,8т/м.куб.',NULL,NULL,'0',1,'2013-12-11 20:55:26',1,'2013-12-11 20:55:26'),(664,28,1,'Грейфер 5366 рудн.16тн 2,5-3,2т/м.куб.',NULL,NULL,'0',1,'2013-12-11 20:55:26',1,'2013-12-11 20:55:26'),(665,28,1,'Грейфер 6052М 16тн 1,05-1,6т/м.куб.',NULL,NULL,'0',1,'2013-12-11 20:55:26',1,'2013-12-11 20:55:26'),(666,28,1,'Контейнерная рама 20\'',NULL,NULL,'0',1,'2013-12-11 20:55:26',1,'2013-12-11 20:55:26'),(667,28,1,'Контейнерная рама 40\'',NULL,NULL,'0',1,'2013-12-11 20:55:26',1,'2013-12-11 20:55:26'),(668,28,1,'Захват трубный',NULL,NULL,'0',1,'2013-12-11 20:55:26',1,'2013-12-11 20:55:26'),(669,28,1,'Балансир 20тн',NULL,NULL,'0',1,'2013-12-11 20:55:26',1,'2013-12-11 20:55:26'),(670,28,1,'Балансир 40тн',NULL,NULL,'0',1,'2013-12-11 20:55:26',1,'2013-12-11 20:55:26'),(671,28,1,'Балансир 80тн',NULL,NULL,'0',1,'2013-12-11 20:55:26',1,'2013-12-11 20:55:26'),(672,28,1,'Лифт грузовой 0,1тн',NULL,NULL,'0',1,'2013-12-11 20:55:26',1,'2013-12-11 20:55:26'),(673,28,1,'Лифт грузовой 0,5тн',NULL,NULL,'0',1,'2013-12-11 20:55:26',1,'2013-12-11 20:55:26'),(674,28,1,'Лифт грузовой 5,0тн',NULL,NULL,'0',1,'2013-12-11 20:55:26',1,'2013-12-11 20:55:26'),(675,28,1,'Разбрасыватель ПРМТ-4  4,0тн',NULL,NULL,'0',1,'2013-12-11 20:55:26',1,'2013-12-11 20:55:26'),(676,28,1,'Разбрасыватель МВУ-5   6,0тн',NULL,NULL,'0',1,'2013-12-11 20:55:26',1,'2013-12-11 20:55:26'),(677,28,1,'Моечная машина HDW-1200',NULL,NULL,'0',1,'2013-12-11 20:55:26',1,'2013-12-11 20:55:26'),(678,28,1,'Моечная машина HDS-1210',NULL,NULL,'0',1,'2013-12-11 20:55:26',1,'2013-12-11 20:55:26'),(679,28,1,'Маpкиpовочная машина ДЭ-3А',NULL,NULL,'0',1,'2013-12-11 20:55:26',1,'2013-12-11 20:55:26'),(680,28,1,'Грейфер FMD лесн.16тн 1,05-1,6т/м.куб.',NULL,NULL,'0',1,'2013-12-11 20:55:26',1,'2013-12-11 20:55:26'),(681,28,1,'Автомобиль ВАЗ-21011',NULL,NULL,'0',1,'2013-12-11 20:55:26',1,'2013-12-11 20:55:26'),(682,28,1,'Автомобиль РАФ-2203',NULL,NULL,'0',1,'2013-12-11 20:55:26',1,'2013-12-11 20:55:26'),(683,28,1,'Тракторопогрузчик САТERPILLAR-931C',NULL,NULL,'0',1,'2013-12-11 20:55:26',1,'2013-12-11 20:55:26'),(684,28,1,'Ун.дор.машина К-702МВ-УДМ',NULL,NULL,'0',1,'2013-12-11 20:55:26',1,'2013-12-11 20:55:26'),(685,28,1,'Маркировочная машина ДЭ-3А',NULL,NULL,'0',1,'2013-12-11 20:55:26',1,'2013-12-11 20:55:26'),(686,28,1,'Автобус ПАЗ-3205',NULL,NULL,'0',1,'2013-12-11 20:55:26',1,'2013-12-11 20:55:26'),(687,28,1,'Автомобиль ЗИЛ-431416',NULL,NULL,'0',1,'2013-12-11 20:55:26',1,'2013-12-11 20:55:26'),(688,28,1,'Автомобиль ГАЗ-52',NULL,NULL,'0',1,'2013-12-11 20:55:26',1,'2013-12-11 20:55:26'),(689,28,1,'Автомобиль ГАЗ-3307',NULL,NULL,'0',1,'2013-12-11 20:55:26',1,'2013-12-11 20:55:26'),(690,28,1,'Стенд шиномонтажный Stahlgruber 14\'-26\'',NULL,NULL,'0',1,'2013-12-11 20:55:26',1,'2013-12-11 20:55:26'),(691,28,1,'Самосвал МАЗ-5551',NULL,NULL,'0',1,'2013-12-11 20:55:26',1,'2013-12-11 20:55:26'),(692,28,1,'Автомобиль М-21251',NULL,NULL,'0',1,'2013-12-11 20:55:26',1,'2013-12-11 20:55:26'),(693,28,1,'Тракторопогрузчик LIEBHERR LR-611M 1.2 куб.м.',NULL,NULL,'0',1,'2013-12-11 20:55:26',1,'2013-12-11 20:55:26'),(694,28,1,'Поливочная машина КО-713Н',NULL,NULL,'0',1,'2013-12-11 20:55:26',1,'2013-12-11 20:55:26'),(695,28,1,'Подметально-уборочная машина ММЗ-ПУ(ЗИЛ-431410)',NULL,NULL,'0',1,'2013-12-11 20:55:26',1,'2013-12-11 20:55:26'),(696,28,1,'Снегоочиститель С-4М',NULL,NULL,'0',1,'2013-12-11 20:55:26',1,'2013-12-11 20:55:26'),(697,28,1,'Снегоочиститель с оборуд. УМ.Т80 МТЗ-82.1.57',NULL,NULL,'0',1,'2013-12-11 20:55:26',1,'2013-12-11 20:55:26'),(698,28,1,' Снегоочиститель  МТЗ-82.1.57. У1',NULL,NULL,'0',1,'2013-12-11 20:55:26',1,'2013-12-11 20:55:26'),(699,28,1,'Уборочная машина Д-447М МТЗ-82',NULL,NULL,'0',1,'2013-12-11 20:55:26',1,'2013-12-11 20:55:26'),(700,28,1,'Уборочная машина ПФС-075-13 МТЗ-82',NULL,NULL,'0',1,'2013-12-11 20:55:26',1,'2013-12-11 20:55:26'),(701,2,4,'НОВАЯ','Самые Плохие Характеристики',NULL,NULL,1,'2013-12-16 17:04:09',NULL,NULL),(702,2,1,'ГОТВАЛЬД  HSK  170 EG  63 тн 2','Зависимость груз.-вылет см. паспорт крана',NULL,'0',1,'2013-12-19 10:17:30',1,'2013-12-11 20:55:26'),(703,NULL,4,'Трактор Беларусь с ковшом','Маленький ковшик',NULL,NULL,1,'2013-12-19 19:06:53',NULL,NULL),(704,28,4,'Трактор КИРОВЕЦ с ковшом','Большой ковшик',NULL,NULL,1,'2013-12-19 19:08:26',NULL,NULL);
/*!40000 ALTER TABLE `models` ENABLE KEYS */;
UNLOCK TABLES;

--
-- Table structure for table `ports`
--

DROP TABLE IF EXISTS `ports`;
/*!40101 SET @saved_cs_client     = @@character_set_client */;
/*!40101 SET character_set_client = utf8 */;
CREATE TABLE `ports` (
  `port_id` int(11) NOT NULL AUTO_INCREMENT,
  `country_id` int(11) DEFAULT NULL,
  `name` varchar(45) NOT NULL,
  `full_name` varchar(100) DEFAULT NULL,
  `port_note` text,
  `archived` varchar(1) DEFAULT NULL,
  `create_date` datetime NOT NULL,
  `create_user_id` int(11) NOT NULL,
  `update_date` datetime NOT NULL,
  `update_user_id` int(11) NOT NULL,
  PRIMARY KEY (`port_id`)
) ENGINE=InnoDB AUTO_INCREMENT=66 DEFAULT CHARSET=utf8;
/*!40101 SET character_set_client = @saved_cs_client */;

--
-- Dumping data for table `ports`
--

LOCK TABLES `ports` WRITE;
/*!40000 ALTER TABLE `ports` DISABLE KEYS */;
INSERT INTO `ports` VALUES (1,1,'Алексан.-на-Сахалине','ОАО \"Александровский-на-Сахалине Морской порт\"',NULL,NULL,'2013-12-04 15:13:54',1,'2013-12-04 15:13:54',1),(2,1,'Амдерминский','ОАО \"Амдерминский морской торговый порт\"',NULL,NULL,'2013-12-04 15:13:54',1,'2013-12-04 15:13:54',1),(3,1,'Анадырский','ОАО \"Анадырский морской торговый порт\"',NULL,NULL,'2013-12-04 15:13:54',1,'2013-12-04 15:13:54',1),(4,1,'Анапский','Предприятие \"Морской порт Анапа\"',NULL,NULL,'2013-12-04 15:13:54',1,'2013-12-04 15:13:54',1),(5,1,'Архангельский','ОАО \"Архангельский морской торговый порт\"',NULL,NULL,'2013-12-04 15:13:54',1,'2013-12-04 15:13:54',1),(6,1,'Беринговский','Гп\"Беринговский морской торговый порт\"',NULL,NULL,'2013-12-04 15:13:54',1,'2013-12-04 15:13:54',1),(7,1,'Бошняковский','ЗАО\"Морской торговый порт Бошняково\"',NULL,NULL,'2013-12-04 15:13:54',1,'2013-12-04 15:13:54',1),(8,1,'Ванинский','ОАО \"Ванинский морской торговый порт\"',NULL,NULL,'2013-12-04 15:13:54',1,'2013-12-04 15:13:54',1),(9,1,'Владивостокский','ОАО \"Владивостокский морской торговый порт\"',NULL,NULL,'2013-12-04 15:13:54',1,'2013-12-04 15:13:54',1),(10,1,'Восточный','ОАО \"Восточный порт\"',NULL,NULL,'2013-12-04 15:13:54',1,'2013-12-04 15:13:54',1),(11,1,'Выборгский','ООО \"Порт  Выборский\"',NULL,NULL,'2013-12-04 15:13:54',1,'2013-12-04 15:13:54',1),(12,1,'Высоцкий','ООО \"Порт Высоцкий\"',NULL,NULL,'2013-12-04 15:13:54',1,'2013-12-04 15:13:54',1),(13,1,'Геленжикский','ЗАО \"Геленжикский морской порт\"',NULL,NULL,'2013-12-04 15:13:54',1,'2013-12-04 15:13:54',1),(14,1,'Калининградский','ОАО \"Калининградский морской торговый порт \"',NULL,NULL,'2013-12-04 15:13:54',1,'2013-12-04 15:13:54',1),(15,1,'Кандалакшский','ЗАО \"Кандалакшский морской торговый порт\"',NULL,NULL,'2013-12-04 15:13:54',1,'2013-12-04 15:13:54',1),(16,1,'Корсаковский','ОАО \"Корсаковский морской торговый порт\"',NULL,NULL,'2013-12-04 15:13:54',1,'2013-12-04 15:13:54',1),(17,1,'Красногорский','ОАО \"Красногорский морской торговый порт\"',NULL,NULL,'2013-12-04 15:13:54',1,'2013-12-04 15:13:54',1),(18,1,'Магаданский','ОАО \"Магаданский морской торговый порт\"',NULL,NULL,'2013-12-04 15:13:54',1,'2013-12-04 15:13:54',1),(19,1,'Махачкалинский','ФГУП \"Махачкалинский междунар.морск. торг. порт\"',NULL,NULL,'2013-12-04 15:13:54',1,'2013-12-04 15:13:54',1),(20,1,'Мезенский','ОАО \"Мезенский морской торговый порт\"',NULL,NULL,'2013-12-04 15:13:54',1,'2013-12-04 15:13:54',1),(21,1,'Мурманский','ОАО \"Мурманский морской торговый порт\"',NULL,NULL,'2013-12-04 15:13:54',1,'2013-12-04 15:13:54',1),(22,1,'Нарьян-Марский','ОАО \"Нарьян-Марский морской тоговый порт\"',NULL,NULL,'2013-12-04 15:13:54',1,'2013-12-04 15:13:54',1),(23,1,'Находкинский','ОАО \"Находкинский морской торговый порт\"',NULL,NULL,'2013-12-04 15:13:54',1,'2013-12-04 15:13:54',1),(24,1,'Находкин.Нефтепорт','ОАО \"Находкинский нефтеналивной морской торг.порт\"',NULL,NULL,'2013-12-04 15:13:54',1,'2013-12-04 15:13:54',1),(25,1,'Николаевск-на-Амуре','ОАО \"Николаевский-на-Амуре морской порт\"',NULL,NULL,'2013-12-04 15:13:54',1,'2013-12-04 15:13:54',1),(26,1,'Новороссийский','ОАО \"Новороссийский морской торговый порт\"',NULL,NULL,'2013-12-04 15:13:54',1,'2013-12-04 15:13:54',1),(27,1,'Онежский','Онежский морской торговый порт',NULL,NULL,'2013-12-04 15:13:54',1,'2013-12-04 15:13:54',1),(28,1,'Певекский','ОАО \"Морской торговый порт Певек',NULL,NULL,'2013-12-04 15:13:54',1,'2013-12-04 15:13:54',1),(29,1,'Петропавловск Камч.','ОАО \"Петропавловск-Камчатский морской торг. порт\"',NULL,NULL,'2013-12-04 15:13:54',1,'2013-12-04 15:13:54',1),(30,1,'Поронайский','Поронайский морской торговый порт',NULL,NULL,'2013-12-04 15:13:54',1,'2013-12-04 15:13:54',1),(31,1,'Посьет','ОАО \"Торговый порт Посьет\"',NULL,NULL,'2013-12-04 15:13:54',1,'2013-12-04 15:13:54',1),(32,1,'Провиденский','ОАО\" Морской порт Провидения\"',NULL,NULL,'2013-12-04 15:13:54',1,'2013-12-04 15:13:54',1),(33,1,'С-Петербургский','ОАО \"Морской порт Санкт-Петербург\"',NULL,NULL,'2013-12-04 15:13:54',1,'2013-12-04 15:13:54',1),(34,1,'Сочинский','ОАО \"Сочинский морской торговый порт\"',NULL,NULL,'2013-12-04 15:13:54',1,'2013-12-04 15:13:54',1),(35,1,'Таганрогский','ОАО \"Таганрогский морской торговый порт\"',NULL,NULL,'2013-12-04 15:13:54',1,'2013-12-04 15:13:54',1),(36,1,'Темрюкский','ОАО \"Морской торговый порт Темрюк\"',NULL,NULL,'2013-12-04 15:13:54',1,'2013-12-04 15:13:54',1),(37,1,'Тиксинский','ОАО \"Тиксинский морской торговый порт\"',NULL,NULL,'2013-12-04 15:13:54',1,'2013-12-04 15:13:54',1),(38,1,'Туапсинский','ОАО \"Туапсинский морской торговый порт\"',NULL,NULL,'2013-12-04 15:13:54',1,'2013-12-04 15:13:54',1),(39,1,'Углегорский','ЗАО\"Углегорский морской торговый порт\"',NULL,NULL,'2013-12-04 15:13:54',1,'2013-12-04 15:13:54',1),(40,1,'Усть-Камчатский','ОАО \"Усть-Камчатский морской торговый порт\"',NULL,NULL,'2013-12-04 15:13:54',1,'2013-12-04 15:13:54',1),(41,1,'Хатангский','ГП \"Морской торговый порт Хатанга\".',NULL,NULL,'2013-12-04 15:13:54',1,'2013-12-04 15:13:54',1),(42,1,'Холмский','ОАО \"Холмский морской торговый порт\"',NULL,NULL,'2013-12-04 15:13:54',1,'2013-12-04 15:13:54',1),(43,1,'Шахтерский','ОАО\" Шахтерский морской торговый порт',NULL,NULL,'2013-12-04 15:13:54',1,'2013-12-04 15:13:54',1),(44,1,'Эгвекинот','ОАО \"Морской торговый порт Эгвекинот\"',NULL,NULL,'2013-12-04 15:13:54',1,'2013-12-04 15:13:54',1),(45,1,'Ейский','ОАО \"Ейский морской порт\"',NULL,NULL,'2013-12-04 15:13:54',1,'2013-12-04 15:13:54',1),(46,1,'Усть-Лужский','ОАО «Морской торговый порт Усть-Луга»\nОАО «Морской торговый порт Усть-Луга»',NULL,NULL,'2013-12-04 15:13:54',1,'2013-12-04 15:13:54',1),(47,1,'Пассажирский порт СПб','ОАО \"Пассажирский порт Санкт-Петербург \"Морской фасад\"',NULL,NULL,'2013-12-04 15:13:54',1,'2013-12-04 15:13:54',1),(48,1,'Ростовский','ООО \"Ростовский универсальный порт\"',NULL,NULL,'2013-12-04 15:13:54',1,'2013-12-04 15:13:54',1);
/*!40000 ALTER TABLE `ports` ENABLE KEYS */;
UNLOCK TABLES;

--
-- Table structure for table `roles`
--

DROP TABLE IF EXISTS `roles`;
/*!40101 SET @saved_cs_client     = @@character_set_client */;
/*!40101 SET character_set_client = utf8 */;
CREATE TABLE `roles` (
  `id` int(6) NOT NULL AUTO_INCREMENT,
  `role` varchar(20) NOT NULL,
  PRIMARY KEY (`id`)
) ENGINE=InnoDB AUTO_INCREMENT=4 DEFAULT CHARSET=utf8;
/*!40101 SET character_set_client = @saved_cs_client */;

--
-- Dumping data for table `roles`
--

LOCK TABLES `roles` WRITE;
/*!40000 ALTER TABLE `roles` DISABLE KEYS */;
INSERT INTO `roles` VALUES (1,'admin'),(2,'moderator'),(3,'guest');
/*!40000 ALTER TABLE `roles` ENABLE KEYS */;
UNLOCK TABLES;

--
-- Table structure for table `stevidors`
--

DROP TABLE IF EXISTS `stevidors`;
/*!40101 SET @saved_cs_client     = @@character_set_client */;
/*!40101 SET character_set_client = utf8 */;
CREATE TABLE `stevidors` (
  `stevidor_id` int(11) NOT NULL AUTO_INCREMENT,
  `port_id` int(11) DEFAULT NULL,
  `name` varchar(45) NOT NULL,
  `name_eng` varchar(45) DEFAULT NULL,
  `full_name` varchar(100) DEFAULT NULL,
  `stevidor_note` text,
  `archived` varchar(1) DEFAULT NULL,
  `create_date` datetime NOT NULL,
  `create_user_id` int(11) NOT NULL,
  `update_date` datetime NOT NULL,
  `update_user_id` int(11) NOT NULL,
  PRIMARY KEY (`stevidor_id`)
) ENGINE=InnoDB AUTO_INCREMENT=70 DEFAULT CHARSET=utf8;
/*!40101 SET character_set_client = @saved_cs_client */;

--
-- Dumping data for table `stevidors`
--

LOCK TABLES `stevidors` WRITE;
/*!40000 ALTER TABLE `stevidors` DISABLE KEYS */;
INSERT INTO `stevidors` VALUES (1,1,'Алексан.-на-Сахалине',NULL,'ОАО \"Александровский-на-Сахалине Морской порт\"',NULL,NULL,'2013-12-04 15:13:54',1,'2013-12-04 15:13:54',1),(2,2,'Амдерминский',NULL,'ОАО \"Амдерминский морской торговый порт\"',NULL,NULL,'2013-12-04 15:13:54',1,'2013-12-04 15:13:54',1),(3,2,'Анадырский',NULL,'ОАО \"Анадырский морской торговый порт\"',NULL,NULL,'2013-12-04 15:13:54',1,'2013-12-14 11:31:12',1),(4,2,'Анапский',NULL,'Предприятие \"Морской порт Анапа\"',NULL,NULL,'2013-12-04 15:13:54',1,'2013-12-14 21:52:33',1),(5,5,'Архангельский',NULL,'ОАО \"Архангельский морской торговый порт\"',NULL,NULL,'2013-12-04 15:13:54',1,'2013-12-04 15:13:54',1),(6,6,'Беринговский',NULL,'ГП \"Беринговский морской торговый порт\"',NULL,NULL,'2013-12-04 15:13:54',1,'2013-12-04 15:13:54',1),(7,7,'Бошняковский',NULL,'ЗАО\"Морской торговый порт Бошняково\"',NULL,NULL,'2013-12-04 15:13:54',1,'2013-12-04 15:13:54',1),(8,8,'Ванинский',NULL,'ОАО \"Ванинский морской торговый порт\"',NULL,NULL,'2013-12-04 15:13:54',1,'2013-12-04 15:13:54',1),(9,9,'Владивостокский',NULL,'ОАО \"Владивостокский морской торговый порт\"',NULL,NULL,'2013-12-04 15:13:54',1,'2013-12-04 15:13:54',1),(10,10,'Восточный',NULL,'ОАО \"Восточный порт\"',NULL,NULL,'2013-12-04 15:13:54',1,'2013-12-04 15:13:54',1),(11,11,'Выборгский',NULL,'ООО \"Порт  Выборгский\"',NULL,NULL,'2013-12-04 15:13:54',1,'2013-12-04 15:13:54',1),(12,12,'Высоцкий',NULL,'ООО \"Порт Высоцкий\"',NULL,NULL,'2013-12-04 15:13:54',1,'2013-12-04 15:13:54',1),(13,13,'Геленжикский',NULL,'ЗАО \"Геленжикский морской порт\"',NULL,NULL,'2013-12-04 15:13:54',1,'2013-12-04 15:13:54',1),(14,14,'Калининградский',NULL,'ОАО \"Калининградский морской торговый порт \"',NULL,NULL,'2013-12-04 15:13:54',1,'2013-12-04 15:13:54',1),(15,15,'Кандалакшский',NULL,'ЗАО \"Кандалакшский морской торговый порт\"',NULL,NULL,'2013-12-04 15:13:54',1,'2013-12-04 15:13:54',1),(16,16,'Корсаковский',NULL,'ОАО \"Корсаковский морской торговый порт\"',NULL,NULL,'2013-12-04 15:13:54',1,'2013-12-04 15:13:54',1),(17,17,'Красногорский',NULL,'ОАО \"Красногорский морской торговый порт\"',NULL,NULL,'2013-12-04 15:13:54',1,'2013-12-04 15:13:54',1),(18,18,'Магаданский',NULL,'ОАО \"Магаданский морской торговый порт\"',NULL,NULL,'2013-12-04 15:13:54',1,'2013-12-04 15:13:54',1),(19,19,'Махачкалинский',NULL,'ФГУП \"Махачкалинский междунар.морск. торг. порт\"',NULL,NULL,'2013-12-04 15:13:54',1,'2013-12-04 15:13:54',1),(20,20,'Мезенский',NULL,'ОАО \"Мезенский морской торговый порт\"',NULL,NULL,'2013-12-04 15:13:54',1,'2013-12-04 15:13:54',1),(21,21,'Мурманский',NULL,'ОАО \"Мурманский морской торговый порт\"',NULL,NULL,'2013-12-04 15:13:54',1,'2013-12-04 15:13:54',1),(22,22,'Нарьян-Марский',NULL,'ОАО \"Нарьян-Марский морской тоговый порт\"',NULL,NULL,'2013-12-04 15:13:54',1,'2013-12-04 15:13:54',1),(23,23,'Находкинский',NULL,'ОАО \"Находкинский морской торговый порт\"',NULL,NULL,'2013-12-04 15:13:54',1,'2013-12-04 15:13:54',1),(24,24,'Находкин.Нефтепорт',NULL,'ОАО \"Находкинский нефтеналивной морской торг.порт\"',NULL,NULL,'2013-12-04 15:13:54',1,'2013-12-04 15:13:54',1),(25,25,'Николаевск-на-Амуре',NULL,'ОАО \"Николаевский-на-Амуре морской порт\"',NULL,NULL,'2013-12-04 15:13:54',1,'2013-12-04 15:13:54',1),(26,26,'Новороссийский',NULL,'ОАО \"Новороссийский морской торговый порт\"',NULL,NULL,'2013-12-04 15:13:54',1,'2013-12-04 15:13:54',1),(27,27,'Онежский',NULL,'Онежский морской торговый порт',NULL,NULL,'2013-12-04 15:13:54',1,'2013-12-04 15:13:54',1),(28,28,'Певекский',NULL,'ОАО \"Морской торговый порт Певек',NULL,NULL,'2013-12-04 15:13:54',1,'2013-12-04 15:13:54',1),(29,29,'Петропавловск Камч.',NULL,'ОАО \"Петропавловск-Камчатский морской торг. порт\"',NULL,NULL,'2013-12-04 15:13:54',1,'2013-12-04 15:13:54',1),(30,30,'Поронайский',NULL,'Поронайский морской торговый порт',NULL,NULL,'2013-12-04 15:13:54',1,'2013-12-04 15:13:54',1),(31,31,'Посьет',NULL,'ОАО \"Торговый порт Посьет\"',NULL,NULL,'2013-12-04 15:13:54',1,'2013-12-04 15:13:54',1),(32,32,'Провиденский',NULL,'ОАО\" Морской порт Провидения\"',NULL,NULL,'2013-12-04 15:13:54',1,'2013-12-04 15:13:54',1),(33,33,'С-Петербургский',NULL,'ОАО \"Морской порт Санкт-Петербург\"',NULL,NULL,'2013-12-04 15:13:54',1,'2013-12-04 15:13:54',1),(34,34,'Сочинский',NULL,'ОАО \"Сочинский морской торговый порт\"',NULL,NULL,'2013-12-04 15:13:54',1,'2013-12-04 15:13:54',1),(35,35,'Таганрогский',NULL,'ОАО \"Таганрогский морской торговый порт\"',NULL,NULL,'2013-12-04 15:13:54',1,'2013-12-04 15:13:54',1),(36,36,'Темрюкский',NULL,'ОАО \"Морской торговый порт Темрюк\"',NULL,NULL,'2013-12-04 15:13:54',1,'2013-12-04 15:13:54',1),(37,37,'Тиксинский',NULL,'ОАО \"Тиксинский морской торговый порт\"',NULL,NULL,'2013-12-04 15:13:54',1,'2013-12-04 15:13:54',1),(38,38,'Туапсинский',NULL,'ОАО \"Туапсинский морской торговый порт\"',NULL,NULL,'2013-12-04 15:13:54',1,'2013-12-04 15:13:54',1),(39,39,'Углегорский',NULL,'ЗАО \"Углегорский морской торговый порт\"',NULL,NULL,'2013-12-04 15:13:54',1,'2013-12-04 15:13:54',1),(40,40,'Усть-Камчатский',NULL,'ОАО \"Усть-Камчатский морской торговый порт\"',NULL,NULL,'2013-12-04 15:13:54',1,'2013-12-04 15:13:54',1),(41,41,'Хатангский',NULL,'ГП \"Морской торговый порт Хатанга\".',NULL,NULL,'2013-12-04 15:13:54',1,'2013-12-04 15:13:54',1),(42,42,'Холмский',NULL,'ОАО \"Холмский морской торговый порт\"',NULL,NULL,'2013-12-04 15:13:54',1,'2013-12-04 15:13:54',1),(43,43,'Шахтерский',NULL,'ОАО \"Шахтерский морской торговый порт',NULL,NULL,'2013-12-04 15:13:54',1,'2013-12-04 15:13:54',1),(44,44,'Эгвекинот',NULL,'ОАО \"Морской торговый порт Эгвекинот\"',NULL,NULL,'2013-12-04 15:13:54',1,'2013-12-04 15:13:54',1),(45,45,'Ейский',NULL,'ОАО \"Ейский морской порт\"',NULL,NULL,'2013-12-04 15:13:54',1,'2013-12-04 15:13:54',1),(46,33,'ББТ',NULL,'ОАО \"Балтийский балкерный терминал\"',NULL,NULL,'2013-12-04 15:13:55',1,'2013-12-04 15:13:55',1),(47,33,'Петролеспорт',NULL,'ОАО \"Петролеспорт\"',NULL,NULL,'2013-12-04 15:13:56',1,'2013-12-04 15:13:56',1),(48,46,'Усть-Лужский МП',NULL,'ОАО \"Усть-Лужский морской порт\"',NULL,NULL,'2013-12-04 15:13:57',1,'2013-12-04 15:13:57',1),(49,33,'ПНТ',NULL,'ЗАО \"Петербургский нефтяной терминал\"',NULL,NULL,'2013-12-04 15:13:57',1,'2013-12-04 15:13:57',1),(50,33,'ПКТ',NULL,'ЗАО \"Первый контейнерный терминал\"',NULL,NULL,'2013-12-04 15:13:57',1,'2013-12-04 15:13:57',1),(51,46,'Усть-Лужский конт.терм.',NULL,'ОАО \"Усть-Лужский контейнерный терминал\"',NULL,NULL,'2013-12-04 15:13:57',1,'2013-12-04 15:13:57',1),(52,9,'Владивостокский МПП',NULL,'ЗАО \"Владивостокский морской пассажирский терминал\"',NULL,NULL,'2013-12-04 15:13:57',1,'2013-12-04 15:13:57',1),(53,9,'Владивостокский МРП',NULL,'ОАО \"Владивостокский морской рыбный порт\"',NULL,NULL,'2013-12-04 15:13:57',1,'2013-12-04 15:13:57',1),(54,10,'Восточная стивидорная компания',NULL,'ООО \"Восточная стивидорная компания\"',NULL,NULL,'2013-12-04 15:13:57',1,'2013-12-04 15:13:57',1),(55,10,'Восточный нефтетерминал',NULL,'ООО \"Восточный нефтехимический терминал\" ',NULL,NULL,'2013-12-04 15:13:57',1,'2013-12-04 15:13:57',1),(56,26,'Новорослесэкспорт',NULL,'ОАО «Новорослесэкспорт»',NULL,NULL,'2013-12-04 15:13:57',1,'2013-12-04 15:13:57',1),(57,47,'ПП СПб МорФасад',NULL,'ОАО \"Пассажирский порт Санкт-Петербург \"Морской фасад\"',NULL,NULL,'2013-12-04 15:13:57',1,'2013-12-04 15:13:57',1),(58,48,'Ростовский УП',NULL,'ООО \"Ростовский универсальный порт\"',NULL,NULL,'2013-12-04 15:13:57',1,'2013-12-04 15:13:57',1);
/*!40000 ALTER TABLE `stevidors` ENABLE KEYS */;
UNLOCK TABLES;

--
-- Table structure for table `user_roles`
--

DROP TABLE IF EXISTS `user_roles`;
/*!40101 SET @saved_cs_client     = @@character_set_client */;
/*!40101 SET character_set_client = utf8 */;
CREATE TABLE `user_roles` (
  `user_id` int(6) NOT NULL,
  `role_id` int(6) NOT NULL,
  PRIMARY KEY (`user_id`),
  UNIQUE KEY `user_id_UNIQUE` (`user_id`),
  KEY `user` (`user_id`),
  KEY `role` (`role_id`)
) ENGINE=InnoDB DEFAULT CHARSET=utf8;
/*!40101 SET character_set_client = @saved_cs_client */;

--
-- Dumping data for table `user_roles`
--

LOCK TABLES `user_roles` WRITE;
/*!40000 ALTER TABLE `user_roles` DISABLE KEYS */;
INSERT INTO `user_roles` VALUES (1,1),(2,1),(3,1),(4,1);
/*!40000 ALTER TABLE `user_roles` ENABLE KEYS */;
UNLOCK TABLES;

--
-- Table structure for table `users`
--

DROP TABLE IF EXISTS `users`;
/*!40101 SET @saved_cs_client     = @@character_set_client */;
/*!40101 SET character_set_client = utf8 */;
CREATE TABLE `users` (
  `id` int(11) NOT NULL AUTO_INCREMENT,
  `country_id` int(11) NOT NULL,
  `stevidor_id` int(11) NOT NULL,
  `port_id` int(11) NOT NULL,
  `first_name` varchar(45) NOT NULL,
  `last_name` varchar(45) NOT NULL,
  `middle_initial` varchar(45) DEFAULT NULL,
  `user_email` varchar(45) NOT NULL,
  `login` varchar(45) NOT NULL,
  `password` varchar(45) NOT NULL,
  `division` varchar(45) DEFAULT NULL,
  `occupation` varchar(45) DEFAULT NULL,
  `user_note` text,
  `archived` varchar(1) DEFAULT NULL,
  `create_date` date NOT NULL,
  `update_date` date NOT NULL,
  `update_user_id` int(11) DEFAULT NULL,
  PRIMARY KEY (`id`)
) ENGINE=InnoDB AUTO_INCREMENT=5 DEFAULT CHARSET=utf8;
/*!40101 SET character_set_client = @saved_cs_client */;

--
-- Dumping data for table `users`
--

LOCK TABLES `users` WRITE;
/*!40000 ALTER TABLE `users` DISABLE KEYS */;
INSERT INTO `users` VALUES (1,1,9,9,'Виталий','Скворцов','Владимирович','vetal@mail.ru','vetal@mail.ru','111111','111111','111111',NULL,NULL,'2013-12-18','2013-12-18',NULL),(2,1,7,7,'Vitaly','Skvortsov','Vladimir','vetalik@mail.ru','vetalik@mail.ru','111111','2222222','2222222','---------------------','Y','2013-12-18','2013-12-19',NULL),(3,1,10,10,'Виталий','Романов','Владимирович','vetal@mail.ru','vetal@mail.ru','111111','111111','111111','',NULL,'2013-12-18','2013-12-19',NULL),(4,3,11,11,'Дмитрий','Комаров','Сергеевич','test@mail.ru','test@mail.ru','111111','СТО','Механик',NULL,NULL,'2013-12-19','2013-12-19',NULL);
/*!40000 ALTER TABLE `users` ENABLE KEYS */;
UNLOCK TABLES;
/*!40103 SET TIME_ZONE=@OLD_TIME_ZONE */;

/*!40101 SET SQL_MODE=@OLD_SQL_MODE */;
/*!40014 SET FOREIGN_KEY_CHECKS=@OLD_FOREIGN_KEY_CHECKS */;
/*!40014 SET UNIQUE_CHECKS=@OLD_UNIQUE_CHECKS */;
/*!40101 SET CHARACTER_SET_CLIENT=@OLD_CHARACTER_SET_CLIENT */;
/*!40101 SET CHARACTER_SET_RESULTS=@OLD_CHARACTER_SET_RESULTS */;
/*!40101 SET COLLATION_CONNECTION=@OLD_COLLATION_CONNECTION */;
/*!40111 SET SQL_NOTES=@OLD_SQL_NOTES */;

-- Dump completed on 2013-12-19 19:17:56
