CREATE DATABASE  IF NOT EXISTS `viking` /*!40100 DEFAULT CHARACTER SET utf8 */;
USE `viking`;
-- MySQL dump 10.13  Distrib 5.6.13, for osx10.6 (i386)
--
-- Host: 127.0.0.1    Database: viking
-- ------------------------------------------------------
-- Server version	5.6.14

/*!40101 SET @OLD_CHARACTER_SET_CLIENT=@@CHARACTER_SET_CLIENT */;
/*!40101 SET @OLD_CHARACTER_SET_RESULTS=@@CHARACTER_SET_RESULTS */;
/*!40101 SET @OLD_COLLATION_CONNECTION=@@COLLATION_CONNECTION */;
/*!40101 SET NAMES utf8 */;
/*!40103 SET @OLD_TIME_ZONE=@@TIME_ZONE */;
/*!40103 SET TIME_ZONE='+00:00' */;
/*!40014 SET @OLD_UNIQUE_CHECKS=@@UNIQUE_CHECKS, UNIQUE_CHECKS=0 */;
/*!40014 SET @OLD_FOREIGN_KEY_CHECKS=@@FOREIGN_KEY_CHECKS, FOREIGN_KEY_CHECKS=0 */;
/*!40101 SET @OLD_SQL_MODE=@@SQL_MODE, SQL_MODE='NO_AUTO_VALUE_ON_ZERO' */;
/*!40111 SET @OLD_SQL_NOTES=@@SQL_NOTES, SQL_NOTES=0 */;

--
-- Table structure for table `countries`
--

DROP TABLE IF EXISTS `countries`;
/*!40101 SET @saved_cs_client     = @@character_set_client */;
/*!40101 SET character_set_client = utf8 */;
CREATE TABLE `countries` (
  `country_id` int(11) NOT NULL,
  `name_rus` varchar(45) NOT NULL,
  `name_en` varchar(45) DEFAULT NULL,
  `archived` varchar(1) DEFAULT NULL,
  `country_note` text,
  `create_date` datetime NOT NULL,
  `create_user_id` int(11) NOT NULL,
  `update_date` datetime NOT NULL,
  `update_user_id` int(11) NOT NULL,
  PRIMARY KEY (`country_id`)
) ENGINE=InnoDB DEFAULT CHARSET=utf8;
/*!40101 SET character_set_client = @saved_cs_client */;

--
-- Dumping data for table `countries`
--

LOCK TABLES `countries` WRITE;
/*!40000 ALTER TABLE `countries` DISABLE KEYS */;
INSERT INTO `countries` VALUES (1,'Россия','Russia',NULL,NULL,'2013-12-03 16:30:09',1,'2013-12-03 16:30:09',1),(2,'Украина',NULL,NULL,NULL,'2013-12-03 16:30:09',1,'2013-12-03 16:30:09',1),(3,'Латвия',NULL,NULL,NULL,'2013-12-03 16:30:09',1,'2013-12-03 16:30:09',1),(4,'Литва',NULL,NULL,NULL,'2013-12-03 16:30:09',1,'2013-12-03 16:30:09',1),(5,'Эстония',NULL,NULL,NULL,'2013-12-03 16:30:09',1,'2013-12-03 16:30:09',1);
/*!40000 ALTER TABLE `countries` ENABLE KEYS */;
UNLOCK TABLES;

--
-- Table structure for table `groups`
--

DROP TABLE IF EXISTS `groups`;
/*!40101 SET @saved_cs_client     = @@character_set_client */;
/*!40101 SET character_set_client = utf8 */;
CREATE TABLE `groups` (
  `group_id` int(11) NOT NULL,
  `name` varchar(60) NOT NULL,
  `create_date` datetime DEFAULT NULL,
  `create_user_id` int(11) DEFAULT NULL,
  `update_date` datetime DEFAULT NULL,
  `update_user_id` int(11) DEFAULT NULL,
  PRIMARY KEY (`group_id`)
) ENGINE=InnoDB DEFAULT CHARSET=utf8;
/*!40101 SET character_set_client = @saved_cs_client */;

--
-- Dumping data for table `groups`
--

LOCK TABLES `groups` WRITE;
/*!40000 ALTER TABLE `groups` DISABLE KEYS */;
INSERT INTO `groups` VALUES (1,'Портальный кран','2013-12-11 20:54:15',1,'2013-12-11 20:54:15',1),(2,'Мобильный портальный кран','2013-12-11 20:54:15',1,'2013-12-11 20:54:15',1),(3,'Мобильный кран','2013-12-11 20:54:15',1,'2013-12-11 20:54:15',1),(4,'Кран-манипулятор','2013-12-11 20:54:15',1,'2013-12-11 20:54:15',1),(5,'Пневмоколесный кран','2013-12-11 20:54:15',1,'2013-12-11 20:54:15',1),(6,'Автомобильный кран','2013-12-11 20:54:15',1,'2013-12-11 20:54:15',1),(7,'Железнодорожный кран','2013-12-11 20:54:15',1,'2013-12-11 20:54:15',1),(8,'Гусеничный кран','2013-12-11 20:54:15',1,'2013-12-11 20:54:15',1),(9,'Плавучий кран','2013-12-11 20:54:15',1,'2013-12-11 20:54:15',1),(28,'Прочие перегрузочные машины и оборудов.','2013-12-11 20:54:15',1,'2013-12-11 20:54:15',1);
/*!40000 ALTER TABLE `groups` ENABLE KEYS */;
UNLOCK TABLES;

--
-- Table structure for table `machines`
--

DROP TABLE IF EXISTS `machines`;
/*!40101 SET @saved_cs_client     = @@character_set_client */;
/*!40101 SET character_set_client = utf8 */;
CREATE TABLE `machines` (
  `machine_id` int(11) NOT NULL AUTO_INCREMENT,
  `stevidor_id` int(11) DEFAULT NULL,
  `group_id` int(11) DEFAULT NULL,
  `model_id` int(11) DEFAULT NULL,
  `name` varchar(60) DEFAULT NULL,
  `inventory_numb` varchar(10) DEFAULT NULL,
  `release_year` varchar(4) DEFAULT NULL,
  `start_date` datetime DEFAULT NULL,
  `doc` varchar(20) DEFAULT NULL,
  `trans_numb` varchar(15) DEFAULT NULL,
  `factory_numb` varchar(20) DEFAULT NULL,
  `location` varchar(15) DEFAULT NULL,
  `note` varchar(255) DEFAULT NULL,
  `archived` varchar(1) DEFAULT NULL,
  `create_user_id` int(11) DEFAULT NULL,
  `create_date` datetime DEFAULT NULL,
  `update_user_id` int(11) DEFAULT NULL,
  `update_date` datetime DEFAULT NULL,
  PRIMARY KEY (`machine_id`)
) ENGINE=InnoDB AUTO_INCREMENT=3329 DEFAULT CHARSET=utf8;
/*!40101 SET character_set_client = @saved_cs_client */;

--
-- Dumping data for table `machines`
--

LOCK TABLES `machines` WRITE;
/*!40000 ALTER TABLE `machines` DISABLE KEYS */;
INSERT INTO `machines` VALUES (10,2,8,79,'Гусеничный кран ДИЕР-65  12,5тн',NULL,NULL,NULL,NULL,NULL,NULL,NULL,NULL,'0',0,NULL,0,NULL),(11,2,8,80,'Гусеничный кран ДИЕР-65-1    16/2,8тн','217','1970','1972-01-01 00:00:00','50/92114','313185','527',NULL,NULL,'0',0,NULL,0,NULL),(12,2,8,81,'Гусеничный кран РДК-160-2  16тн','330','1978','1972-01-01 00:00:00','06721/70018','345260','1015',NULL,NULL,'0',0,NULL,0,NULL),(13,2,8,86,'Гусеничный кран РДК-250-2  25тн','386','1988','1988-06-01 00:00:00','50-223/80015','327944','12034',NULL,NULL,'0',0,NULL,0,NULL),(14,2,5,50,'Пневмоколесный кран КАТО NK-450S  40/8тн',NULL,'1985','1986-01-01 00:00:00','50-0215/52737','907736','45153',NULL,NULL,'0',0,NULL,0,NULL),(63,5,1,2,'Портальный кран АЛЬБРЕХТ   10/20тн','ПК-13','1968','1969-01-01 00:00:00','50/77092','188568','1072657','Бакарица,пр.144',NULL,'0',0,NULL,0,NULL),(64,5,1,2,'Портальный кран АЛЬБРЕХТ   10/20тн','ПК-14','1969','1969-06-01 00:00:00','50/87130','246465','1073138','Бакарица,пр.143',NULL,'0',0,NULL,0,NULL),(65,5,1,2,'Портальный кран АЛЬБРЕХТ   10/20тн','ПК-45','1969','1970-01-01 00:00:00','50/97141','307934','1073238','Бак-ца,пр138тыл',NULL,'0',0,NULL,0,NULL),(66,5,1,2,'Портальный кран АЛЬБРЕХТ   10/20тн','ПК-47','1969','1970-01-01 00:00:00','50/97141','307935','1073239','Бак-ца,пр138тыл',NULL,'0',0,NULL,0,NULL),(67,5,1,4,'Портальный кран АЛЬБАТРОС  10/20тн','ПК-72','1977','1978-01-01 00:00:00','50-71/80979','313335','1099859','Бакарица,пр.139',NULL,'0',0,NULL,0,NULL),(68,5,1,4,'Портальный кран АЛЬБАТРОС  10/20тн','ПК-73','1979','1979-06-01 00:00:00','50-71/90102','313422','0001','Бакарица,пр.139',NULL,'0',0,NULL,0,NULL),(69,5,1,4,'Портальный кран АЛЬБАТРОС  10/20тн','ПК-77','1980','1980-06-01 00:00:00','50-71/90102','313469','0037','Экономия,пр.6',NULL,'0',0,NULL,0,NULL),(70,5,1,4,'Портальный кран АЛЬБАТРОС  10/20тн','ПК-78','1980','1980-06-01 00:00:00','50-71/90102','313470','0038','Экономия,пр.6',NULL,'0',0,NULL,0,NULL),(71,5,1,4,'Портальный кран АЛЬБАТРОС  10/20тн','ПК-80','1980','1980-06-01 00:00:00','50-71/00054','313513','0042','Экономия,пр.6',NULL,'0',0,NULL,0,NULL),(72,5,1,4,'Портальный кран АЛЬБАТРОС  10/20тн','ПК-83','1980','1980-06-01 00:00:00','50-71/00054','313532','0082','Л.бер.опр121тыл',NULL,'0',0,NULL,0,NULL),(73,5,1,4,'Портальный кран АЛЬБАТРОС  10/20тн','ПК-84','1980','1981-01-01 00:00:00','50-71/00054','313533','0083','Бакарица,пр.145',NULL,'0',0,NULL,0,NULL),(74,5,1,4,'Портальный кран АЛЬБАТРОС  10/20тн','ПК-86','1981','1982-01-01 00:00:00','50-711/20066','243555','0610','Экономия,пр.4',NULL,'0',0,NULL,0,NULL),(75,5,1,4,'Портальный кран АЛЬБАТРОС  10/20тн','ПК-87','1981','1982-01-01 00:00:00','50-711/20066','243556','0611','Экономия,пр.4',NULL,'0',0,NULL,0,NULL),(76,5,1,4,'Портальный кран АЛЬБАТРОС  10/20тн','ПК-90','1988','1988-06-01 00:00:00','50-711/80005','914765','0611','Экономия,пр.3',NULL,'0',0,NULL,0,NULL),(77,5,1,29,'Портальный кран СОКОЛ  16/20/32тн','ПК-53','1974','1974-06-01 00:00:00','50-71/40012','843015','1105677','Экономия,пр.6',NULL,'0',0,NULL,0,NULL),(78,5,1,29,'Портальный кран СОКОЛ  16/20/32тн','ПК-54','1974','1975-01-01 00:00:00','50-71/40012','843016','1105678','Экономия,пр7тыл',NULL,'0',0,NULL,0,NULL),(79,5,1,29,'Портальный кран СОКОЛ  16/20/32тн','ПК-55','1975','1975-06-01 00:00:00','50-71/5002','843100','1106273','Экономия,пр6тыл',NULL,'0',0,NULL,0,NULL),(80,5,1,29,'Портальный кран СОКОЛ  16/20/32тн','ПК-56','1975','1975-06-01 00:00:00','50-71/5002','843099','1106272','Экономия,пр.7',NULL,'0',0,NULL,0,NULL),(81,5,1,29,'Портальный кран СОКОЛ  16/20/32тн','ПК-58','1975','1976-01-01 00:00:00','50-71/5002','843101','1106274','Экономия,пр.7',NULL,'0',0,NULL,0,NULL),(82,5,1,29,'Портальный кран СОКОЛ  16/20/32тн','ПК-68','1977','1978-01-01 00:00:00','50-71/7038','969849','1108873','Экономия,пр.6',NULL,'0',0,NULL,0,NULL),(83,5,1,29,'Портальный кран СОКОЛ  16/20/32тн','ПК-69','1977','1978-01-01 00:00:00','50-71/7038','969850','1108874','Экономия,пр6тыл',NULL,'0',0,NULL,0,NULL),(84,5,1,25,'Портальный кран КОНДОР 16/32/40тн','ПК-65','1976','1977-01-01 00:00:00','50-071/61054','969694','1118166','Экономия,пр.7',NULL,'0',0,NULL,0,NULL),(85,5,1,25,'Портальный кран КОНДОР 16/32/40тн','ПК-89','1983','1984-01-01 00:00:00','50-0711/30395','527100','1191','Экономия,пр.4',NULL,'0',0,NULL,0,NULL),(86,5,1,9,'Портальный кран ГАНЦ 16/27,5тн','ПК-46','1969','1969-06-01 00:00:00','50/87500','255469','002','Бакарица,пр.142',NULL,'0',0,NULL,0,NULL),(87,5,1,9,'Портальный кран ГАНЦ 16/27,5тн','ПК-48','1970','1971-01-01 00:00:00','50/87500','255472','005','Бакарица,пр.142',NULL,'0',0,NULL,0,NULL),(88,5,1,10,'Портальный кран ГАНЦ 5/6тн,30m','ПК-40','1964','1965-01-01 00:00:00',NULL,'908517','316352-0/1','Бакарица,пр.143',NULL,'0',0,NULL,0,NULL),(89,5,1,10,'Портальный кран ГАНЦ 5/6тн,30m','ПК-51','1973','1974-01-01 00:00:00','50-71/40391','853240','967','Бакарица,пр.137',NULL,'0',0,NULL,0,NULL),(90,5,1,10,'Портальный кран ГАНЦ 5/6тн,30m','ПК-57','1975','1976-01-01 00:00:00','50-71/51586','907062','1056','Бакарица,пр.140',NULL,'0',0,NULL,0,NULL),(91,5,1,10,'Портальный кран ГАНЦ 5/6тн,30m','ПК-59','1976','1977-01-01 00:00:00','50-71/61058','969938','1091','Лев.бер.,пр.121',NULL,'0',0,NULL,0,NULL),(92,5,1,10,'Портальный кран ГАНЦ 5/6тн,30m','ПК-60','1976','1977-01-01 00:00:00','50-71/61058','969939','1092','Лев.бер.,пр.121',NULL,'0',0,NULL,0,NULL),(93,5,1,10,'Портальный кран ГАНЦ 5/6тн,30m','ПК-62','1977','1977-06-01 00:00:00','50-71/70388','969878','1134','Лев.бер.,пр.120',NULL,'0',0,NULL,0,NULL),(94,5,1,10,'Портальный кран ГАНЦ 5/6тн,30m','ПК-63','1977','1977-06-01 00:00:00','50-71/70388','969879','1135','Лев.бер.,пр.120',NULL,'0',0,NULL,0,NULL),(95,5,1,10,'Портальный кран ГАНЦ 5/6тн,30m','ПК-70','1978','1978-06-01 00:00:00','50-71/80985','317175','1169','Лев.бер.,пр.121',NULL,'0',0,NULL,0,NULL),(96,5,1,10,'Портальный кран ГАНЦ 5/6тн,30m','ПК-71','1978','1978-06-01 00:00:00','50-71/80985','317188','1189','Лев.бер.,пр.120',NULL,'0',0,NULL,0,NULL),(97,5,1,10,'Портальный кран ГАНЦ 5/6тн,30m','ПК-74','1979','1979-06-01 00:00:00','50-71/90105','317238','1215','Бакарица,пр.141',NULL,'0',0,NULL,0,NULL),(98,5,1,10,'Портальный кран ГАНЦ 5/6тн,30m','ПК-75','1979','1979-06-01 00:00:00','50-71/90105','317239','1216','Бак-ца,пр137тыл',NULL,'0',0,NULL,0,NULL),(99,5,1,10,'Портальный кран ГАНЦ 5/6тн,30m','ПК-79','1980','1980-06-01 00:00:00','50-71/00057','317301','1265','Бакарица,пр.145',NULL,'0',0,NULL,0,NULL),(100,5,1,10,'Портальный кран ГАНЦ 5/6тн,30m','ПК-81','1980','1980-06-01 00:00:00','50-71/00057','317306','1271','Бакарица,пр.137',NULL,'0',0,NULL,0,NULL),(101,5,1,10,'Портальный кран ГАНЦ 5/6тн,30m','ПК-82','1980','1980-06-01 00:00:00','50-71/00057','317307','1272','Бак-ца,пр136тыл',NULL,'0',0,NULL,0,NULL),(102,5,1,10,'Портальный кран ГАНЦ 5/6тн,30m','ПК-85','1980','1980-06-01 00:00:00','50-71/00057','317320','1288','Бакарица,пр.145',NULL,'0',0,NULL,0,NULL),(103,5,1,16,'Портальный кран ГАНЦ 5тн','ПК-41','1965','1966-01-01 00:00:00',NULL,'908550','5415','Бак-ца,пр140тыл',NULL,'0',0,NULL,0,NULL),(104,5,1,17,'Портальный кран ЖДАНОВЕЦ КПМ-32-10,5   32тн','ПК-49','1970','1971-01-01 00:00:00',NULL,NULL,'4','Бак-ца,пр139тыл',NULL,'0',0,NULL,0,NULL),(105,5,9,96,'Плавучий кран ГАНЦ  100/25 тн','ПК-106','1970','1972-01-01 00:00:00',NULL,NULL,'2197','Портофлот',NULL,'0',0,NULL,0,NULL),(106,5,9,97,'Плавучий кран ГАНЦ  16 тн','СПК-16','1975','1976-01-01 00:00:00',NULL,NULL,'1818','Портофлот',NULL,'0',0,NULL,0,NULL),(107,5,8,80,'Гусеничный кран ДИЕР-65-1    16/2,8тн','ГК-17','1976','1976-06-01 00:00:00','50-22/61067','970701','560','Левый.берег',NULL,'0',0,NULL,0,NULL),(108,5,5,50,'Пневмоколесный кран КАТО NK-450S  40/8тн','АК-22','1985','1986-01-01 00:00:00','50-0215/52737','907734','45157S','Бакарица',NULL,'0',0,NULL,0,NULL),(109,5,5,51,'Пневмоколесный кран КАТО NK-500MS  50/12тн','АК-23','1988','1988-06-01 00:00:00','50-0215/81137','537780','692167MS','Экономия',NULL,'0',0,NULL,0,NULL),(207,8,1,2,'Портальный кран АЛЬБРЕХТ   10/20тн','6280','1968','1968-06-01 00:00:00','50-0711/77092','118554','1072643','Склад14',NULL,'0',0,NULL,0,NULL),(208,8,1,2,'Портальный кран АЛЬБРЕХТ   10/20тн','6281','1968','1969-01-01 00:00:00','50-0711/77092','118545','1072634','Склад11',NULL,'0',0,NULL,0,NULL),(209,8,1,2,'Портальный кран АЛЬБРЕХТ   10/20тн','6449','1968','1969-01-01 00:00:00','50-0711/77092','118546','1072635','Тыл пр.6',NULL,'0',0,NULL,0,NULL),(210,8,1,2,'Портальный кран АЛЬБРЕХТ   10/20тн','6275','1969','1970-01-01 00:00:00','50-0711/87130','246463','1073230','Причал11',NULL,'0',0,NULL,0,NULL),(211,8,1,2,'Портальный кран АЛЬБРЕХТ   10/20тн','6278','1969','1970-01-01 00:00:00','50-0711/87130','246460','1073227','Причал11',NULL,'0',0,NULL,0,NULL),(212,8,1,2,'Портальный кран АЛЬБРЕХТ   10/20тн','6279','1969','1970-01-01 00:00:00','50-0711/87130','246462','1073229','Причал11',NULL,'0',0,NULL,0,NULL),(213,8,1,2,'Портальный кран АЛЬБРЕХТ   10/20тн','6458','1969','1970-01-01 00:00:00','50-0711/87130','246461','1073228','Тыл пр.8',NULL,'0',0,NULL,0,NULL),(214,8,1,2,'Портальный кран АЛЬБРЕХТ   10/20тн','6457','1971','1971-06-01 00:00:00','50-0711/07156','361727','1123513','Тыл пр.8',NULL,'0',0,NULL,0,NULL),(215,8,1,4,'Портальный кран АЛЬБАТРОС  10/20тн','6277','1972','1972-06-01 00:00:00','50-0711/017040','437812','1084316','Причал9',NULL,'0',0,NULL,0,NULL),(216,8,1,4,'Портальный кран АЛЬБАТРОС  10/20тн','6263','1978','1978-06-01 00:00:00','50-0711/80979','313343','9885','Причал9',NULL,'0',0,NULL,0,NULL),(217,8,1,4,'Портальный кран АЛЬБАТРОС  10/20тн','6261','1978','1979-01-01 00:00:00','50-0711/80979','313377','9911','Причал10',NULL,'0',0,NULL,0,NULL),(218,8,1,4,'Портальный кран АЛЬБАТРОС  10/20тн','6262','1978','1979-01-01 00:00:00','50-0711/80979','313376','9901','Причал10',NULL,'0',0,NULL,0,NULL),(219,8,1,4,'Портальный кран АЛЬБАТРОС  10/20тн','6260','1980','1982-01-01 00:00:00','50-0711/00054','313525','0077','Причал10',NULL,'0',0,NULL,0,NULL),(220,8,1,4,'Портальный кран АЛЬБАТРОС  10/20тн','20734','1988','1988-06-01 00:00:00','50-0711/80005','914746','1821','Причал9',NULL,'0',0,NULL,0,NULL),(221,8,1,4,'Портальный кран АЛЬБАТРОС  10/20тн','21095','1989','1989-06-01 00:00:00','50-0711/90266','575214','2116','Причал9',NULL,'0',0,NULL,0,NULL),(222,8,1,4,'Портальный кран АЛЬБАТРОС  10/20тн','21096','1989','1989-06-01 00:00:00','50-0711/90266','975213','2115','ПСК',NULL,'0',0,NULL,0,NULL),(223,8,1,29,'Портальный кран СОКОЛ  16/20/32тн','6712','1973','1973-06-01 00:00:00','50-0711/27042','583450','1105558','Причал20',NULL,'0',0,NULL,0,NULL),(224,8,1,29,'Портальный кран СОКОЛ  16/20/32тн','6711','1973','1973-06-01 00:00:00','50-0711/27042','58334597','1105557','Причал20',NULL,'0',0,NULL,0,NULL),(225,8,1,29,'Портальный кран СОКОЛ  16/20/32тн','6714','1975','1975-06-01 00:00:00','50-0711/50002','843098','1106271','Причал19',NULL,'0',0,NULL,0,NULL),(226,8,1,29,'Портальный кран СОКОЛ  16/20/32тн','6452','1976','1977-01-01 00:00:00','50-0711/61055','969714','1108151','Причал6',NULL,'0',0,NULL,0,NULL),(227,8,1,29,'Портальный кран СОКОЛ  16/20/32тн','6453','1977','1977-06-01 00:00:00','50-0711/7385','969844','1108868','Причал5',NULL,'0',0,NULL,0,NULL),(228,8,1,29,'Портальный кран СОКОЛ  16/20/32тн','6454','1978','1978-06-01 00:00:00','50-0711/80980','313392','9916','Причал5',NULL,'0',0,NULL,0,NULL),(229,8,1,29,'Портальный кран СОКОЛ  16/20/32тн','6282','1978','1978-06-01 00:00:00','50-0711/80980','313393','09917','Причал12',NULL,'0',0,NULL,0,NULL),(230,8,1,29,'Портальный кран СОКОЛ  16/20/32тн','6709','1979','1979-06-01 00:00:00','50-0711/90103','313483','0372','Тыл пр.5',NULL,'0',0,NULL,0,NULL),(231,8,1,29,'Портальный кран СОКОЛ  16/20/32тн','6450','1980','1982-01-01 00:00:00','50-0711/90103','313501','0458','Причал5',NULL,'0',0,NULL,0,NULL),(232,8,1,29,'Портальный кран СОКОЛ  16/20/32тн','6451','1980','1982-01-01 00:00:00','50-0711/00055','313575','0162','Причал12',NULL,'0',0,NULL,0,NULL),(233,8,1,29,'Портальный кран СОКОЛ  16/20/32тн','7248','1981','1982-01-01 00:00:00','50-0711/10520','391998','0629','Причал6',NULL,'0',0,NULL,0,NULL),(234,8,1,29,'Портальный кран СОКОЛ  16/20/32тн','7267','1981','1982-01-01 00:00:00','50-0711/10520','391999','0630','Причал15',NULL,'0',0,NULL,0,NULL),(235,8,1,29,'Портальный кран СОКОЛ  16/20/32тн','7291','1981','1982-01-01 00:00:00','50-0711/10520','392000','0631','Причал6',NULL,'0',0,NULL,0,NULL),(236,8,1,29,'Портальный кран СОКОЛ  16/20/32тн','8210','1984','1984-06-01 00:00:00','50-0711/75147','527092','1107','Причал16',NULL,'0',0,NULL,0,NULL),(237,8,1,29,'Портальный кран СОКОЛ  16/20/32тн','8577','1984','1985-01-01 00:00:00','50-0711/40443','681267','1280','Причал19',NULL,'0',0,NULL,0,NULL),(238,8,1,29,'Портальный кран СОКОЛ  16/20/32тн','8578','1984','1985-01-01 00:00:00','50-0711/40443','681268','1281','ЛЗУ,ниж.скл.',NULL,'0',0,NULL,0,NULL),(239,8,1,29,'Портальный кран СОКОЛ  16/20/32тн','21008','1988','1989-01-01 00:00:00','50-0711/80006','914830','2099','Причал16',NULL,'0',0,NULL,0,NULL),(240,8,1,29,'Портальный кран СОКОЛ  16/20/32тн','21301','1989','1990-01-01 00:00:00','50-0711/90267','575264','2162','Причал17',NULL,'0',0,NULL,0,NULL),(241,8,1,29,'Портальный кран СОКОЛ  16/20/32тн','21294','1989','1990-01-01 00:00:00','50-0711/90267','575265','2163','Причал9',NULL,'0',0,NULL,0,NULL),(242,8,1,29,'Портальный кран СОКОЛ  16/20/32тн',NULL,'1990','1991-01-01 00:00:00','50-0711/00222','635283','2395','Причал16',NULL,'0',0,NULL,0,NULL),(243,8,1,29,'Портальный кран СОКОЛ  16/20/32тн',NULL,'1990','1990-06-01 00:00:00','50-0711/00222','635282','2394','Причал16',NULL,'0',0,NULL,0,NULL),(244,8,1,29,'Портальный кран СОКОЛ  16/20/32тн','21567','1990','1991-01-01 00:00:00','50-0711/00222','635284','2396','Причал20',NULL,'0',0,NULL,0,NULL),(245,8,1,29,'Портальный кран СОКОЛ  16/20/32тн','21535','1990','1991-01-01 00:00:00','50-0711/00222','635285','2397','Причал20',NULL,'0',0,NULL,0,NULL),(246,8,1,29,'Портальный кран СОКОЛ  16/20/32тн',NULL,'1990','1991-01-01 00:00:00','50-0711/00222','635296','2401','Причал6',NULL,'0',0,NULL,0,NULL),(247,8,1,25,'Портальный кран КОНДОР 16/32/40тн','6706','1978','1979-01-01 00:00:00','50-0711/80981','313417','9941','Причал17',NULL,'0',0,NULL,0,NULL),(248,8,1,25,'Портальный кран КОНДОР 16/32/40тн','6707','1979','1979-06-01 00:00:00','50-0711/90104','313304','0363','Причал16',NULL,'0',0,NULL,0,NULL),(249,8,1,25,'Портальный кран КОНДОР 16/32/40тн','7139','1980','1981-01-01 00:00:00','50-0711/00056','313598','0133','Причал15',NULL,'0',0,NULL,0,NULL),(250,8,1,25,'Портальный кран КОНДОР 16/32/40тн','7840','1981','1983-01-01 00:00:00','50-0711/10511','243492','0588','Причал20',NULL,'0',0,NULL,0,NULL),(251,8,1,10,'Портальный кран ГАНЦ 5/6тн,30m','7199','1981','1981-06-01 00:00:00','50-0711/10871','270179','1308','Причал12',NULL,'0',0,NULL,0,NULL),(252,8,1,10,'Портальный кран ГАНЦ 5/6тн,30m','7208','1981','1981-06-01 00:00:00','50-0711/10871','270180','1309','Причал12',NULL,'0',0,NULL,0,NULL),(253,8,1,15,'Портальный кран ГАНЦ 5/6тн,32m','7995','1983','1983-06-01 00:00:00','50-0711/20323','302422','26','Причал7',NULL,'0',0,NULL,0,NULL),(254,8,1,15,'Портальный кран ГАНЦ 5/6тн,32m','8240','1983','1983-06-01 00:00:00','50-0711/30756','569551','62','При.Совг.',NULL,'0',0,NULL,0,NULL),(255,8,1,15,'Портальный кран ГАНЦ 5/6тн,32m','20336','1987','1987-06-01 00:00:00','50-0788/70913','202074','219','Склад9',NULL,'0',0,NULL,0,NULL),(256,8,1,15,'Портальный кран ГАНЦ 5/6тн,32m','20337','1987','1987-06-01 00:00:00','50-0788/70913','202075','220','Склад9',NULL,'0',0,NULL,0,NULL),(265,8,3,41,'Мобильный кран ЛИБХЕР LHM-150    40тн , вылет 10.5 - 32 м',NULL,NULL,NULL,NULL,NULL,NULL,NULL,NULL,'0',0,NULL,0,NULL),(266,8,3,42,'Мобильный кран ЛИБХЕР LHM-250    64тн , вылет 10.5 - 38 м',NULL,NULL,NULL,NULL,NULL,NULL,NULL,NULL,'0',0,NULL,0,NULL),(267,8,3,42,'Мобильный кран ЛИБХЕР LHM-250    64тн , вылет 10.5 - 38 м',NULL,NULL,NULL,NULL,NULL,NULL,NULL,NULL,'0',0,NULL,0,NULL),(268,8,3,43,'Мобильный кран ЛИБХЕР LHM-400  104тн , вылет 10.5 - 48 м',NULL,NULL,NULL,NULL,NULL,NULL,NULL,NULL,'0',0,NULL,0,NULL),(269,8,8,86,'Гусеничный кран РДК-250-2  25тн','21250','1983','1983-06-01 00:00:00',NULL,NULL,'8599',NULL,NULL,'0',0,NULL,0,NULL),(270,8,8,86,'Гусеничный кран РДК-250-2  25тн','21251','1982','1982-06-01 00:00:00',NULL,NULL,NULL,NULL,NULL,'0',0,NULL,0,NULL),(271,8,5,48,'Пневмоколесный  кран КАТО NK-200S-2   20/6,5тн','7817','1982','1982-06-01 00:00:00','50-0215/23517','511837','Ст-20323П',NULL,NULL,'0',0,NULL,0,NULL),(272,8,5,48,'Пневмоколесный  кран КАТО NK-200S-2   20/6,5тн','8398','1984','1984-06-01 00:00:00','50-0215/43187','855137','Ст-20377П',NULL,NULL,'0',0,NULL,0,NULL),(461,9,1,2,'Портальный кран АЛЬБРЕХТ   10/20тн','302','1969','1970-04-25 00:00:00','50/97141','307931','1073235','Причал 10',NULL,'0',0,NULL,0,NULL),(462,9,1,2,'Портальный кран АЛЬБРЕХТ   10/20тн','304','1970','1971-11-11 00:00:00','50/97141','307932','1073236','Причал 3',NULL,'0',0,NULL,0,NULL),(463,9,1,2,'Портальный кран АЛЬБРЕХТ   10/20тн','310','1969','1969-04-09 00:00:00','50/67347','246429','1073102','Причал 6',NULL,'0',0,NULL,0,NULL),(464,9,1,2,'Портальный кран АЛЬБРЕХТ   10/20тн','311','1966','1966-08-13 00:00:00','50/27289','844184','1072209','Причал 3',NULL,'0',0,NULL,0,NULL),(465,9,1,2,'Портальный кран АЛЬБРЕХТ   10/20тн','316','1969','1970-04-11 00:00:00','50/67348','246490','1073215','Причал 5',NULL,'0',0,NULL,0,NULL),(466,9,1,2,'Портальный кран АЛЬБРЕХТ   10/20тн','323','1969','1969-04-24 00:00:00','50/67347','246428','1073101','Причал 5',NULL,'0',0,NULL,0,NULL),(467,9,1,2,'Портальный кран АЛЬБРЕХТ   10/20тн','328','1967','1967-05-27 00:00:00','50/67348','147127','1072360','Причал 7',NULL,'0',0,NULL,0,NULL),(468,9,1,2,'Портальный кран АЛЬБРЕХТ   10/20тн','329','1967','1967-06-25 00:00:00','50/67348','147128','1072361','Причал 7',NULL,'0',0,NULL,0,NULL),(469,9,1,2,'Портальный кран АЛЬБРЕХТ   10/20тн','330','1967','1967-05-28 00:00:00','50/67345','147129','1072362','Причал 7',NULL,'0',0,NULL,0,NULL),(470,9,1,2,'Портальный кран АЛЬБРЕХТ   10/20тн','333','1968','1968-08-28 00:00:00','50/67346','188547','1072636','Причал 8',NULL,'0',0,NULL,0,NULL),(471,9,1,2,'Портальный кран АЛЬБРЕХТ   10/20тн','334','1968','1968-09-04 00:00:00','50/67346','188548','1072637','Причал 8',NULL,'0',0,NULL,0,NULL),(472,9,1,2,'Портальный кран АЛЬБРЕХТ   10/20тн','335','1968','1968-07-30 00:00:00','50/67346','188549','1072638','Причал 8',NULL,'0',0,NULL,0,NULL),(473,9,1,2,'Портальный кран АЛЬБРЕХТ   10/20тн','342','1964','1965-01-23 00:00:00','50/67344','842291','1072005','Причал 9',NULL,'0',0,NULL,0,NULL),(474,9,1,2,'Портальный кран АЛЬБРЕХТ   10/20тн','343','1964','1965-12-23 00:00:00','50/67344','842292','1072006','Причал 10',NULL,'0',0,NULL,0,NULL),(475,9,1,4,'Портальный кран АЛЬБАТРОС  10/20тн','911','1977','1978-05-22 00:00:00','50-71/70384','969814','1098839','Причал 6',NULL,'0',0,NULL,0,NULL),(476,9,1,4,'Портальный кран АЛЬБАТРОС  10/20тн','910','1977','1978-02-20 00:00:00','50-71/70384','969811','1098837','Причал 1',NULL,'0',0,NULL,0,NULL),(477,9,1,4,'Портальный кран АЛЬБАТРОС  10/20тн','433','1976','1976-04-25 00:00:00','50-71/61056','969724','1097887','Причал 9',NULL,'0',0,NULL,0,NULL),(478,9,1,29,'Портальный кран СОКОЛ  16/20/32тн','434','1976','1976-06-16 00:00:00','50/61055','969701','1108138','Причал 12',NULL,'0',0,NULL,0,NULL),(479,9,1,29,'Портальный кран СОКОЛ  16/20/32тн','354','1971','1972-02-10 00:00:00','50/07266','389398','1104222','Причал 14',NULL,'0',0,NULL,0,NULL),(480,9,1,29,'Портальный кран СОКОЛ  16/20/32тн','353','1971','1972-04-05 00:00:00','50/07266','389399','1104223','Причал 14',NULL,'0',0,NULL,0,NULL),(481,9,1,29,'Портальный кран СОКОЛ  16/20/32тн','355','1971','1972-02-05 00:00:00','50/07266','389397','1104221','Причал 17',NULL,'0',0,NULL,0,NULL),(482,9,1,29,'Портальный кран СОКОЛ  16/20/32тн','356','1971','1972-02-04 00:00:00','50/07266','389400','1104224','Причал 17',NULL,'0',0,NULL,0,NULL),(483,9,1,29,'Портальный кран СОКОЛ  16/20/32тн','357','1971','1972-10-20 00:00:00','50/07266','389401','1104225','Причал 14',NULL,'0',0,NULL,0,NULL),(484,9,1,29,'Портальный кран СОКОЛ  16/20/32тн','358','1972','1972-07-23 00:00:00','50/17041','437862','1104366','Причал 14',NULL,'0',0,NULL,0,NULL),(485,9,1,29,'Портальный кран СОКОЛ  16/20/32тн','359','1972','1973-07-10 00:00:00','50/17041','437865','1104369','Причал 14',NULL,'0',0,NULL,0,NULL),(486,9,1,29,'Портальный кран СОКОЛ  16/20/32тн','360','1971','1972-10-16 00:00:00','50/07266','389402','1104226','Причал 8',NULL,'0',0,NULL,0,NULL),(487,9,1,29,'Портальный кран СОКОЛ  16/20/32тн','361','1971','1972-11-16 00:00:00','50/07266','389403','1104227','Причал 15',NULL,'0',0,NULL,0,NULL),(488,9,1,29,'Портальный кран СОКОЛ  16/20/32тн','362','1972','1972-10-28 00:00:00','50/17041','437866','1104370','Причал 7',NULL,'0',0,NULL,0,NULL),(489,9,1,29,'Портальный кран СОКОЛ  16/20/32тн','363','1972','1973-01-19 00:00:00','50/17041','437867','1104371','Причал 17,тыл',NULL,'0',0,NULL,0,NULL),(490,9,1,29,'Портальный кран СОКОЛ  16/20/32тн','364','1972','1973-03-24 00:00:00','50/17041','437868','1104372','Причал 17,тыл',NULL,'0',0,NULL,0,NULL),(491,9,1,29,'Портальный кран СОКОЛ  16/20/32тн','420','1973','1973-10-25 00:00:00','50/27042','583462','1105559','Причал 15',NULL,'0',0,NULL,0,NULL),(492,9,1,29,'Портальный кран СОКОЛ  16/20/32тн','421','1973','1973-10-22 00:00:00','50/27042','583461','1105560','Причал 15',NULL,'0',0,NULL,0,NULL),(493,9,1,29,'Портальный кран СОКОЛ  16/20/32тн','436','1976','1977-01-10 00:00:00','50/71/61055','969710','1108147','Причал 12,тыл',NULL,'0',0,NULL,0,NULL),(494,9,1,29,'Портальный кран СОКОЛ  16/20/32тн','437','1976','1977-03-31 00:00:00','50/71/61055','969711','1108148','Причал 12',NULL,'0',0,NULL,0,NULL),(495,9,1,29,'Портальный кран СОКОЛ  16/20/32тн','705','1977','1976-12-30 00:00:00','50/71/61055','969792','1108139','Причал 12',NULL,'0',0,NULL,0,NULL),(496,9,1,29,'Портальный кран СОКОЛ  16/20/32тн','614','1990','1990-03-30 00:00:00','50/71/70384','575267','2166','Причал 12',NULL,'0',0,NULL,0,NULL),(497,9,1,29,'Портальный кран СОКОЛ  16/20/32тн','230','1989','1990-12-12 00:00:00','50/71/70384','575266','2165','Причал 12',NULL,'0',0,NULL,0,NULL),(498,9,1,29,'Портальный кран СОКОЛ  16/20/32тн','231','1990','1990-12-20 00:00:00','50/0711/00222','635280','2386','Причал 12',NULL,'0',0,NULL,0,NULL),(499,9,1,29,'Портальный кран СОКОЛ  16/20/32тн','232','1990','1991-01-27 00:00:00','50/0711/00222','635281','2387','Причал 12',NULL,'0',0,NULL,0,NULL),(500,9,1,10,'Портальный кран ГАНЦ 5/6тн,30m','306','1961','1962-08-22 00:00:00',NULL,'777345','342-5901-0/4','Причал 1',NULL,'0',0,NULL,0,NULL),(501,9,1,10,'Портальный кран ГАНЦ 5/6тн,30m','315','1960','1961-02-28 00:00:00','59-71/61055','730765','342-5401-0/1','Причал 2',NULL,'0',0,NULL,0,NULL),(502,9,1,10,'Портальный кран ГАНЦ 5/6тн,30m','338','1960','1960-10-30 00:00:00',NULL,'694726','341-4871-0/3','Причал 1',NULL,'0',0,NULL,0,NULL),(503,9,1,10,'Портальный кран ГАНЦ 5/6тн,30m','439','1977','1977-04-30 00:00:00','50-71/61058','969978','1111','Причал 5',NULL,'0',0,NULL,0,NULL),(511,9,9,92,'Плавучий кран БЛЕЙХАРТ   50 тн','40396','1956','1956-06-19 00:00:00',NULL,NULL,'170',NULL,NULL,'0',0,NULL,0,NULL),(512,9,5,49,'Пневмоколесный кран КАТО NK-500S  50тн','77120','1988','1988-05-20 00:00:00','50/0215/81137','537790','СТ69217УМ','Причал 3',NULL,'0',0,NULL,0,NULL),(523,9,3,38,'Мобильный  кран ГОТВАЛЬД HMK  280-E     100тн',NULL,'2001',NULL,NULL,NULL,NULL,NULL,NULL,'0',0,NULL,0,NULL),(524,9,3,34,'Портальный мобильный  кран ГОТВАЛЬД HMK 170-E    45/63 тн',NULL,NULL,NULL,NULL,NULL,NULL,NULL,NULL,'0',0,NULL,0,NULL),(525,9,2,35,'Портальный мобильный кран ГОТВАЛЬД  HSK  170 EG  63 тн',NULL,'2001',NULL,NULL,NULL,NULL,NULL,NULL,'0',0,NULL,0,NULL),(526,9,2,35,'Портальный мобильный кран ГОТВАЛЬД  HSK  170 EG  63 тн',NULL,'2004',NULL,NULL,NULL,NULL,NULL,NULL,'0',0,NULL,0,NULL),(676,11,1,2,'Портальный кран АЛЬБРЕХТ   10/20тн','К-60','1969','1969-06-01 00:00:00',NULL,'246474','1073147','Причал 10',NULL,'0',0,NULL,0,NULL),(677,11,1,2,'Портальный кран АЛЬБРЕХТ   10/20тн','К-62','1969','1969-06-01 00:00:00',NULL,'246466','1073145','Тыл причала 10',NULL,'0',0,NULL,0,NULL),(678,11,1,2,'Портальный кран АЛЬБРЕХТ   10/20тн','К-61','1969','1969-06-01 00:00:00',NULL,'246473','1073146','Тыл причала 7',NULL,'0',0,NULL,0,NULL),(679,11,1,4,'Портальный кран АЛЬБАТРОС  10/20тн','К-176','1976','1976-06-01 00:00:00',NULL,'313332','1099656','Причал 7',NULL,'0',0,NULL,0,NULL),(680,11,1,4,'Портальный кран АЛЬБАТРОС  10/20тн','К-175','1976','1976-06-01 00:00:00',NULL,'313333','1099657','Причал 7',NULL,'0',0,NULL,0,NULL),(681,11,1,4,'Портальный кран АЛЬБАТРОС  10/20тн','К-206','1979','1980-01-01 00:00:00',NULL,'313456','0024','Причал 10',NULL,'0',0,NULL,0,NULL),(682,11,1,4,'Портальный кран АЛЬБАТРОС  10/20тн','К-214','1981','1981-06-01 00:00:00',NULL,'243416','0513','Причал 13',NULL,'0',0,NULL,0,NULL),(683,11,1,4,'Портальный кран АЛЬБАТРОС  10/20тн','К-234','1983','1983-06-01 00:00:00',NULL,'527051','0912','Причал 12',NULL,'0',0,NULL,0,NULL),(684,11,1,4,'Портальный кран АЛЬБАТРОС  10/20тн','К-235','1983','1983-06-01 00:00:00',NULL,'527052','0913','Причал 13',NULL,'0',0,NULL,0,NULL),(685,11,1,4,'Портальный кран АЛЬБАТРОС  10/20тн','К-260','1986','1986-06-01 00:00:00',NULL,'914566','1713','Причал 13',NULL,'0',0,NULL,0,NULL),(686,11,1,10,'Портальный кран ГАНЦ 5/6тн,30m','К-42','1966','1966-06-01 00:00:00',NULL,'210131','5607','Причал 6',NULL,'0',0,NULL,0,NULL),(687,11,1,10,'Портальный кран ГАНЦ 5/6тн,30m','К-43','1966','1966-06-01 00:00:00',NULL,'210132','5606','Причал 7',NULL,'0',0,NULL,0,NULL),(688,11,1,10,'Портальный кран ГАНЦ 5/6тн,30m','К-57','1969','1969-06-01 00:00:00',NULL,'269126','691','Причал 8',NULL,'0',0,NULL,0,NULL),(689,11,1,10,'Портальный кран ГАНЦ 5/6тн,30m','К-58','1969','1969-06-01 00:00:00',NULL,'269127','690','Причал 8',NULL,'0',0,NULL,0,NULL),(690,11,1,10,'Портальный кран ГАНЦ 5/6тн,30m','К-103','1972','1972-06-01 00:00:00',NULL,'152669','870','Тыл причала 6',NULL,'0',0,NULL,0,NULL),(691,11,1,10,'Портальный кран ГАНЦ 5/6тн,30m','К-127','1975','1975-06-01 00:00:00',NULL,'307072','1066','Причал 11',NULL,'0',0,NULL,0,NULL),(692,11,1,10,'Портальный кран ГАНЦ 5/6тн,30m','К-137','1975','1975-06-01 00:00:00',NULL,'307061','1055','Тыл причала 10',NULL,'0',0,NULL,0,NULL),(693,11,1,15,'Портальный кран ГАНЦ 5/6тн,32m','К-222','1982','1982-06-01 00:00:00',NULL,'302402','06','Тыл причала 6',NULL,'0',0,NULL,0,NULL),(694,11,1,24,'Портальный кран КИРОВЕЦ КПП16(20)','К-286','1993','1993-06-01 00:00:00',NULL,NULL,NULL,NULL,NULL,'0',0,NULL,0,NULL),(695,11,1,24,'Портальный кран КИРОВЕЦ КПП16(20)','К-287','1993','1993-06-01 00:00:00',NULL,NULL,NULL,NULL,NULL,'0',0,NULL,0,NULL),(696,11,1,29,'Портальный кран СОКОЛ  16/20/32тн','К-269','1985','1985-06-01 00:00:00',NULL,'75013','1365','Причал 10',NULL,'0',0,NULL,0,NULL),(697,11,1,29,'Портальный кран СОКОЛ  16/20/32тн','К-312','1988','1988-06-01 00:00:00',NULL,'914718','1790','Высоцк',NULL,'0',0,NULL,0,NULL),(698,11,1,29,'Портальный кран СОКОЛ  16/20/32тн','К-313','1988','1988-06-01 00:00:00',NULL,'914717','1789','Причал 7',NULL,'0',0,NULL,0,NULL),(699,11,1,29,'Портальный кран СОКОЛ  16/20/32тн','К-342','1989','1989-06-01 00:00:00',NULL,'914828','2097','Причал 10',NULL,'0',0,NULL,0,NULL),(700,11,1,29,'Портальный кран СОКОЛ  16/20/32тн','К-350','1989','1990-01-01 00:00:00',NULL,'575270','2172','Высоцк',NULL,'0',0,NULL,0,NULL),(701,11,1,4,'Портальный кран АЛЬБАТРОС  10/20тн','К-169','1997','1997-06-01 00:00:00',NULL,'969779','1098803','Пр.13',NULL,'0',0,NULL,0,NULL),(702,11,8,79,'Гусеничный кран ДИЕР-65  12,5тн','К-44','1969','1969-06-01 00:00:00',NULL,'252722','531',NULL,NULL,'0',0,NULL,0,NULL),(703,11,8,79,'Гусеничный кран ДИЕР-65  12,5тн','R-72','1970','1970-06-01 00:00:00',NULL,'313205','792',NULL,NULL,'0',0,NULL,0,NULL),(740,12,1,4,'Портальный кран АЛЬБАТРОС  10/20тн',NULL,'1977',NULL,NULL,NULL,NULL,'тыл 1-3',NULL,'0',0,NULL,0,NULL),(741,12,1,4,'Портальный кран АЛЬБАТРОС  10/20тн',NULL,'1977',NULL,NULL,NULL,NULL,'4',NULL,'0',0,NULL,0,NULL),(742,12,1,4,'Портальный кран АЛЬБАТРОС  10/20тн',NULL,'1984',NULL,NULL,NULL,NULL,'1-3',NULL,'0',0,NULL,0,NULL),(743,12,1,29,'Портальный кран СОКОЛ  16/20/32тн',NULL,'1982',NULL,NULL,NULL,NULL,'1-3',NULL,'0',0,NULL,0,NULL),(744,12,1,29,'Портальный кран СОКОЛ  16/20/32тн',NULL,'1990',NULL,NULL,NULL,NULL,'тыл1-3',NULL,'0',0,NULL,0,NULL),(745,12,1,25,'Портальный кран КОНДОР 16/32/40тн',NULL,'1986',NULL,NULL,NULL,NULL,'1-3',NULL,'0',0,NULL,0,NULL),(746,12,1,25,'Портальный кран КОНДОР 16/32/40тн',NULL,'1986',NULL,NULL,NULL,NULL,'1-3',NULL,'0',0,NULL,0,NULL),(747,12,1,10,'Портальный кран ГАНЦ 5/6тн,30m',NULL,'1969',NULL,NULL,NULL,NULL,NULL,NULL,'0',0,NULL,0,NULL),(748,12,1,14,'Портальный кран ГАНЦ 5/6тн,30m,колея 20,7м',NULL,'1970',NULL,NULL,NULL,NULL,NULL,NULL,'0',0,NULL,0,NULL),(749,12,1,14,'Портальный кран ГАНЦ 5/6тн,30m,колея 20,7м',NULL,'1970',NULL,NULL,NULL,NULL,NULL,NULL,'0',0,NULL,0,NULL),(795,14,1,4,'Портальный кран АЛЬБАТРОС  10/20тн','44741','1973','1973-06-01 00:00:00','50/27041','583406','1094412','Причал 14 тыл',NULL,'0',0,NULL,0,NULL),(796,14,1,4,'Портальный кран АЛЬБАТРОС  10/20тн','44742','1973','1973-06-01 00:00:00','50/27041','583407','1094413','Причал 14 тыл',NULL,'0',0,NULL,0,NULL),(797,14,1,4,'Портальный кран АЛЬБАТРОС  10/20тн','44743','1974','1974-06-01 00:00:00','50/7140011','842970','1096887','Причал 13',NULL,'0',0,NULL,0,NULL),(798,14,1,4,'Портальный кран АЛЬБАТРОС  10/20тн','44744','1974','1974-06-01 00:00:00','50/7140011','842969','1096886','Причал 13',NULL,'0',0,NULL,0,NULL),(799,14,1,4,'Портальный кран АЛЬБАТРОС  10/20тн','44960','1977','1978-01-01 00:00:00','50-71/80879','313334','1099858','Причал 14',NULL,'0',0,NULL,0,NULL),(800,14,1,4,'Портальный кран АЛЬБАТРОС  10/20тн','47089','1980','1980-06-01 00:00:00','50-71/00054','313534','0084','Причал 14',NULL,'0',0,NULL,0,NULL),(801,14,1,4,'Портальный кран АЛЬБАТРОС  10/20тн','47253','1982','1983-01-01 00:00:00','50-0711/10509','243460','0609','Причал 12 тыл',NULL,'0',0,NULL,0,NULL),(802,14,1,4,'Портальный кран АЛЬБАТРОС  10/20тн','47901','1987','1988-01-01 00:00:00','50-0711/70006','914674','1749','Причал 11 тыл',NULL,'0',0,NULL,0,NULL),(803,14,1,4,'Портальный кран АЛЬБАТРОС  10/20тн','48047','1988','1989-01-01 00:00:00','50-0711/80005','914784','1861','Причал 14',NULL,'0',0,NULL,0,NULL),(804,14,1,4,'Портальный кран АЛЬБАТРОС  10/20тн','48159','1990','1991-01-01 00:00:00','50-0711/00221','635236','2383','Причал 6 тыл',NULL,'0',0,NULL,0,NULL),(805,14,1,4,'Портальный кран АЛЬБАТРОС  10/20тн',NULL,'1987',NULL,NULL,NULL,'1740',NULL,NULL,'0',0,NULL,0,NULL),(806,14,1,6,'Портальный кран АЛЬБАТРОС  10/20тн,колея 20,7м','44061','1975','1976-01-01 00:00:00','50/7150001','843097','1096976','Причал 5',NULL,'0',0,NULL,0,NULL),(807,14,1,6,'Портальный кран АЛЬБАТРОС  10/20тн,колея 20,7м','44062','1976','1976-06-01 00:00:00','50/7150001','843096','1096975','Причал 5',NULL,'0',0,NULL,0,NULL),(808,14,1,6,'Портальный кран АЛЬБАТРОС  10/20тн,колея 20,7м','44157','1976','1977-01-01 00:00:00','50-71/61056','969772','1097935','Причал 5',NULL,'0',0,NULL,0,NULL),(809,14,1,6,'Портальный кран АЛЬБАТРОС  10/20тн,колея 20,7м','44378','1976','1977-01-01 00:00:00','50-71/61056','969771','1097934','Причал 5',NULL,'0',0,NULL,0,NULL),(810,14,1,6,'Портальный кран АЛЬБАТРОС  10/20тн,колея 20,7м','47453','1982','1982-06-01 00:00:00','50-0711/20066','243577','0875','Причал 6',NULL,'0',0,NULL,0,NULL),(811,14,1,6,'Портальный кран АЛЬБАТРОС  10/20тн,колея 20,7м','47487','1982','1983-01-01 00:00:00','50-0711/20066','243575','0873','Причал 6',NULL,'0',0,NULL,0,NULL),(812,14,1,6,'Портальный кран АЛЬБАТРОС  10/20тн,колея 20,7м','47474','1982','1983-01-01 00:00:00','50-0711/20066','243576','0874','Причал 4',NULL,'0',0,NULL,0,NULL),(813,14,1,6,'Портальный кран АЛЬБАТРОС  10/20тн,колея 20,7м','47434','1982','1983-01-01 00:00:00','50-0711/20066','243576','0875','Причал 4',NULL,'0',0,NULL,0,NULL),(814,14,1,29,'Портальный кран СОКОЛ  16/20/32тн','49','1977','1977-06-01 00:00:00','50-71/70485','909838','1108862','Причал 13 тыл',NULL,'0',0,NULL,0,NULL),(815,14,1,29,'Портальный кран СОКОЛ  16/20/32тн','50','1984','1984-06-01 00:00:00','50-0711/40443','681262','1275',NULL,NULL,'0',0,NULL,0,NULL),(816,14,1,30,'Портальный кран СОКОЛ  16/20/32тн,колея 15,3м','39','1978','1979-01-01 00:00:00','50-71/80980','313411','1109935','Причал 10',NULL,'0',0,NULL,0,NULL),(817,14,1,30,'Портальный кран СОКОЛ  16/20/32тн,колея 15,3м','38','1979','1979-06-01 00:00:00','50-71/90103','313493','0382','Причал 10',NULL,'0',0,NULL,0,NULL),(818,14,1,30,'Портальный кран СОКОЛ  16/20/32тн,колея 15,3м','37','1980','1980-06-01 00:00:00','50-71/90103','313494','0383','Причал 10',NULL,'0',0,NULL,0,NULL),(819,14,1,30,'Портальный кран СОКОЛ  16/20/32тн,колея 15,3м','35','1980','1981-01-01 00:00:00','50-71/90103','313890','0389','Причал 10',NULL,'0',0,NULL,0,NULL),(820,14,1,30,'Портальный кран СОКОЛ  16/20/32тн,колея 15,3м','36','1981','1981-06-01 00:00:00','50/0711/10510','243476','0577','Причал 10',NULL,'0',0,NULL,0,NULL),(821,14,1,10,'Портальный кран ГАНЦ 5/6тн,30m','26','1979','1979-06-01 00:00:00','50/71/90105','317245','1225','Причал 5 тыл',NULL,'0',0,NULL,0,NULL),(822,14,1,10,'Портальный кран ГАНЦ 5/6тн,30m','42','1979','1980-01-01 00:00:00','50/71/90105','317271','1252','Причал 9',NULL,'0',0,NULL,0,NULL),(823,14,1,10,'Портальный кран ГАНЦ 5/6тн,30m','47044','1980','1980-06-01 00:00:00','50/71/00057','317296','1260','Причал 15',NULL,'0',0,NULL,0,NULL),(824,14,1,10,'Портальный кран ГАНЦ 5/6тн,30m','47028','1979','1980-01-01 00:00:00','50/71/00057','317297','1259','Причал 5 тыл',NULL,'0',0,NULL,0,NULL),(825,14,1,10,'Портальный кран ГАНЦ 5/6тн,30m','47134','1980','1980-06-01 00:00:00','50/71/00057','317313','1281','Причал 7',NULL,'0',0,NULL,0,NULL),(826,14,1,10,'Портальный кран ГАНЦ 5/6тн,30m','47296','1981','1981-06-01 00:00:00','50/0711/10871','270188','1317','Причал 15',NULL,'0',0,NULL,0,NULL),(827,14,1,10,'Портальный кран ГАНЦ 5/6тн,30m','47297','1981','1981-06-01 00:00:00','50/0711/10871','270189','1318','Причал 15',NULL,'0',0,NULL,0,NULL),(828,14,1,10,'Портальный кран ГАНЦ 5/6тн,30m','47398','1981','1982-01-01 00:00:00','50-0711/30323','302339','1342','Причал 15',NULL,'0',0,NULL,0,NULL),(829,14,1,13,'Полупортальный кран ГАНЦ 5/6тн,30m,колея 18,3м','1','1970','1971-01-01 00:00:00','50/87687','301137','03',NULL,NULL,'0',0,NULL,0,NULL),(830,14,1,13,'Полупортальный кран ГАНЦ 5/6тн,30m,колея 18,3м','2','1970','1971-01-01 00:00:00','50/87687','301138','04','Причал 1-2',NULL,'0',0,NULL,0,NULL),(831,14,1,13,'Полупортальный кран ГАНЦ 5/6тн,30m,колея 18,3м','4','1970','1971-01-01 00:00:00','50/87687','301136','02','Причал 1-2',NULL,'0',0,NULL,0,NULL),(832,14,1,13,'Полупортальный кран ГАНЦ 5/6тн,30m,колея 18,3м','7','1970','1971-01-01 00:00:00','50/87687','301139','06','Причал 1-2',NULL,'0',0,NULL,0,NULL),(833,14,1,13,'Полупортальный кран ГАНЦ 5/6тн,30m,колея 18,3м','8','1970','1971-01-01 00:00:00','50/87687','301142','07','Причал 1-2',NULL,'0',0,NULL,0,NULL),(834,14,1,13,'Полупортальный кран ГАНЦ 5/6тн,30m,колея 18,3м','9','1970','1971-01-01 00:00:00','50/87687','301141','08','Причал 1-2',NULL,'0',0,NULL,0,NULL),(835,14,1,13,'Полупортальный кран ГАНЦ 5/6тн,30m,колея 18,3м','10','1970','1971-01-01 00:00:00','50/87687','301140','05','Причал 1-2',NULL,'0',0,NULL,0,NULL),(836,14,1,14,'Портальный кран ГАНЦ 5/6тн,30m,колея 20,7м','22','1968','1968-06-01 00:00:00','50/77017','184894','003','Причал 6',NULL,'0',0,NULL,0,NULL),(837,14,1,14,'Портальный кран ГАНЦ 5/6тн,30m,колея 20,7м','21','1968','1969-01-01 00:00:00','50/77017','184895','004','Причал 6',NULL,'0',0,NULL,0,NULL),(838,14,1,14,'Портальный кран ГАНЦ 5/6тн,30m,колея 20,7м','19','1968','1968-06-01 00:00:00','50/77017','184897','006','Причал 2 тыл',NULL,'0',0,NULL,0,NULL),(839,14,1,14,'Портальный кран ГАНЦ 5/6тн,30m,колея 20,7м','20','1968','1969-01-01 00:00:00','50/77017','184896','005','Причал 2 тыл',NULL,'0',0,NULL,0,NULL),(840,14,1,25,'Портальный кран КОНДОР 16/32/40тн','53','1983',NULL,NULL,NULL,'0954',NULL,NULL,'0',0,NULL,0,NULL),(841,14,1,25,'Портальный кран КОНДОР 16/32/40тн','51','1988',NULL,NULL,NULL,'1887',NULL,NULL,'0',0,NULL,0,NULL),(842,14,1,33,'Портальный кран АНС1000 \"ФЕНИКС\"  28\\32\\40\\50тн','52','2003',NULL,NULL,NULL,'24 3380 00',NULL,NULL,'0',0,NULL,0,NULL),(1225,21,1,1,'Портальный кран АИСТ16/20/32тн, вылет 32-8 м',NULL,NULL,NULL,NULL,NULL,NULL,NULL,NULL,'0',0,NULL,0,NULL),(1226,21,1,2,'Портальный кран АЛЬБРЕХТ   10/20тн','34','1965','1966-01-01 00:00:00','50/27716','842368','1072084','Причал 7 тыл',NULL,'0',0,NULL,0,NULL),(1227,21,1,2,'Портальный кран АЛЬБРЕХТ   10/20тн','35','1966','1966-06-01 00:00:00','50/27289','844183','1072205','Причал 9 тыл',NULL,'0',0,NULL,0,NULL),(1228,21,1,2,'Портальный кран АЛЬБРЕХТ   10/20тн','38','1970','1970-06-01 00:00:00','50/97141','307943','1073247','Причал 6',NULL,'0',0,NULL,0,NULL),(1229,21,1,2,'Портальный кран АЛЬБРЕХТ   10/20тн','39','1970','1970-06-01 00:00:00','50/97141','307962','1073266','Причал 6',NULL,'0',0,NULL,0,NULL),(1230,21,1,2,'Портальный кран АЛЬБРЕХТ   10/20тн','40','1970','1971-01-01 00:00:00','50/97141','307985','1073289','Причал 6',NULL,'0',0,NULL,0,NULL),(1231,21,1,29,'Портальный кран СОКОЛ  16/20/32тн','1','1971','1972-01-01 00:00:00','зак ВТ50/07266','389387','1104218','Причал 9 тыл',NULL,'0',0,NULL,0,NULL),(1232,21,1,29,'Портальный кран СОКОЛ  16/20/32тн','3',NULL,NULL,NULL,NULL,NULL,NULL,NULL,'0',0,NULL,0,NULL),(1233,21,1,29,'Портальный кран СОКОЛ  16/20/32тн','4','1980','1980-06-01 00:00:00','50-71/00055','313572','0459','Причал 13',NULL,'0',0,NULL,0,NULL),(1234,21,1,29,'Портальный кран СОКОЛ  16/20/32тн','5',NULL,NULL,NULL,NULL,NULL,NULL,NULL,'0',0,NULL,0,NULL),(1235,21,1,29,'Портальный кран СОКОЛ  16/20/32тн','7','1974','1974-06-01 00:00:00','зак ВТ50-71/40012','843012','1105674','Причал 4',NULL,'0',0,NULL,0,NULL),(1236,21,1,29,'Портальный кран СОКОЛ  16/20/32тн','8','1971','1972-01-01 00:00:00','зак ВТ50/07266','389386','1103510','Причал 10',NULL,'0',0,NULL,0,NULL),(1237,21,1,29,'Портальный кран СОКОЛ  16/20/32тн','9','1981','1982-01-01 00:00:00','50-0711/10510','392001','0632','Причал 13',NULL,'0',0,NULL,0,NULL),(1238,21,1,29,'Портальный кран СОКОЛ  16/20/32тн','20',NULL,NULL,NULL,NULL,NULL,NULL,NULL,'0',0,NULL,0,NULL),(1239,21,1,29,'Портальный кран СОКОЛ  16/20/32тн','21',NULL,NULL,NULL,NULL,NULL,NULL,NULL,'0',0,NULL,0,NULL),(1240,21,1,29,'Портальный кран СОКОЛ  16/20/32тн','22','1973','1974-01-01 00:00:00','зак ВТ50/27042','665513','1105672','Причал 4',NULL,'0',0,NULL,0,NULL),(1241,21,1,29,'Портальный кран СОКОЛ  16/20/32тн','23',NULL,NULL,NULL,NULL,NULL,NULL,NULL,'0',0,NULL,0,NULL),(1242,21,1,29,'Портальный кран СОКОЛ  16/20/32тн','25',NULL,NULL,NULL,NULL,NULL,NULL,NULL,'0',0,NULL,0,NULL),(1243,21,1,29,'Портальный кран СОКОЛ  16/20/32тн','28','1981','1982-01-01 00:00:00','50-711/10510','392002','0633','Причал 13',NULL,'0',0,NULL,0,NULL),(1244,21,1,29,'Портальный кран СОКОЛ  16/20/32тн','41','1971','1972-01-01 00:00:00','50-07266','389393','1104219','Причал 9 тыл',NULL,'0',0,NULL,0,NULL),(1245,21,1,29,'Портальный кран СОКОЛ  16/20/32тн','42','1971','1972-01-01 00:00:00','50-07266','389394','1104220','Причал 10',NULL,'0',0,NULL,0,NULL),(1246,21,1,29,'Портальный кран СОКОЛ  16/20/32тн','43','1972','1972-06-01 00:00:00','50-17071','437871','1104376','Причал 11',NULL,'0',0,NULL,0,NULL),(1247,21,1,29,'Портальный кран СОКОЛ  16/20/32тн','44','1972','1973-01-01 00:00:00','50-17041','437870','1104375','Причал 10',NULL,'0',0,NULL,0,NULL),(1248,21,1,29,'Портальный кран СОКОЛ  16/20/32тн','45','1973','1973-06-01 00:00:00','50-27042','583453','1105551','Причал 14 тыл',NULL,'0',0,NULL,0,NULL),(1249,21,1,29,'Портальный кран СОКОЛ  16/20/32тн','46','1973','1973-06-01 00:00:00','50-27042','583454','1105552','Причал 14',NULL,'0',0,NULL,0,NULL),(1250,21,1,29,'Портальный кран СОКОЛ  16/20/32тн','47','1973','1973-06-01 00:00:00','50-27042','583455','1105553','Причал 14 тыл',NULL,'0',0,NULL,0,NULL),(1251,21,1,29,'Портальный кран СОКОЛ  16/20/32тн','48','1974','1974-06-01 00:00:00','50/71-40012','843011','1105673','Причал 4',NULL,'0',0,NULL,0,NULL),(1252,21,1,29,'Портальный кран СОКОЛ  16/20/32тн','49','1974','1974-06-01 00:00:00','50/71-40012','843022','1105688','Скл.пл.',NULL,'0',0,NULL,0,NULL),(1253,21,1,29,'Портальный кран СОКОЛ  16/20/32тн','50','1974','1974-06-01 00:00:00','50/71-40012','843023','1105689','Причал 13 тыл',NULL,'0',0,NULL,0,NULL),(1254,21,1,29,'Портальный кран СОКОЛ  16/20/32тн','51','1974','1975-01-01 00:00:00','50/71-40012','843024','1105630','Причал 14 тыл',NULL,'0',0,NULL,0,NULL),(1255,21,1,29,'Портальный кран СОКОЛ  16/20/32тн','52','1975','1975-06-01 00:00:00','50-71/50002','843105','1106275','Причал 9',NULL,'0',0,NULL,0,NULL),(1256,21,1,29,'Портальный кран СОКОЛ  16/20/32тн','53','1975','1975-06-01 00:00:00','50-71/50002','843106','1106276','Причал 14',NULL,'0',0,NULL,0,NULL),(1257,21,1,29,'Портальный кран СОКОЛ  16/20/32тн','54','1975','1975-06-01 00:00:00','50-71/50002','843107','1106277','Причал 13 тыл',NULL,'0',0,NULL,0,NULL),(1258,21,1,29,'Портальный кран СОКОЛ  16/20/32тн','57','1976','1976-06-01 00:00:00','50-71/61055','969697','1108134','Причал 4',NULL,'0',0,NULL,0,NULL),(1259,21,1,29,'Портальный кран СОКОЛ  16/20/32тн','58','1976','1976-06-01 00:00:00','50-71/61055','969698','1108135','Причал 13 тыл',NULL,'0',0,NULL,0,NULL),(1260,21,1,29,'Портальный кран СОКОЛ  16/20/32тн','59','1976','1976-06-01 00:00:00','50-71/61055','969699','1108136','Причал 9',NULL,'0',0,NULL,0,NULL),(1261,21,1,29,'Портальный кран СОКОЛ  16/20/32тн','60','1976','1976-06-01 00:00:00','50-71/61055','969700','1108137','Причал 7',NULL,'0',0,NULL,0,NULL),(1262,21,1,29,'Портальный кран СОКОЛ  16/20/32тн','61','1976','1976-06-01 00:00:00','50-71/61055','969716','1098153','Причал 13',NULL,'0',0,NULL,0,NULL),(1263,21,1,29,'Портальный кран СОКОЛ  16/20/32тн','62','1977','1978-01-01 00:00:00','50-71/70385','969848','1108872','Причал 13',NULL,'0',0,NULL,0,NULL),(1264,21,1,25,'Портальный кран КОНДОР 16/32/40тн','6','1980','1981-01-01 00:00:00','50-71/00056','313597','0136','Причал 15',NULL,'0',0,NULL,0,NULL),(1265,21,1,25,'Портальный кран КОНДОР 16/32/40тн','24','1986','1987-01-01 00:00:00','50-71/00056','914645','1654','Причал 15',NULL,'0',0,NULL,0,NULL),(1266,21,1,25,'Портальный кран КОНДОР 16/32/40тн','55','1975','1976-01-01 00:00:00','50-71/51459','901807','1117073','Причал 14',NULL,'0',0,NULL,0,NULL),(1267,21,1,25,'Портальный кран КОНДОР 16/32/40тн','56','1975','1976-01-01 00:00:00','50-71/51459','901808','1117074','Причал 14',NULL,'0',0,NULL,0,NULL),(1268,21,1,25,'Портальный кран КОНДОР 16/32/40тн','63','1977','1977-06-01 00:00:00','50-71/70386','969858','1118882','Причал 14 тыл',NULL,'0',0,NULL,0,NULL),(1269,21,1,4,'Портальный кран АЛЬБАТРОС  10/20тн','19','1988','2005-12-15 00:00:00',NULL,NULL,NULL,NULL,NULL,'0',0,NULL,0,NULL),(1270,21,1,4,'Портальный кран АЛЬБАТРОС  10/20тн','26','1985','2005-09-15 00:00:00',NULL,NULL,NULL,NULL,NULL,'0',0,NULL,0,NULL),(1271,21,1,4,'Портальный кран АЛЬБАТРОС  10/20тн','27','1990','2005-11-15 00:00:00',NULL,NULL,NULL,NULL,NULL,'0',0,NULL,0,NULL),(1272,21,1,4,'Портальный кран АЛЬБАТРОС  10/20тн','29','1988','2006-02-15 00:00:00',NULL,NULL,NULL,NULL,NULL,'0',0,NULL,0,NULL),(1273,21,1,10,'Портальный кран ГАНЦ 5/6тн,30m','12','1976','1977-01-01 00:00:00','50-71/61058','969967','1100','Причал 2',NULL,'0',0,NULL,0,NULL),(1274,21,1,10,'Портальный кран ГАНЦ 5/6тн,30m','14','1976','1977-01-01 00:00:00','50-71/61058','969981','1109','Причал 8',NULL,'0',0,NULL,0,NULL),(1275,21,1,10,'Портальный кран ГАНЦ 5/6тн,30m','16','1976','1977-01-01 00:00:00','50-71/70388','969867','1123','Причал 18',NULL,'0',0,NULL,0,NULL),(1276,21,1,10,'Портальный кран ГАНЦ 5/6тн,30m','17','1975','1975-06-01 00:00:00','50-71/51586','907035','1030','Причал 18',NULL,'0',0,NULL,0,NULL),(1277,21,1,15,'Портальный кран ГАНЦ 5/6тн,32m','2','1979','1979-06-01 00:00:00','50-71/90105','317248','02','РСУ',NULL,'0',0,NULL,0,NULL),(1278,21,1,15,'Портальный кран ГАНЦ 5/6тн,32m','10','1986','1987-01-01 00:00:00','50-0788/62021','118344','182','Причал 5',NULL,'0',0,NULL,0,NULL),(1279,21,1,15,'Портальный кран ГАНЦ 5/6тн,32m','11','1987','1988-01-01 00:00:00','50-0788/70913','233','233','Причал 5',NULL,'0',0,NULL,0,NULL),(1280,21,1,15,'Портальный кран ГАНЦ 5/6тн,32m','15','1982','1983-01-01 00:00:00','50-0711/20323','302409','13','Причал 6',NULL,'0',0,NULL,0,NULL),(1282,21,8,85,'Гусеничный кран РДК-250-3  25тн','6',NULL,NULL,NULL,NULL,NULL,NULL,NULL,'0',0,NULL,0,NULL),(1283,21,8,81,'Гусеничный кран РДК-160-2  16тн','8',NULL,NULL,NULL,NULL,NULL,NULL,NULL,'0',0,NULL,0,NULL),(1284,21,8,81,'Гусеничный кран РДК-160-2  16тн','13',NULL,NULL,NULL,NULL,NULL,NULL,NULL,'0',0,NULL,0,NULL),(1285,21,8,90,'Гусеничный кран КДЭ-163     16тн','11',NULL,NULL,NULL,NULL,NULL,NULL,NULL,'0',0,NULL,0,NULL),(1286,21,8,86,'Гусеничный кран РДК-250-2  25тн','15',NULL,NULL,NULL,NULL,NULL,NULL,NULL,'0',0,NULL,0,NULL),(1445,23,1,2,'Портальный кран АЛЬБРЕХТ   10/20тн','3917','1964','1965-01-01 00:00:00',NULL,'10720331','842316',NULL,NULL,'0',0,NULL,0,NULL),(1446,23,1,2,'Портальный кран АЛЬБРЕХТ   10/20тн','3979','1971','1972-01-01 00:00:00',NULL,'1072965','147132','Аренда',NULL,'0',0,NULL,0,NULL),(1447,23,1,2,'Портальный кран АЛЬБРЕХТ   10/20тн','3883','1964','1965-01-01 00:00:00',NULL,'1072013','842270',NULL,NULL,'0',0,NULL,0,NULL),(1448,23,1,2,'Портальный кран АЛЬБРЕХТ   10/20тн','3905','1964','1965-01-01 00:00:00',NULL,NULL,NULL,'Аренда',NULL,'0',0,NULL,0,NULL),(1449,23,1,2,'Портальный кран АЛЬБРЕХТ   10/20тн','3906','1964','1965-01-01 00:00:00',NULL,'1070011','842297',NULL,NULL,'0',0,NULL,0,NULL),(1450,23,1,2,'Портальный кран АЛЬБРЕХТ   10/20тн','3931','1964','1965-01-01 00:00:00',NULL,'1072048','842332',NULL,NULL,'0',0,NULL,0,NULL),(1451,23,1,2,'Портальный кран АЛЬБРЕХТ   10/20тн','5586','1964','1965-01-01 00:00:00',NULL,'1072062','842346',NULL,NULL,'0',0,NULL,0,NULL),(1452,23,1,2,'Портальный кран АЛЬБРЕХТ   10/20тн','5595','1964','1965-01-01 00:00:00',NULL,'1072078','842362',NULL,NULL,'0',0,NULL,0,NULL),(1453,23,1,3,'Портальный кран АЛЬБРЕХТ   10/20тн,колея 15,3м','4144','1968','1969-01-01 00:00:00',NULL,'1073124','246451',NULL,NULL,'0',0,NULL,0,NULL),(1454,23,1,3,'Портальный кран АЛЬБРЕХТ   10/20тн,колея 15,3м','4264','1969','1970-01-01 00:00:00',NULL,'1073268','307952',NULL,NULL,'0',0,NULL,0,NULL),(1455,23,1,3,'Портальный кран АЛЬБРЕХТ   10/20тн,колея 15,3м','3970','1966','1967-01-01 00:00:00',NULL,'1072222','844200',NULL,NULL,'0',0,NULL,0,NULL),(1456,23,1,3,'Портальный кран АЛЬБРЕХТ   10/20тн,колея 15,3м','3969','1966','1967-01-01 00:00:00',NULL,'1072223','844201',NULL,NULL,'0',0,NULL,0,NULL),(1457,23,1,3,'Портальный кран АЛЬБРЕХТ   10/20тн,колея 15,3м','5618','1966','1967-01-01 00:00:00',NULL,'1072225','844202',NULL,NULL,'0',0,NULL,0,NULL),(1458,23,1,3,'Портальный кран АЛЬБРЕХТ   10/20тн,колея 15,3м','5619','1966','1967-01-01 00:00:00',NULL,'1072224','844203',NULL,NULL,'0',0,NULL,0,NULL),(1459,23,1,3,'Портальный кран АЛЬБРЕХТ   10/20тн,колея 15,3м','3978','1966','1967-01-01 00:00:00',NULL,'1072363','147130',NULL,NULL,'0',0,NULL,0,NULL),(1460,23,1,3,'Портальный кран АЛЬБРЕХТ   10/20тн,колея 15,3м','5632','1966','1967-01-01 00:00:00',NULL,'1072363','147131',NULL,NULL,'0',0,NULL,0,NULL),(1461,23,1,3,'Портальный кран АЛЬБРЕХТ   10/20тн,колея 15,3м','3981','1966','1967-01-01 00:00:00',NULL,'1072366','147135',NULL,NULL,'0',0,NULL,0,NULL),(1462,23,1,3,'Портальный кран АЛЬБРЕХТ   10/20тн,колея 15,3м','3980','1966','1967-01-01 00:00:00',NULL,'1072367','147134',NULL,NULL,'0',0,NULL,0,NULL),(1463,23,1,3,'Портальный кран АЛЬБРЕХТ   10/20тн,колея 15,3м','4107','1968','1969-01-01 00:00:00',NULL,'1073061','225269',NULL,NULL,'0',0,NULL,0,NULL),(1464,23,1,3,'Портальный кран АЛЬБРЕХТ   10/20тн,колея 15,3м','4106','1967','1968-01-01 00:00:00',NULL,'107426','188591',NULL,NULL,'0',0,NULL,0,NULL),(1465,23,1,3,'Портальный кран АЛЬБРЕХТ   10/20тн,колея 15,3м','5672','1968','1969-01-01 00:00:00',NULL,'1073639','288559',NULL,NULL,'0',0,NULL,0,NULL),(1466,23,1,3,'Портальный кран АЛЬБРЕХТ   10/20тн,колея 15,3м','6468','1969','1970-01-01 00:00:00',NULL,'1073123','246450',NULL,NULL,'0',0,NULL,0,NULL),(1467,23,1,3,'Портальный кран АЛЬБРЕХТ   10/20тн,колея 15,3м','4168','1969','1970-01-01 00:00:00',NULL,'1073213','24648',NULL,NULL,'0',0,NULL,0,NULL),(1468,23,1,4,'Портальный кран АЛЬБАТРОС  10/20тн','7548','1983','1984-01-01 00:00:00',NULL,'527064','0936',NULL,NULL,'0',0,NULL,0,NULL),(1469,23,1,4,'Портальный кран АЛЬБАТРОС  10/20тн','3809','1977','1978-01-01 00:00:00',NULL,'313371','9896',NULL,NULL,'0',0,NULL,0,NULL),(1470,23,1,4,'Портальный кран АЛЬБАТРОС  10/20тн','7231','1977','1978-01-01 00:00:00',NULL,'313372','9899',NULL,NULL,'0',0,NULL,0,NULL),(1471,23,1,4,'Портальный кран АЛЬБАТРОС  10/20тн','6049','1981','1982-01-01 00:00:00',NULL,'243558','0856',NULL,NULL,'0',0,NULL,0,NULL),(1472,23,1,4,'Портальный кран АЛЬБАТРОС  10/20тн','7799','1983','1984-01-01 00:00:00',NULL,'527066','0938',NULL,NULL,'0',0,NULL,0,NULL),(1473,23,1,4,'Портальный кран АЛЬБАТРОС  10/20тн','7800','1983','1984-01-01 00:00:00',NULL,'527087','0939',NULL,NULL,'0',0,NULL,0,NULL),(1474,23,1,4,'Портальный кран АЛЬБАТРОС  10/20тн','7586','1983','1984-01-01 00:00:00',NULL,'527065','0937',NULL,NULL,'0',0,NULL,0,NULL),(1475,23,1,5,'Портальный кран АЛЬБАТРОС  10/20тн,колея 15,3м','6364','1972','1973-01-01 00:00:00',NULL,'1094326','437922',NULL,NULL,'0',0,NULL,0,NULL),(1476,23,1,5,'Портальный кран АЛЬБАТРОС  10/20тн,колея 15,3м','4916','1980','1981-01-01 00:00:00',NULL,'313524','0076',NULL,NULL,'0',0,NULL,0,NULL),(1477,23,1,5,'Портальный кран АЛЬБАТРОС  10/20тн,колея 15,3м','6365','1972','1973-01-01 00:00:00',NULL,'1094325','437421',NULL,NULL,'0',0,NULL,0,NULL),(1478,23,1,5,'Портальный кран АЛЬБАТРОС  10/20тн,колея 15,3м','6573','1976','1977-01-01 00:00:00',NULL,'1097932','969770',NULL,NULL,'0',0,NULL,0,NULL),(1479,23,1,5,'Портальный кран АЛЬБАТРОС  10/20тн,колея 15,3м','6574','1976','1977-01-01 00:00:00',NULL,'969769','1097932',NULL,NULL,'0',0,NULL,0,NULL),(1480,23,1,5,'Портальный кран АЛЬБАТРОС  10/20тн,колея 15,3м','6048','1981','1982-01-01 00:00:00',NULL,'243555','0855',NULL,NULL,'0',0,NULL,0,NULL),(1481,23,1,29,'Портальный кран СОКОЛ  16/20/32тн','3106','1990','1991-01-01 00:00:00',NULL,'635292','2409',NULL,NULL,'0',0,NULL,0,NULL),(1482,23,1,29,'Портальный кран СОКОЛ  16/20/32тн','4976','1980','1981-01-01 00:00:00',NULL,'313577','0464',NULL,NULL,'0',0,NULL,0,NULL),(1483,23,1,29,'Портальный кран СОКОЛ  16/20/32тн','2909','1988','1989-01-01 00:00:00',NULL,'914805','1880',NULL,NULL,'0',0,NULL,0,NULL),(1484,23,1,29,'Портальный кран СОКОЛ  16/20/32тн','3178','1988','1989-01-01 00:00:00',NULL,'914806','1881',NULL,NULL,'0',0,NULL,0,NULL),(1485,23,1,29,'Портальный кран СОКОЛ  16/20/32тн','7360','1983','1984-01-01 00:00:00',NULL,'527088','1103',NULL,NULL,'0',0,NULL,0,NULL),(1486,23,1,29,'Портальный кран СОКОЛ  16/20/32тн','4533','1989','1990-01-01 00:00:00',NULL,'575268','2171',NULL,NULL,'0',0,NULL,0,NULL),(1487,23,1,29,'Портальный кран СОКОЛ  16/20/32тн','5184','1990','1991-01-01 00:00:00',NULL,'635974','2413',NULL,NULL,'0',0,NULL,0,NULL),(1488,23,1,29,'Портальный кран СОКОЛ  16/20/32тн','4524','1971','1972-01-01 00:00:00',NULL,'1104365','497861',NULL,NULL,'0',0,NULL,0,NULL),(1489,23,1,29,'Портальный кран СОКОЛ  16/20/32тн','5390','1989','1990-01-01 00:00:00',NULL,'635291','2408 M',NULL,NULL,'0',0,NULL,0,NULL),(1490,23,1,30,'Портальный кран СОКОЛ  16/20/32тн,колея 15,3м','4195','1979','1980-01-01 00:00:00',NULL,'313491','0380',NULL,NULL,'0',0,NULL,0,NULL),(1491,23,1,30,'Портальный кран СОКОЛ  16/20/32тн,колея 15,3м','4194','1979','1980-01-01 00:00:00',NULL,'313497','0381',NULL,NULL,'0',0,NULL,0,NULL),(1492,23,1,30,'Портальный кран СОКОЛ  16/20/32тн,колея 15,3м','3893','1976','1977-01-01 00:00:00',NULL,'1108860','969856',NULL,NULL,'0',0,NULL,0,NULL),(1493,23,1,30,'Портальный кран СОКОЛ  16/20/32тн,колея 15,3м','5125','1980','1981-01-01 00:00:00',NULL,'313586','0327',NULL,NULL,'0',0,NULL,0,NULL),(1494,23,1,30,'Портальный кран СОКОЛ  16/20/32тн,колея 15,3м','5512','1980','1981-01-01 00:00:00',NULL,'313591','6390',NULL,NULL,'0',0,NULL,0,NULL),(1495,23,1,30,'Портальный кран СОКОЛ  16/20/32тн,колея 15,3м','7100','1978','1979-01-01 00:00:00',NULL,'1109934','313410',NULL,NULL,'0',0,NULL,0,NULL),(1496,23,1,30,'Портальный кран СОКОЛ  16/20/32тн,колея 15,3м','5510','1980','1981-01-01 00:00:00',NULL,'343477','0578',NULL,NULL,'0',0,NULL,0,NULL),(1497,23,1,30,'Портальный кран СОКОЛ  16/20/32тн,колея 15,3м','4934','1973','1974-01-01 00:00:00',NULL,'1105663','843066',NULL,NULL,'0',0,NULL,0,NULL),(1498,23,1,30,'Портальный кран СОКОЛ  16/20/32тн,колея 15,3м','5908','1975','1976-01-01 00:00:00',NULL,'1106038','843120',NULL,NULL,'0',0,NULL,0,NULL),(1499,23,1,30,'Портальный кран СОКОЛ  16/20/32тн,колея 15,3м','4944','1973','1974-01-01 00:00:00',NULL,'1105685','843021',NULL,NULL,'0',0,NULL,0,NULL),(1500,23,1,30,'Портальный кран СОКОЛ  16/20/32тн,колея 15,3м','3969','1977','1978-01-01 00:00:00',NULL,'31334149934','1109933',NULL,NULL,'0',0,NULL,0,NULL),(1501,23,1,30,'Портальный кран СОКОЛ  16/20/32тн,колея 15,3м','5511','1980','1981-01-01 00:00:00',NULL,'243478','0579',NULL,NULL,'0',0,NULL,0,NULL),(1502,23,1,30,'Портальный кран СОКОЛ  16/20/32тн,колея 15,3м','7587','1983','1984-01-01 00:00:00',NULL,'527089','1104',NULL,NULL,'0',0,NULL,0,NULL),(1503,23,1,30,'Портальный кран СОКОЛ  16/20/32тн,колея 15,3м','7902','1984','1985-01-01 00:00:00',NULL,'681265','1278',NULL,NULL,'0',0,NULL,0,NULL),(1504,23,1,30,'Портальный кран СОКОЛ  16/20/32тн,колея 15,3м','2272','1987','1988-01-01 00:00:00',NULL,'914709','1795',NULL,NULL,'0',0,NULL,0,NULL),(1505,23,1,30,'Портальный кран СОКОЛ  16/20/32тн,колея 15,3м','2152','1987','1988-01-01 00:00:00',NULL,'914707','1793',NULL,NULL,'0',0,NULL,0,NULL),(1506,23,1,30,'Портальный кран СОКОЛ  16/20/32тн,колея 15,3м','4513','1971','1972-01-01 00:00:00',NULL,'1106265','4378860',NULL,NULL,'0',0,NULL,0,NULL),(1507,23,1,30,'Портальный кран СОКОЛ  16/20/32тн,колея 15,3м','5909','1975','1976-01-01 00:00:00',NULL,'1106294','843121',NULL,NULL,'0',0,NULL,0,NULL),(1508,23,1,30,'Портальный кран СОКОЛ  16/20/32тн,колея 15,3м','5280','1990','1991-01-01 00:00:00',NULL,'635287','2410',NULL,NULL,'0',0,NULL,0,NULL),(1509,23,1,30,'Портальный кран СОКОЛ  16/20/32тн,колея 15,3м','5861','1991','1992-01-01 00:00:00',NULL,'635293','2412',NULL,NULL,'0',0,NULL,0,NULL),(1510,23,1,30,'Портальный кран СОКОЛ  16/20/32тн,колея 15,3м','2257','1987','1988-01-01 00:00:00',NULL,'914708','1794',NULL,NULL,'0',0,NULL,0,NULL),(1511,23,1,30,'Портальный кран СОКОЛ  16/20/32тн,колея 15,3м','4514','1971','1972-01-01 00:00:00',NULL,'110463','437859',NULL,NULL,'0',0,NULL,0,NULL),(1512,23,1,25,'Портальный кран КОНДОР 16/32/40тн','2081','1987','1988-01-01 00:00:00',NULL,'914733','1812',NULL,NULL,'0',0,NULL,0,NULL),(1513,23,1,25,'Портальный кран КОНДОР 16/32/40тн','9697','1985','1986-01-01 00:00:00',NULL,'808502','1414',NULL,NULL,'0',0,NULL,0,NULL),(1514,23,1,25,'Портальный кран КОНДОР 16/32/40тн','????','1985',NULL,NULL,NULL,NULL,NULL,NULL,'0',0,NULL,0,NULL),(1515,23,1,26,'Портальный кран КОНДОР 16/32/40тн,колея 15,3м','4533','1989','1990-01-01 00:00:00',NULL,'243508','0866',NULL,NULL,'0',0,NULL,0,NULL),(1516,23,1,11,'Портальный кран ГАНЦ 5/6тн,30m,колея 15,3м','3967','1967','1968-01-01 00:00:00',NULL,NULL,'002',NULL,NULL,'0',0,NULL,0,NULL),(1517,23,1,11,'Портальный кран ГАНЦ 5/6тн,30m,колея 15,3м','5616','1966','1967-01-01 00:00:00',NULL,'113080','004',NULL,NULL,'0',0,NULL,0,NULL),(1518,23,1,11,'Портальный кран ГАНЦ 5/6тн,30m,колея 15,3м','3977','1966','1967-01-01 00:00:00',NULL,'113091','009',NULL,NULL,'0',0,NULL,0,NULL),(1519,23,1,32,'Портальный кран ЧЕРЕТТИ-ТАНФАНИ 15тн','3140','1955','1956-01-01 00:00:00',NULL,NULL,'715577',NULL,NULL,'0',0,NULL,0,NULL),(1520,23,8,79,'Гусеничный кран ДИЕР-65  12,5тн','04515','1971','1972-01-01 00:00:00',NULL,NULL,'1051','ПСО МГС',NULL,'0',0,NULL,0,NULL),(1521,23,8,79,'Гусеничный кран ДИЕР-65  12,5тн','05701','1969','1970-01-01 00:00:00',NULL,NULL,NULL,'Аренда',NULL,'0',0,NULL,0,NULL),(1522,23,8,79,'Гусеничный кран ДИЕР-65  12,5тн','03861','1962','1963-01-01 00:00:00',NULL,NULL,NULL,'Аренда',NULL,'0',0,NULL,0,NULL),(1523,23,8,81,'Гусеничный кран РДК-160-2  16тн','07232','1977','1978-01-01 00:00:00',NULL,NULL,NULL,'Строй монтаж',NULL,'0',0,NULL,0,NULL),(1524,23,8,79,'Гусеничный кран ДИЕР-65  12,5тн','06439','1963','1964-01-01 00:00:00',NULL,NULL,NULL,'Ремонт ПКМ-2',NULL,'0',0,NULL,0,NULL),(1525,23,8,81,'Гусеничный кран РДК-160-2  16тн','19913','1985','1986-01-01 00:00:00',NULL,NULL,'2957','Ремонт ПКМ-1',NULL,'0',0,NULL,0,NULL),(1526,23,8,79,'Гусеничный кран ДИЕР-65  12,5тн','06139','1963','1964-01-01 00:00:00',NULL,NULL,NULL,'РММ-1',NULL,'0',0,NULL,0,NULL),(1527,23,6,64,'Автомобильный кран КС-2561Е              6,3тн','22932','1988','1989-01-01 00:00:00',NULL,NULL,'25652',NULL,NULL,'0',0,NULL,0,NULL),(1528,23,5,48,'Пневмоколесный  кран КАТО NK-200S-2   20/6,5тн','16502','1981','1982-01-01 00:00:00',NULL,'511838','1698',NULL,NULL,'0',0,NULL,0,NULL),(1529,23,5,47,'Пневмоколесный  кран КАТО                30тн','22205','1988','1989-01-01 00:00:00',NULL,'105251','CT30157',NULL,NULL,'0',0,NULL,0,NULL),(1532,23,5,51,'Пневмоколесный кран КАТО NK-500MS  50/12тн','27612','1992','1993-01-01 00:00:00',NULL,NULL,'3933109',NULL,NULL,'0',0,NULL,0,NULL),(1556,26,1,2,'Портальный кран АЛЬБРЕХТ   10/20тн','52','1971','1971-06-01 00:00:00','50/97141','307012','1073316','пр.12',NULL,'0',0,NULL,0,NULL),(1557,26,1,2,'Портальный кран АЛЬБРЕХТ   10/20тн','3','1965','1965-06-01 00:00:00','50/27176','842354','1072071','пр.3',NULL,'0',0,NULL,0,NULL),(1558,26,1,2,'Портальный кран АЛЬБРЕХТ   10/20тн','63','1971','1971-06-01 00:00:00','50/97141','307013','1073317','пр.12',NULL,'0',0,NULL,0,NULL),(1559,26,1,2,'Портальный кран АЛЬБРЕХТ   10/20тн','14','1965','1965-06-01 00:00:00','50/27176','842353','1072070','пр.4',NULL,'0',0,NULL,0,NULL),(1560,26,1,2,'Портальный кран АЛЬБРЕХТ   10/20тн','68','1971','1971-06-01 00:00:00','50/97141','308011','1073315','пр.13',NULL,'0',0,NULL,0,NULL),(1561,26,1,2,'Портальный кран АЛЬБРЕХТ   10/20тн','47','1965','1965-06-01 00:00:00','50/27176','842332','107049','пр.11',NULL,'0',0,NULL,0,NULL),(1562,26,1,2,'Портальный кран АЛЬБРЕХТ   10/20тн','61','1967','1967-06-01 00:00:00','50/61344','147137','1072370','пр.8',NULL,'0',0,NULL,0,NULL),(1563,26,1,2,'Портальный кран АЛЬБРЕХТ   10/20тн','64','1967','1967-06-01 00:00:00','50/61344','147135','1072368','пр.8',NULL,'0',0,NULL,0,NULL),(1564,26,1,2,'Портальный кран АЛЬБРЕХТ   10/20тн','50','1965','1965-06-01 00:00:00','50/27176','842330','1072046','тыл.8',NULL,'0',0,NULL,0,NULL),(1565,26,1,2,'Портальный кран АЛЬБРЕХТ   10/20тн','65','1967','1967-06-01 00:00:00','50/61344','147144','1072377','пр.8',NULL,'0',0,NULL,0,NULL),(1566,26,1,2,'Портальный кран АЛЬБРЕХТ   10/20тн','62','1966','1966-06-01 00:00:00','50/27899','844193','1072215','пр.8',NULL,'0',0,NULL,0,NULL),(1567,26,1,2,'Портальный кран АЛЬБРЕХТ   10/20тн','60','1967','1967-06-01 00:00:00','50/61344','147136','1072369','пр.9',NULL,'0',0,NULL,0,NULL),(1568,26,1,2,'Портальный кран АЛЬБРЕХТ   10/20тн','49','1965','1965-06-01 00:00:00','50/27176','842329','1072045','тыл.7',NULL,'0',0,NULL,0,NULL),(1569,26,1,2,'Портальный кран АЛЬБРЕХТ   10/20тн','8','1966','1966-06-01 00:00:00','50/27899','844179','1072201','тыл.6',NULL,'0',0,NULL,0,NULL),(1570,26,1,2,'Портальный кран АЛЬБРЕХТ   10/20тн','66','1967','1967-06-01 00:00:00','50/61344','147145','1072378','пр.12',NULL,'0',0,NULL,0,NULL),(1571,26,1,2,'Портальный кран АЛЬБРЕХТ   10/20тн','51','1971','1971-06-01 00:00:00','50/97141','308014','1073318','пр.12',NULL,'0',0,NULL,0,NULL),(1572,26,1,2,'Портальный кран АЛЬБРЕХТ   10/20тн','6','1965','1965-06-01 00:00:00','50/27176','842336','1072052','ЦРММ',NULL,'0',0,NULL,0,NULL),(1573,26,1,2,'Портальный кран АЛЬБРЕХТ   10/20тн','46','1965','1965-06-01 00:00:00','50/27176','842334','1072050','пр.13',NULL,'0',0,NULL,0,NULL),(1574,26,1,2,'Портальный кран АЛЬБРЕХТ   10/20тн','48','1965','1965-06-01 00:00:00','50/27176','842222','1072051','пр.10',NULL,'0',0,NULL,0,NULL),(1575,26,1,4,'Портальный кран АЛЬБАТРОС  10/20тн','7','1975','1975-06-01 00:00:00','50-51/50001','843068','1096913','пр.2',NULL,'0',0,NULL,0,NULL),(1576,26,1,4,'Портальный кран АЛЬБАТРОС  10/20тн','10','1978','1978-06-01 00:00:00','50-71/80979','313341','9883','тыл 6',NULL,'0',0,NULL,0,NULL),(1577,26,1,4,'Портальный кран АЛЬБАТРОС  10/20тн','11','1978','1978-06-01 00:00:00','50-71/80979','313342','9884','пр.6',NULL,'0',0,NULL,0,NULL),(1578,26,1,4,'Портальный кран АЛЬБАТРОС  10/20тн','73','1975','1975-06-01 00:00:00','50-71/50001','843076','1096955','пр.10',NULL,'0',0,NULL,0,NULL),(1579,26,1,4,'Портальный кран АЛЬБАТРОС  10/20тн','12','1978','1978-06-01 00:00:00','50-71/80979','313378','9898','пр.5',NULL,'0',0,NULL,0,NULL),(1580,26,1,4,'Портальный кран АЛЬБАТРОС  10/20тн','75','1976','1976-06-01 00:00:00','50-71/61058','969749','1097912','п/п Геленджик',NULL,'0',0,NULL,0,NULL),(1581,26,1,4,'Портальный кран АЛЬБАТРОС  10/20тн','9','1977','1977-06-01 00:00:00','50-71/70384','969816','1098840','тыл 6',NULL,'0',0,NULL,0,NULL),(1582,26,1,4,'Портальный кран АЛЬБАТРОС  10/20тн','72','1975','1975-06-01 00:00:00','50-51/50001','843075','1096954','пр.10',NULL,'0',0,NULL,0,NULL),(1583,26,1,4,'Портальный кран АЛЬБАТРОС  10/20тн','5','1976','1976-06-01 00:00:00','50-71/61058','969748','1097948','пр.10',NULL,'0',0,NULL,0,NULL),(1584,26,1,4,'Портальный кран АЛЬБАТРОС  10/20тн','74','1977','1977-06-01 00:00:00','50-71/70384','969817','1098841','пр.7',NULL,'0',0,NULL,0,NULL),(1585,26,1,4,'Портальный кран АЛЬБАТРОС  10/20тн','13','1978','1979-01-01 00:00:00','50-71/80979','313381','9915',NULL,NULL,'0',0,NULL,0,NULL),(1586,26,1,4,'Портальный кран АЛЬБАТРОС  10/20тн','15','1980','1980-01-01 00:00:00','50-71/00054','313514','0043','пр.5',NULL,'0',0,NULL,0,NULL),(1587,26,1,4,'Портальный кран АЛЬБАТРОС  10/20тн','16','1980','1980-01-01 00:00:00','50-71/00054','313522','0074','пр.5',NULL,'0',0,NULL,0,NULL),(1588,26,1,4,'Портальный кран АЛЬБАТРОС  10/20тн','4','1981','1981-06-01 00:00:00','50-0711/10509','243441',NULL,'пр.4',NULL,'0',0,NULL,0,NULL),(1589,26,1,4,'Портальный кран АЛЬБАТРОС  10/20тн','17','1981','1981-06-01 00:00:00','50-0711/10509','243442','0526','пр.5',NULL,'0',0,NULL,0,NULL),(1590,26,1,4,'Портальный кран АЛЬБАТРОС  10/20тн','18','1987','1994-01-01 00:00:00','50-0711/70006',NULL,'1762','пр.18',NULL,'0',0,NULL,0,NULL),(1591,26,1,4,'Портальный кран АЛЬБАТРОС  10/20тн','19','1987','1988-01-01 00:00:00','50-0711/70006','914688','1770','тыл 16',NULL,'0',0,NULL,0,NULL),(1592,26,1,4,'Портальный кран АЛЬБАТРОС  10/20тн','25','1988','1988-06-01 00:00:00','50-0711/80005','914767','1842','пр.19',NULL,'0',0,NULL,0,NULL),(1593,26,1,4,'Портальный кран АЛЬБАТРОС  10/20тн','87','1988','1988-06-01 00:00:00','50-0711/80005','914768','1843','пр.2',NULL,'0',0,NULL,0,NULL),(1594,26,1,29,'Портальный кран СОКОЛ  16/20/32тн','85','1984','1985-01-01 00:00:00','50-0711/40443','681276','1289','пр.16',NULL,'0',0,NULL,0,NULL),(1595,26,1,29,'Портальный кран СОКОЛ  16/20/32тн','86','1985','1985-06-01 00:00:00','50-0711/50802','808478','1378','пр.16',NULL,'0',0,NULL,0,NULL),(1596,26,1,29,'Портальный кран СОКОЛ  16/20/32тн','34','1986','1987-01-01 00:00:00','50-0711/60377','914621','1633','пр.16',NULL,'0',0,NULL,0,NULL),(1597,26,1,29,'Портальный кран СОКОЛ  16/20/32тн','57','1974','1975-01-01 00:00:00','50-71/43012','843027','1105691','тыл 15',NULL,'0',0,NULL,0,NULL),(1598,26,1,29,'Портальный кран СОКОЛ  16/20/32тн','69','1972','1972-06-01 00:00:00','50-17041','437863','1104367','пр.15',NULL,'0',0,NULL,0,NULL),(1599,26,1,29,'Портальный кран СОКОЛ  16/20/32тн','70','1972','1972-06-01 00:00:00','50-17041','437864','1104368','пр.15',NULL,'0',0,NULL,0,NULL),(1600,26,1,29,'Портальный кран СОКОЛ  16/20/32тн','32','1986','1987-01-01 00:00:00','50-0711/60377','914622','1634','пр.16',NULL,'0',0,NULL,0,NULL),(1601,26,1,29,'Портальный кран СОКОЛ  16/20/32тн','80','1981','1981-06-01 00:00:00','50-0711/10510','392010','0641','тыл 7',NULL,'0',0,NULL,0,NULL),(1602,26,1,29,'Портальный кран СОКОЛ  16/20/32тн','79','1981','1981-06-01 00:00:00','50-0711/10510','392009','0640','тыл 16',NULL,'0',0,NULL,0,NULL),(1603,26,1,29,'Портальный кран СОКОЛ  16/20/32тн','78','1981','1981-06-01 00:00:00','50-0711/10510','392008','0639','пр.19',NULL,'0',0,NULL,0,NULL),(1604,26,1,25,'Портальный кран КОНДОР 16/32/40тн','76','1980','1981-01-01 00:00:00','50-71/90104','313592','0467','пр.14',NULL,'0',0,NULL,0,NULL),(1605,26,1,25,'Портальный кран КОНДОР 16/32/40тн','37','1978','1979-01-01 00:00:00','50-71/80981','313414','9938','тыл 16',NULL,'0',0,NULL,0,NULL),(1606,26,1,25,'Портальный кран КОНДОР 16/32/40тн','83','1983','1983-06-01 00:00:00','50-0711/20064','243506','0951','тыл 7',NULL,'0',0,NULL,0,NULL),(1607,26,1,25,'Портальный кран КОНДОР 16/32/40тн','77','1980','1981-01-01 00:00:00','50-71/0056','313594','0134','пр.7',NULL,'0',0,NULL,0,NULL),(1608,26,1,8,'Портальный кран АТЛАНТ 16/20/32/40тн   колея 15,3м','28','1990','1993-01-01 00:00:00','50-0711/00224','635318','2511','пр.16',NULL,'0',0,NULL,0,NULL),(1609,26,1,8,'Портальный кран АТЛАНТ 16/20/32/40тн   колея 15,3м','27','1990','1993-01-01 00:00:00','50-0711/00224','635319','2512','пр.16',NULL,'0',0,NULL,0,NULL),(1610,26,1,8,'Портальный кран АТЛАНТ 16/20/32/40тн   колея 15,3м','29','1990','1993-01-01 00:00:00','50-0711/00224',NULL,'2513','пр.16',NULL,'0',0,NULL,0,NULL),(1611,26,1,9,'Портальный кран ГАНЦ 16/27,5тн','58','1970','1970-06-01 00:00:00','50-87500','255471','004','пр.8',NULL,'0',0,NULL,0,NULL),(1612,26,1,9,'Портальный кран ГАНЦ 16/27,5тн','59','1969','1970-01-01 00:00:00','50-87500',NULL,'003','пр.7',NULL,'0',0,NULL,0,NULL),(1613,26,1,10,'Портальный кран ГАНЦ 5/6тн,30m','42','1966','1966-06-01 00:00:00','50/55625','113036','5453','пр.11',NULL,'0',0,NULL,0,NULL),(1614,26,1,10,'Портальный кран ГАНЦ 5/6тн,30m','53','1966','1966-06-01 00:00:00','50/55625','113035','5452','пр.12',NULL,'0',0,NULL,0,NULL),(1615,26,1,10,'Портальный кран ГАНЦ 5/6тн,30m','2','1978','1978-06-01 00:00:00','50-71/80985','317195','1193','пр.3',NULL,'0',0,NULL,0,NULL),(1616,26,1,10,'Портальный кран ГАНЦ 5/6тн,30m','44','1964','1964-06-01 00:00:00','50-35659','860008','42-320040/2','пр.6',NULL,'0',0,NULL,0,NULL),(1617,26,1,10,'Портальный кран ГАНЦ 5/6тн,30m','55','1966','1966-06-01 00:00:00','50/55625','113025','5439','пр.3',NULL,'0',0,NULL,0,NULL),(1618,26,1,15,'Портальный кран ГАНЦ 5/6тн,32m','84','1983','1983-06-01 00:00:00','50-71/20323','302424','28','пр.19',NULL,'0',0,NULL,0,NULL),(1619,26,1,15,'Портальный кран ГАНЦ 5/6тн,32m','82','1983','1983-06-01 00:00:00','50-71/20323','302412','16','пр.2',NULL,'0',0,NULL,0,NULL),(1620,26,1,28,'Портальный кран НОВОРОССИЕЦ КПП16(32/40)','100','2002','2003-01-01 00:00:00','ТЗ 2902.00.0000ТЗ',NULL,'9012','пр.16 тыл',NULL,'0',0,NULL,0,NULL),(1621,26,3,37,'Mобильный кран ГОТВАЛЬД  HMK  170 EG  45/63 тн','91','1996','1996-12-01 00:00:00',NULL,NULL,'128 187 00','ГПМК',NULL,'0',0,NULL,0,NULL),(1622,26,3,37,'Mобильный кран ГОТВАЛЬД  HMK  170 EG  45/63 тн','92','1996','1996-12-01 00:00:00',NULL,NULL,'128 188 00','ГПМК',NULL,'0',0,NULL,0,NULL),(1623,26,3,37,'Mобильный кран ГОТВАЛЬД  HMK  170 EG  45/63 тн','93','1996','1996-12-01 00:00:00',NULL,NULL,'128 189 00','ГПМК',NULL,'0',0,NULL,0,NULL),(1624,26,3,39,'Mобильный кран ГОТВАЛЬД  HMK  260-E  45/80 тн','90','1994','1997-03-25 00:00:00',NULL,NULL,'128 150','ГПМК',NULL,'0',0,NULL,0,NULL),(1628,26,3,34,'Портальный мобильный  кран ГОТВАЛЬД HMK 170-E    45/63 тн','97','2002','2003-01-27 00:00:00',NULL,NULL,'828 551 00','ГПМК',NULL,'0',0,NULL,0,NULL),(1629,26,2,36,'Портальный мобильный кран ГОТВАЛЬД HSK 170 EG  65,6тн (Спец)','101','2003','2003-10-07 00:00:00',NULL,NULL,'817 594 00','ГПМК',NULL,'0',0,NULL,0,NULL),(1630,26,2,36,'Портальный мобильный кран ГОТВАЛЬД HSK 170 EG  65,6тн (Спец)','102','2003','2003-10-07 00:00:00',NULL,NULL,'817 595 00','ГПМК',NULL,'0',0,NULL,0,NULL),(1631,26,2,36,'Портальный мобильный кран ГОТВАЛЬД HSK 170 EG  65,6тн (Спец)','103','2003','2003-12-15 00:00:00',NULL,NULL,'817596 00','ГПМК',NULL,'0',0,NULL,0,NULL),(1632,26,2,36,'Портальный мобильный кран ГОТВАЛЬД HSK 170 EG  65,6тн (Спец)','104','2003','2003-11-17 00:00:00',NULL,NULL,'817 597 00','ГПМК',NULL,'0',0,NULL,0,NULL),(1633,26,4,44,'Кран-манипулятор СЕННЕБОГЕН 870М-КМ      5тн, 23м','002','2004',NULL,NULL,NULL,NULL,NULL,NULL,'0',0,NULL,0,NULL),(1634,26,9,101,'Плавучий кран СЕВАСТОПОЛЕЦ-1  140/32тн','3021','1985','1986-01-01 00:00:00',NULL,NULL,'1','Вост.р-н',NULL,'0',0,NULL,0,NULL),(1879,26,6,64,'Автомобильный кран КС-2561Е              6,3тн','2','1980','1981-01-01 00:00:00',NULL,NULL,'0580',NULL,NULL,'0',0,NULL,0,NULL),(1881,26,5,48,'Пневмоколесный  кран КАТО NK-200S-2   20/6,5тн','4','1982','1982-06-01 00:00:00','50-0215/23976','558068','СТ-450181',NULL,NULL,'0',0,NULL,0,NULL),(1882,26,5,53,'Пневмоколесный  кран КC-5363            25тн','1','1978','1978-06-01 00:00:00',NULL,NULL,'4578','Нефтерайон',NULL,'0',0,NULL,0,NULL),(2223,29,1,2,'Портальный кран АЛЬБРЕХТ   10/20тн','01-06','1970','1971-01-01 00:00:00','50/97141','307374','1073278','Тыл причал 2',NULL,'0',0,NULL,0,NULL),(2224,29,1,2,'Портальный кран АЛЬБРЕХТ   10/20тн','01-08','1971','1971-06-01 00:00:00','50/07156','361733','1123519','Тыл причал 1',NULL,'0',0,NULL,0,NULL),(2225,29,1,2,'Портальный кран АЛЬБРЕХТ   10/20тн','01-09','1971','1972-01-01 00:00:00','50/07156','361742','1123528','Тыл причал 1',NULL,'0',0,NULL,0,NULL),(2226,29,1,4,'Портальный кран АЛЬБАТРОС  10/20тн','02-03','1972','1973-01-01 00:00:00','50/1704','43784','1073108','Тыл причал 1',NULL,'0',0,NULL,0,NULL),(2227,29,1,4,'Портальный кран АЛЬБАТРОС  10/20тн','02-04','1973','1974-01-01 00:00:00','50-71/40041','842956','1096874','Тыл причал 7',NULL,'0',0,NULL,0,NULL),(2228,29,1,4,'Портальный кран АЛЬБАТРОС  10/20тн','02-05','1976','1976-06-01 00:00:00','50-71/61056','969746','1097909','Причал 6',NULL,'0',0,NULL,0,NULL),(2229,29,1,4,'Портальный кран АЛЬБАТРОС  10/20тн','02-06','1977','1977-06-01 00:00:00','50-71/70384','969805','1058829','Причал 7',NULL,'0',0,NULL,0,NULL),(2230,29,1,4,'Портальный кран АЛЬБАТРОС  10/20тн','02-07','1978','1978-06-01 00:00:00','50-71/80979','313338','1099862','Причал 9',NULL,'0',0,NULL,0,NULL),(2231,29,1,4,'Портальный кран АЛЬБАТРОС  10/20тн','02-08','1979','1979-06-01 00:00:00','50-71/9012','313428','0007','Причал 7',NULL,'0',0,NULL,0,NULL),(2232,29,1,4,'Портальный кран АЛЬБАТРОС  10/20тн','02-09','1979','1979-06-01 00:00:00','50-71/90102','313455','0023','Причал 9',NULL,'0',0,NULL,0,NULL),(2233,29,1,4,'Портальный кран АЛЬБАТРОС  10/20тн','02-10','1980','1980-06-01 00:00:00','50-71/00054','313521','0073','Тыл причал 7',NULL,'0',0,NULL,0,NULL),(2234,29,1,29,'Портальный кран СОКОЛ  16/20/32тн','07-01','1973','1974-01-01 00:00:00','50/27042','583468','1105566','Причал 11',NULL,'0',0,NULL,0,NULL),(2235,29,1,29,'Портальный кран СОКОЛ  16/20/32тн','07-02','1973','1974-01-01 00:00:00','50/27042','665510','1105669','Причал 11',NULL,'0',0,NULL,0,NULL),(2236,29,1,29,'Портальный кран СОКОЛ  16/20/32тн','07-03','1983','1984-01-01 00:00:00','50-0711/30394','527080','1095','Причал 8',NULL,'0',0,NULL,0,NULL),(2237,29,1,29,'Портальный кран СОКОЛ  16/20/32тн','07-04','1985','1986-01-01 00:00:00','50-0711/50802','808472','1373','Причал 8',NULL,'0',0,NULL,0,NULL),(2238,29,1,29,'Портальный кран СОКОЛ  16/20/32тн','07-05','1988','1989-01-01 00:00:00','50-0711/80006','914795','1870','Причал 2',NULL,'0',0,NULL,0,NULL),(2239,29,1,29,'Портальный кран СОКОЛ  16/20/32тн','07-06','1988','1989-01-01 00:00:00','50-0711/80006','914796','1871','Причал 2',NULL,'0',0,NULL,0,NULL),(2240,29,1,29,'Портальный кран СОКОЛ  16/20/32тн','07-07','1989','1990-01-01 00:00:00','50-0711/90267','575259','2159','Причал 2',NULL,'0',0,NULL,0,NULL),(2241,29,1,29,'Портальный кран СОКОЛ  16/20/32тн','07-08','1989','1990-01-01 00:00:00','50-0711/90267','575260','2160','Причал 8',NULL,'0',0,NULL,0,NULL),(2242,29,1,10,'Портальный кран ГАНЦ 5/6тн,30m','05-04','1973','1974-01-01 00:00:00','50-71/40391','853248','976','РСУ',NULL,'0',0,NULL,0,NULL),(2243,29,1,10,'Портальный кран ГАНЦ 5/6тн,30m','05-05','1974','1975-01-01 00:00:00',NULL,'853267','995','Тыл причал 12',NULL,'0',0,NULL,0,NULL),(2244,29,1,10,'Портальный кран ГАНЦ 5/6тн,30m','05-07','1975','1975-06-01 00:00:00','50-71/51586','907031','1025','Тыл причал 12',NULL,'0',0,NULL,0,NULL),(2245,29,1,10,'Портальный кран ГАНЦ 5/6тн,30m','05-08','1976','1976-06-01 00:00:00','50-71/61058','959929','1082','Тыл причал 11',NULL,'0',0,NULL,0,NULL),(2246,29,1,10,'Портальный кран ГАНЦ 5/6тн,30m','05-09','1980','1981-01-01 00:00:00','50-71/00057','317305','1285','Причал 4',NULL,'0',0,NULL,0,NULL),(2247,29,1,10,'Портальный кран ГАНЦ 5/6тн,30m','05-11','1981','1981-06-01 00:00:00','50-0711/10871','270189','1318','Причал 4',NULL,'0',0,NULL,0,NULL),(2248,29,1,10,'Портальный кран ГАНЦ 5/6тн,30m','05-12','1981','1982-01-01 00:00:00','50-0711/10871','270191','1320','Тыл причал 11',NULL,'0',0,NULL,0,NULL),(2249,29,1,10,'Портальный кран ГАНЦ 5/6тн,30m','05-13','1981','1982-01-01 00:00:00','50-0711/20323','302392','1345','Тыл причал 11',NULL,'0',0,NULL,0,NULL),(2250,29,1,15,'Портальный кран ГАНЦ 5/6тн,32m','05-14','1982','1983-01-01 00:00:00','50-0711/20323','302401','134','Тыл причал 12',NULL,'0',0,NULL,0,NULL),(2251,29,1,15,'Портальный кран ГАНЦ 5/6тн,32m','05-15','1983','1984-01-01 00:00:00','50-0711/30756','569541','41','Тыл причал 12',NULL,'0',0,NULL,0,NULL),(2252,29,1,15,'Портальный кран ГАНЦ 5/6тн,32m','05-17','1988','1989-01-01 00:00:00','50-0788/80853','338565','271','Причал 12',NULL,'0',0,NULL,0,NULL),(2255,29,9,95,'Плавучий кран ВИЛЕЙ  90/25 тн','1','1943','1944-01-01 00:00:00',NULL,NULL,NULL,NULL,NULL,'0',0,NULL,0,NULL),(2256,29,9,96,'Плавучий кран ГАНЦ  100/25 тн','98','1969','1972-01-01 00:00:00','77/53','04-104','2171',NULL,NULL,'0',0,NULL,0,NULL),(2257,29,4,45,'Кран-манипулятор  KATO      2.92тн','18-01','1992','1992-06-01 00:00:00',NULL,NULL,'683-02123',NULL,NULL,'0',0,NULL,0,NULL),(2258,29,5,46,'Пневмоколесный кран KAVELCO  RK-250-|||      25тн','15-09','1994','1994-06-01 00:00:00',NULL,NULL,'EZ-05834',NULL,NULL,'0',0,NULL,0,NULL),(2259,29,8,80,'Гусеничный кран ДИЕР-65-1    16/2,8тн','11-10','1974','1975-01-01 00:00:00',NULL,'486650','261',NULL,NULL,'0',0,NULL,0,NULL),(2260,29,8,80,'Гусеничный кран ДИЕР-65-1    16/2,8тн','11-11','1976','1976-06-01 00:00:00',NULL,'970699','554',NULL,NULL,'0',0,NULL,0,NULL),(2261,29,8,81,'Гусеничный кран РДК-160-2  16тн','11-12','1984','1985-06-01 00:00:00',NULL,NULL,'2521',NULL,NULL,'0',0,NULL,0,NULL),(2262,29,8,82,'Гусеничный кран РДК-160-3     21тн','11-15','1989','1990-01-01 00:00:00',NULL,NULL,'786',NULL,NULL,'0',0,NULL,0,NULL),(2263,29,8,86,'Гусеничный кран РДК-250-2  25тн','11-14','1985','1986-01-01 00:00:00',NULL,'921601','10503',NULL,NULL,'0',0,NULL,0,NULL),(2363,33,4,44,'Кран-манипулятор СЕННЕБОГЕН 870М-КМ      5тн, 23м','450','2005','2005-06-01 00:00:00',NULL,NULL,'870.0.223',NULL,NULL,'0',0,NULL,0,NULL),(2364,33,3,43,'Мобильный кран ЛИБХЕР LHM-400  104тн , вылет 10.5 - 48 м','390','2002','2002-06-01 00:00:00',NULL,NULL,'140.284',NULL,NULL,'0',0,NULL,0,NULL),(2365,33,1,4,'Портальный кран АЛЬБАТРОС  10/20тн','210','1982','1982-10-01 00:00:00','50-0711/20066','243546','0853','18пр.',NULL,'0',0,NULL,0,NULL),(2366,33,1,4,'Портальный кран АЛЬБАТРОС  10/20тн','258','1988','1988-04-01 00:00:00','50-0711/70006','914690','1772','40пр.',NULL,'0',0,NULL,0,NULL),(2367,33,1,4,'Портальный кран АЛЬБАТРОС  10/20тн','415','1979','1980-04-01 00:00:00','50-71190102','313452','0065','103пр.',NULL,'0',0,NULL,0,NULL),(2368,33,1,4,'Портальный кран АЛЬБАТРОС  10/20тн','410','1979','1979-07-01 00:00:00','50-71/90102','313429','0008','104пр.тыл',NULL,'0',0,NULL,0,NULL),(2369,33,1,4,'Портальный кран АЛЬБАТРОС  10/20тн','408','1978','1979-01-01 00:00:00','50-71/80979','313378','9912','103пр,тыл',NULL,'0',0,NULL,0,NULL),(2370,33,1,4,'Портальный кран АЛЬБАТРОС  10/20тн','163','1985','1985-09-01 00:00:00','50-0711/50801','808438','1337','16пр.',NULL,'0',0,NULL,0,NULL),(2371,33,1,4,'Портальный кран АЛЬБАТРОС  10/20тн','164','1986','1986-06-01 00:00:00','50-0711/60376','914583','1587','17пр.',NULL,'0',0,NULL,0,NULL),(2372,33,1,4,'Портальный кран АЛЬБАТРОС  10/20тн','109','1972','1972-07-01 00:00:00','50/17040','437814','1094318','4-5пр.',NULL,'0',0,NULL,0,NULL),(2373,33,1,4,'Портальный кран АЛЬБАТРОС  10/20тн','123','1991','1991-07-01 00:00:00','50-711/00221','635237','2384','4-5пр.',NULL,'0',0,NULL,0,NULL),(2374,33,1,4,'Портальный кран АЛЬБАТРОС  10/20тн','167','1989','1990-06-01 00:00:00','50-0711/90266','575249','2147','18пр.',NULL,'0',0,NULL,0,NULL),(2375,33,1,4,'Портальный кран АЛЬБАТРОС  10/20тн','359','1989','1990-03-01 00:00:00','50-0711 90266','575248','2143','67пр.',NULL,'0',0,NULL,0,NULL),(2376,33,1,4,'Портальный кран АЛЬБАТРОС  10/20тн','346','1975','1975-10-01 00:00:00','50-71/50001','834072','1096951','102пр.',NULL,'0',0,NULL,0,NULL),(2377,33,1,4,'Портальный кран АЛЬБАТРОС  10/20тн','166','1988','1989-09-01 00:00:00','50-0711/90266','437814','1862','5пр.',NULL,'0',0,NULL,0,NULL),(2378,33,1,4,'Портальный кран АЛЬБАТРОС  10/20тн','159','1982','1983-03-01 00:00:00','50-71/80979','243345','0852','104пр,тыл',NULL,'0',0,NULL,0,NULL),(2379,33,1,4,'Портальный кран АЛЬБАТРОС  10/20тн','162','1985','1985-03-01 00:00:00','50-0711/40442','681234','1247','16пр.',NULL,'0',0,NULL,0,NULL),(2380,33,1,4,'Портальный кран АЛЬБАТРОС  10/20тн','405','1973','1973-07-01 00:00:00','50/27041','583443','1094449','103пр',NULL,'0',0,NULL,0,NULL),(2381,33,1,4,'Портальный кран АЛЬБАТРОС  10/20тн','407','1974','1975-07-01 00:00:00','50-71/40011','842991','1096909','104пр,тыл',NULL,'0',0,NULL,0,NULL),(2382,33,1,4,'Портальный кран АЛЬБАТРОС  10/20тн','406','1973','1974-07-01 00:00:00','50/27041','583444','1094450','103пр,тыл',NULL,'0',0,NULL,0,NULL),(2383,33,1,4,'Портальный кран АЛЬБАТРОС  10/20тн','344','1974','1975-01-01 00:00:00','50-71/40011','842990','1096908','105тыл',NULL,'0',0,NULL,0,NULL),(2384,33,1,4,'Портальный кран АЛЬБАТРОС  10/20тн','320','1972','1972-06-01 00:00:00','50/17040','437815','1094319','3пр.',NULL,'0',0,NULL,0,NULL),(2385,33,1,29,'Портальный кран СОКОЛ  16/20/32тн','348','1978','1978-07-01 00:00:00','50-71/80980','313399','1109923','17пр,тыл',NULL,'0',0,NULL,0,NULL),(2386,33,1,29,'Портальный кран СОКОЛ  16/20/32тн','256','1979','1979-08-01 00:00:00',NULL,'313488','1090377','63пр,тыл',NULL,'0',0,NULL,0,NULL),(2387,33,1,29,'Портальный кран СОКОЛ  16/20/32тн','349','1980','1980-08-01 00:00:00','50-71/90103','313495','1090384','63пр,тыл',NULL,'0',0,NULL,0,NULL),(2388,33,1,29,'Портальный кран СОКОЛ  16/20/32тн','158','1981','1981-08-01 00:00:00','50-71/10510','243464','0565','4пр,тыл',NULL,'0',0,NULL,0,NULL),(2389,33,1,29,'Портальный кран СОКОЛ  16/20/32тн','421','1984','1985-03-01 00:00:00','50-0711/40443','681269','1282','90пр,тыл',NULL,'0',0,NULL,0,NULL),(2390,33,1,29,'Портальный кран СОКОЛ  16/20/32тн','225','1971','1971-04-01 00:00:00','50-07266','398388','1103502','4пр.,тыл',NULL,'0',0,NULL,0,NULL),(2391,33,1,29,'Портальный кран СОКОЛ  16/20/32тн','422','1986','1986-08-01 00:00:00','50-0711/50802','808479','1380','90пр,тыл',NULL,'0',0,NULL,0,NULL),(2392,33,1,29,'Портальный кран СОКОЛ  16/20/32тн','263','1989','1993-11-01 00:00:00','50-0711/90267','575255','2311',NULL,NULL,'0',0,NULL,0,NULL),(2393,33,1,29,'Портальный кран СОКОЛ  16/20/32тн','251','1972','1973-04-01 00:00:00','50-17041','437874','1104377','35пр.тыл',NULL,'0',0,NULL,0,NULL),(2394,33,1,29,'Портальный кран СОКОЛ  16/20/32тн','425','1990','1990-01-01 00:00:00','50-0711/90267','575269','2164','103пр,тыл',NULL,'0',0,NULL,0,NULL),(2395,33,1,29,'Портальный кран СОКОЛ  16/20/32тн','428','1991','1991-07-01 00:00:00','50-711/00222','635306','2399','102пр',NULL,'0',0,NULL,0,NULL),(2396,33,1,29,'Портальный кран СОКОЛ  16/20/32тн','423','1987','1988-06-01 00:00:00','50-0711/70007','914716','1788','32пр,тыл',NULL,'0',0,NULL,0,NULL),(2397,33,1,29,'Портальный кран СОКОЛ  16/20/32тн','262','1989','1993-09-01 00:00:00','50-0711/90267','575257','2321',NULL,NULL,'0',0,NULL,0,NULL),(2398,33,1,29,'Портальный кран СОКОЛ  16/20/32тн','250','1972','1973-04-01 00:00:00','50-17041','437873','1104378','35пр.',NULL,'0',0,NULL,0,NULL),(2399,33,1,29,'Портальный кран СОКОЛ  16/20/32тн','326','1977','1977-07-01 00:00:00','50-71/70385','969852','...8876','63пр,тыл',NULL,'0',0,NULL,0,NULL),(2400,33,1,29,'Портальный кран СОКОЛ  16/20/32тн','310','1978','1978-07-01 00:00:00','50-71/80980','313398','...9922','63пр,тыл',NULL,'0',0,NULL,0,NULL),(2401,33,1,29,'Портальный кран СОКОЛ  16/20/32тн','345','1975','1975-07-01 00:00:00','50-71/50002','843034','1105696','17пр,тыл',NULL,'0',0,NULL,0,NULL),(2402,33,1,29,'Портальный кран СОКОЛ  16/20/32тн','424','1986','1986-03-01 00:00:00','50-0711/80006','914649','1556','90пр,тыл',NULL,'0',0,NULL,0,NULL),(2403,33,1,29,'Портальный кран СОКОЛ  16/20/32тн','156','1976','1977-01-01 00:00:00','50-71/61055','969707','1108144','6пр,тыл',NULL,'0',0,NULL,0,NULL),(2404,33,1,29,'Портальный кран СОКОЛ  16/20/32тн','157','1976','1977-01-01 00:00:00','50-71/61055','969708','1108145','6пр,тыл',NULL,'0',0,NULL,0,NULL),(2405,33,1,29,'Портальный кран СОКОЛ  16/20/32тн','325','1977','1977-07-01 00:00:00','50-71/70385','969851','...8875','63пр,тыл',NULL,'0',0,NULL,0,NULL),(2406,33,1,29,'Портальный кран СОКОЛ  16/20/32тн','150','1975','1976-01-01 00:00:00','50-71/50002','843113','1106287','5пр,тыл',NULL,'0',0,NULL,0,NULL),(2407,33,1,29,'Портальный кран СОКОЛ  16/20/32тн','149','1975','1976-07-01 00:00:00','50-71/50002','843113','1106286','6пр,тыл.',NULL,'0',0,NULL,0,NULL),(2408,33,1,29,'Портальный кран СОКОЛ  16/20/32тн','420','1983','1984-03-01 00:00:00','50-0711/30394','527094','1109','89пр,тыл',NULL,'0',0,NULL,0,NULL),(2409,33,1,29,'Портальный кран СОКОЛ  16/20/32тн','1','1966','2000-06-01 00:00:00',NULL,NULL,'1615',NULL,NULL,'0',0,NULL,0,NULL),(2410,33,1,29,'Портальный кран СОКОЛ  16/20/32тн','2','1986','2000-06-01 00:00:00',NULL,NULL,'1616',NULL,NULL,'0',0,NULL,0,NULL),(2411,33,1,25,'Портальный кран КОНДОР 16/32/40тн','351','1981','1981-10-01 00:00:00','50-71/00056','313595','0470','64пр.',NULL,'0',0,NULL,0,NULL),(2412,33,1,25,'Портальный кран КОНДОР 16/32/40тн','426','1984','1985-06-01 00:00:00','50-711/40444','681287','1299','89пр.',NULL,'0',0,NULL,0,NULL),(2413,33,1,25,'Портальный кран КОНДОР 16/32/40тн','350','1980','1980-01-01 00:00:00','50-71/90104','313506','0365','75пр.',NULL,'0',0,NULL,0,NULL),(2414,33,1,25,'Портальный кран КОНДОР 16/32/40тн','160','1983','1983-06-01 00:00:00','50-711/20064','243503','0883','4пр,тыл',NULL,'0',0,NULL,0,NULL),(2415,33,1,25,'Портальный кран КОНДОР 16/32/40тн','347','1978','1978-04-01 00:00:00','50-71/70386','969864','8888','75пр.',NULL,'0',0,NULL,0,NULL),(2416,33,1,25,'Портальный кран КОНДОР 16/32/40тн','360','1992','1993-04-01 00:00:00',NULL,NULL,'2430','тыл',NULL,'0',0,NULL,0,NULL),(2417,33,1,25,'Портальный кран КОНДОР 16/32/40тн','353','1982','1982-06-01 00:00:00','50-711/10511','243491','0587','64пр.',NULL,'0',0,NULL,0,NULL),(2418,33,1,25,'Портальный кран КОНДОР 16/32/40тн','161','1984','1984-07-01 00:00:00','50-711/30395','527102','0953','5пр.',NULL,'0',0,NULL,0,NULL),(2419,33,1,25,'Портальный кран КОНДОР 16/32/40тн','352','1981','1981-10-01 00:00:00','50-71/00056','313596','0135','64пр.',NULL,'0',0,NULL,0,NULL),(2420,33,1,25,'Портальный кран КОНДОР 16/32/40тн','252','1974','1974-04-01 00:00:00','50-27322','704874','1115700','2р-н,28пр.',NULL,'0',0,NULL,0,NULL),(2421,33,1,25,'Портальный кран КОНДОР 16/32/40тн','261','1989','1989-12-31 00:00:00','50-0711/80007','914822','1897','26пр.',NULL,'0',0,NULL,0,NULL),(2422,33,1,25,'Портальный кран КОНДОР 16/32/40тн','264','1986','1987-06-01 00:00:00',NULL,NULL,'1655',NULL,NULL,'0',0,NULL,0,NULL),(2423,33,1,25,'Портальный кран КОНДОР 16/32/40тн','265','1989','1987-06-01 00:00:00',NULL,NULL,'2178',NULL,NULL,'0',0,NULL,0,NULL),(2424,33,1,25,'Портальный кран КОНДОР 16/32/40тн','356','1982','1986-12-01 00:00:00','50-711/60378','914642','1651','59пр.',NULL,'0',0,NULL,0,NULL),(2425,33,1,25,'Портальный кран КОНДОР 16/32/40тн','257','1985','1985-12-01 00:00:00','50-0711/50803','808490','1406','41пр.',NULL,'0',0,NULL,0,NULL),(2426,33,1,25,'Портальный кран КОНДОР 16/32/40тн','102','1976','1977-09-01 00:00:00','50-71/61054','969695','118167','1р-н,5пр.',NULL,'0',0,NULL,0,NULL),(2427,33,1,25,'Портальный кран КОНДОР 16/32/40тн','255','1976','1976-02-01 00:00:00',NULL,'901805','1117071','28пр.',NULL,'0',0,NULL,0,NULL),(2428,33,1,25,'Портальный кран КОНДОР 16/32/40тн','354','1982','1982-06-01 00:00:00','50-711/20064','243496','0644','64пр.',NULL,'0',0,NULL,0,NULL),(2429,33,1,25,'Портальный кран КОНДОР 16/32/40тн','3','1985','2001-06-01 00:00:00',NULL,NULL,'1403',NULL,NULL,'0',0,NULL,0,NULL),(2430,33,1,7,'Портальный кран АТЛАНТ 16/20/32/40тн','427','1986','1986-12-01 00:00:00','50-0711/60379','914649','1556','4р-н,102пр',NULL,'0',0,NULL,0,NULL),(2431,33,1,7,'Портальный кран АТЛАНТ 16/20/32/40тн','355','1986','1986-03-01 00:00:00','50-0711/60379','914650','1557','3р-н,64пр.',NULL,'0',0,NULL,0,NULL),(2432,33,1,10,'Портальный кран ГАНЦ 5/6тн,30m','336','1966','1966-06-01 00:00:00',NULL,'113030',' 5446','5пр.',NULL,'0',0,NULL,0,NULL),(2433,33,1,10,'Портальный кран ГАНЦ 5/6тн,30m','343','1974','1974-06-01 00:00:00','50-71/40391','853270','998','16пр.',NULL,'0',0,NULL,0,NULL),(2434,33,1,10,'Портальный кран ГАНЦ 5/6тн,30m','334','1968','1968-06-01 00:00:00',NULL,'210134','5612','3пр.',NULL,'0',0,NULL,0,NULL),(2435,33,1,10,'Портальный кран ГАНЦ 5/6тн,30m','233','1964','1964-06-01 00:00:00',NULL,'860014','42-32004-0/7','29пр.',NULL,'0',0,NULL,0,NULL),(2436,33,1,10,'Портальный кран ГАНЦ 5/6тн,30m','239','1964','1964-06-01 00:00:00',NULL,'859998','42-32003-0/2','32пр.',NULL,'0',0,NULL,0,NULL),(2437,33,1,10,'Портальный кран ГАНЦ 5/6тн,30m','107','1973','1973-06-01 00:00:00','50/76693','762581','930','15пр',NULL,'0',0,NULL,0,NULL),(2438,33,1,10,'Портальный кран ГАНЦ 5/6тн,30m','332','1965','1965-06-01 00:00:00',NULL,'908502','42-32024-0/5','29пр.',NULL,'0',0,NULL,0,NULL),(2439,33,1,10,'Портальный кран ГАНЦ 5/6тн,30m','110','1967','1967-06-01 00:00:00',NULL,'167026',' 5524','1пр.',NULL,'0',0,NULL,0,NULL),(2440,33,1,10,'Портальный кран ГАНЦ 5/6тн,30m','337','1966','1966-06-01 00:00:00',NULL,'113021',' 5437','5пр.',NULL,'0',0,NULL,0,NULL),(2441,33,1,10,'Портальный кран ГАНЦ 5/6тн,30m','234','1966','1966-06-01 00:00:00',NULL,'113045',' 5462','31пр',NULL,'0',0,NULL,0,NULL),(2442,33,1,10,'Портальный кран ГАНЦ 5/6тн,30m','105','1973','1973-06-01 00:00:00','50/76693','762589','937','15пр',NULL,'0',0,NULL,0,NULL),(2443,33,1,10,'Портальный кран ГАНЦ 5/6тн,30m','115','1971','1971-06-01 00:00:00','50/07269','389447',' 809','2пр.',NULL,'0',0,NULL,0,NULL),(2444,33,1,10,'Портальный кран ГАНЦ 5/6тн,30m','254','1975','1975-06-01 00:00:00','50-71/51586','907033','1027','31пр.',NULL,'0',0,NULL,0,NULL),(2445,33,1,10,'Портальный кран ГАНЦ 5/6тн,30m','244','1964','1964-06-01 00:00:00',NULL,'859999','42-32003-0/3','33пр.',NULL,'0',0,NULL,0,NULL),(2446,33,1,10,'Портальный кран ГАНЦ 5/6тн,30m','114','1971','1971-06-01 00:00:00','50/07269','389448',' 810','4пр.',NULL,'0',0,NULL,0,NULL),(2447,33,1,10,'Портальный кран ГАНЦ 5/6тн,30m','138','1972','1972-06-01 00:00:00','50/17203','452645','846','14пр',NULL,'0',0,NULL,0,NULL),(2448,33,1,10,'Портальный кран ГАНЦ 5/6тн,30m','113','1967','1967-06-01 00:00:00',NULL,'167033',' 5531','2пр.',NULL,'0',0,NULL,0,NULL),(2449,33,1,10,'Портальный кран ГАНЦ 5/6тн,30m','237','1965','1965-06-01 00:00:00',NULL,'908518','42-32026-0/3','28пр.',NULL,'0',0,NULL,0,NULL),(2450,33,1,10,'Портальный кран ГАНЦ 5/6тн,30m','253','1975','1975-06-01 00:00:00',NULL,'853293','1021','31пр.',NULL,'0',0,NULL,0,NULL),(2451,33,1,10,'Портальный кран ГАНЦ 5/6тн,30m','335','1966','1966-06-01 00:00:00',NULL,'113031',' 5447','26пр.',NULL,'0',0,NULL,0,NULL),(2452,33,1,10,'Портальный кран ГАНЦ 5/6тн,30m','104',NULL,'1976-02-01 00:00:00','50-71/51586','907070','1064','13пр.',NULL,'0',0,NULL,0,NULL),(2453,33,1,10,'Портальный кран ГАНЦ 5/6тн,30m','232','1964','1964-06-01 00:00:00',NULL,'800015','42-32004-0/8','29пр.',NULL,'0',0,NULL,0,NULL),(2454,33,1,10,'Портальный кран ГАНЦ 5/6тн,30m','106','1973','1973-06-01 00:00:00','50/76693','762588','936','13пр',NULL,'0',0,NULL,0,NULL),(2455,33,1,10,'Портальный кран ГАНЦ 5/6тн,30m','236','1965','1965-09-01 00:00:00',NULL,'908521','42-32026-0/6','29пр.',NULL,'0',0,NULL,0,NULL),(2456,33,1,10,'Портальный кран ГАНЦ 5/6тн,30m','108','1973','1973-06-01 00:00:00','50/76693','762575','923','15пр.',NULL,'0',0,NULL,0,NULL),(2457,33,1,10,'Портальный кран ГАНЦ 5/6тн,30m','300','1972','1973-03-01 00:00:00','50/17203','452688','891','31пр',NULL,'0',0,NULL,0,NULL),(2458,33,1,10,'Портальный кран ГАНЦ 5/6тн,30m','137','1972','1972-06-01 00:00:00','50/17203','452654','854','14пр',NULL,'0',0,NULL,0,NULL),(2459,33,1,10,'Портальный кран ГАНЦ 5/6тн,30m','103','1975','1976-02-01 00:00:00','50-71/51586','907069','1063','15пр.',NULL,'0',0,NULL,0,NULL),(2460,33,1,27,'Портальный кран КОНЕ   16/20/32тн','357','1986','1987-06-01 00:00:00','50-0711/62578','132938','k-9354','74пр.',NULL,'0',0,NULL,0,NULL),(2461,33,1,27,'Портальный кран КОНЕ   16/20/32тн','165','1986','1989-08-01 00:00:00','50-0711/62578','132935','k-9351','3пр.',NULL,'0',0,NULL,0,NULL),(2462,33,1,27,'Портальный кран КОНЕ   16/20/32тн','260','1986','1989-09-01 00:00:00','50-0711/62578','132936','k-9352','41пр.',NULL,'0',0,NULL,0,NULL),(2463,33,1,27,'Портальный кран КОНЕ   16/20/32тн','259','1986','1989-09-01 00:00:00','50-0711/62578','132937','k-9353','41пр.',NULL,'0',0,NULL,0,NULL),(2464,33,1,27,'Портальный кран КОНЕ   16/20/32тн','358','1986','1987-09-01 00:00:00','50-0711/62578','132939','k-9355','74пр.',NULL,'0',0,NULL,0,NULL),(2465,33,1,23,'Портальный кран КИРОВЕЦ КПП16','151','1992','1993-11-01 00:00:00','589/5744476/9-004','Ж-291','8126','4пр.тыл',NULL,'0',0,NULL,0,NULL),(2466,33,1,23,'Портальный кран КИРОВЕЦ КПП16','152','1992','1993-03-01 00:00:00','589/5744476/9-004','Ж-287','8125','4пр.тыл',NULL,'0',0,NULL,0,NULL),(2467,33,9,93,'Плавучий кран БЛЕЙХАРТ   15 тн','15','1952','1953-01-01 00:00:00',NULL,'3801',NULL,NULL,NULL,'0',0,NULL,0,NULL),(2468,33,9,94,'Плавучий кран БОГАТЫРЬ-4  300/100 тн','16','1979','1979-02-01 00:00:00',NULL,NULL,'4',NULL,NULL,'0',0,NULL,0,NULL),(2469,33,9,102,'Плавучий кран ДРАВО 91тн','12','1944','1946-01-01 00:00:00',NULL,NULL,NULL,NULL,NULL,'0',0,NULL,0,NULL),(2873,33,5,55,'Пневмоколесный кран Либхерр LTM 1055\\1   55,0тн','286','1987','1987-07-01 00:00:00','50-0833/71862','271858','Ф15В-002236',NULL,NULL,'0',0,NULL,0,NULL),(2874,33,6,68,'Автомобильный кран КС-3575А    10,0тн','1147','1988','1988-07-01 00:00:00','50-0833/71862','271861',NULL,NULL,NULL,'0',0,NULL,0,NULL),(2875,33,6,70,'Автомобильный кран КС-3577-3   10,0тн','1228','1987','1987-07-01 00:00:00','50-0833/71862','271859','Ф15В-002237',NULL,NULL,'0',0,NULL,0,NULL);
/*!40000 ALTER TABLE `machines` ENABLE KEYS */;
UNLOCK TABLES;

--
-- Table structure for table `manufacturers`
--

DROP TABLE IF EXISTS `manufacturers`;
/*!40101 SET @saved_cs_client     = @@character_set_client */;
/*!40101 SET character_set_client = utf8 */;
CREATE TABLE `manufacturers` (
  `manufacturer_id` int(11) NOT NULL AUTO_INCREMENT,
  `name` varchar(100) DEFAULT NULL,
  `country` varchar(45) DEFAULT NULL,
  `note` text,
  `address` varchar(255) DEFAULT NULL,
  `email` varchar(45) DEFAULT NULL,
  `phone` varchar(45) DEFAULT NULL,
  `archived` varchar(1) DEFAULT NULL,
  `create_user_id` int(11) DEFAULT NULL,
  `create_date` datetime DEFAULT NULL,
  `update_user_id` int(11) DEFAULT NULL,
  `update_date` datetime DEFAULT NULL,
  PRIMARY KEY (`manufacturer_id`)
) ENGINE=InnoDB AUTO_INCREMENT=57 DEFAULT CHARSET=utf8;
/*!40101 SET character_set_client = @saved_cs_client */;

--
-- Dumping data for table `manufacturers`
--

LOCK TABLES `manufacturers` WRITE;
/*!40000 ALTER TABLE `manufacturers` DISABLE KEYS */;
INSERT INTO `manufacturers` VALUES (1,'Рига \"АО Рикон\"','Латвия',NULL,NULL,NULL,NULL,'0',1,'2013-12-11 20:55:16',1,'2013-12-11 20:55:16'),(2,'Кранбау-Эберсвальде','Германия',NULL,NULL,NULL,NULL,'0',1,'2013-12-11 20:55:16',1,'2013-12-11 20:55:16'),(3,'Ганц','Венгрия',NULL,NULL,NULL,NULL,'0',1,'2013-12-11 20:55:16',1,'2013-12-11 20:55:16'),(4,'Тяжмаш','Мариуполь',NULL,NULL,NULL,NULL,'0',1,'2013-12-11 20:55:16',1,'2013-12-11 20:55:16'),(5,'Завод ПТО \"Коммунар\"','Россия',NULL,NULL,NULL,NULL,'0',1,'2013-12-11 20:55:16',1,'2013-12-11 20:55:16'),(6,'Подъемтрансмаш','Россия',NULL,NULL,NULL,NULL,'0',1,'2013-12-11 20:55:16',1,'2013-12-11 20:55:16'),(7,'Коне','Финляндия',NULL,NULL,NULL,NULL,'0',1,'2013-12-11 20:55:16',1,'2013-12-11 20:55:16'),(8,'ОАО\"Подъемтрансмаш\"','Россия',NULL,NULL,NULL,NULL,'0',1,'2013-12-11 20:55:16',1,'2013-12-11 20:55:16'),(9,'Черети-Танфани','Италия',NULL,NULL,NULL,NULL,'0',1,'2013-12-11 20:55:16',1,'2013-12-11 20:55:16'),(10,'Маннесман Дематик',NULL,NULL,NULL,NULL,NULL,'0',1,'2013-12-11 20:55:16',1,'2013-12-11 20:55:16'),(11,'Демаг',NULL,NULL,NULL,NULL,NULL,'0',1,'2013-12-11 20:55:16',1,'2013-12-11 20:55:16'),(12,'Либхерр','Германия',NULL,NULL,NULL,NULL,'0',1,'2013-12-11 20:55:16',1,'2013-12-11 20:55:16'),(13,'Като','Япония',NULL,NULL,NULL,NULL,'0',1,'2013-12-11 20:55:16',1,'2013-12-11 20:55:16'),(14,'Kovelko','Япония',NULL,NULL,NULL,NULL,'0',1,'2013-12-11 20:55:16',1,'2013-12-11 20:55:16'),(15,'Мицубиси','Япония',NULL,NULL,NULL,NULL,'0',1,'2013-12-11 20:55:16',1,'2013-12-11 20:55:16'),(16,'Киров','СССР',NULL,NULL,NULL,NULL,'0',1,'2013-12-11 20:55:16',1,'2013-12-11 20:55:16'),(17,'Кранбау-Эбесвальде','Германия',NULL,NULL,NULL,NULL,'0',1,'2013-12-11 20:55:16',1,'2013-12-11 20:55:16'),(18,'Сумитомо','Япония',NULL,NULL,NULL,NULL,'0',1,'2013-12-11 20:55:16',1,'2013-12-11 20:55:16'),(19,'Хитачи','Япония',NULL,NULL,NULL,NULL,'0',1,'2013-12-11 20:55:16',1,'2013-12-11 20:55:16'),(20,'Балткран','Россия',NULL,NULL,NULL,NULL,'0',1,'2013-12-11 20:55:16',1,'2013-12-11 20:55:16'),(21,'Кальмар','Швеция',NULL,NULL,NULL,NULL,'0',1,'2013-12-11 20:55:16',1,'2013-12-11 20:55:16'),(22,'Пайнер','Германия',NULL,NULL,NULL,NULL,'0',1,'2013-12-11 20:55:16',1,'2013-12-11 20:55:16'),(23,'Noell','Германия',NULL,NULL,NULL,NULL,'0',1,'2013-12-11 20:55:16',1,'2013-12-11 20:55:16'),(24,'Кальмар','Финляндия',NULL,NULL,NULL,NULL,'0',1,'2013-12-11 20:55:16',1,'2013-12-11 20:55:16'),(25,'Кларк','Англия',NULL,NULL,NULL,NULL,'0',1,'2013-12-11 20:55:16',1,'2013-12-11 20:55:16'),(26,'Валмет','Швеция',NULL,NULL,NULL,NULL,'0',1,'2013-12-11 20:55:16',1,'2013-12-11 20:55:16'),(27,'ТСМ','Япония',NULL,NULL,NULL,NULL,'0',1,'2013-12-11 20:55:16',1,'2013-12-11 20:55:16'),(28,'Валмет','Финляндия',NULL,NULL,NULL,NULL,'0',1,'2013-12-11 20:55:16',1,'2013-12-11 20:55:16'),(29,'Вальмет','Финляндия',NULL,NULL,NULL,NULL,'0',1,'2013-12-11 20:55:16',1,'2013-12-11 20:55:16'),(30,'Сису','Финляндия',NULL,NULL,NULL,NULL,'0',1,'2013-12-11 20:55:16',1,'2013-12-11 20:55:16'),(31,'Терберг','Голландия',NULL,NULL,NULL,NULL,'0',1,'2013-12-11 20:55:16',1,'2013-12-11 20:55:16'),(32,'Терберг','Голандия',NULL,NULL,NULL,NULL,'0',1,'2013-12-11 20:55:16',1,'2013-12-11 20:55:16'),(33,'Кальмар',NULL,NULL,NULL,NULL,NULL,'0',1,'2013-12-11 20:55:16',1,'2013-12-11 20:55:16'),(34,'Львовский завод ПТО','Украина',NULL,NULL,NULL,NULL,'0',1,'2013-12-11 20:55:16',1,'2013-12-11 20:55:16'),(35,'Тойета','Япония',NULL,NULL,NULL,NULL,'0',1,'2013-12-11 20:55:16',1,'2013-12-11 20:55:16'),(36,'Тойета',NULL,NULL,NULL,NULL,NULL,'0',1,'2013-12-11 20:55:16',1,'2013-12-11 20:55:16'),(37,'Мицубиси',NULL,NULL,NULL,NULL,NULL,'0',1,'2013-12-11 20:55:16',1,'2013-12-11 20:55:16'),(38,'Коматцу','Япония',NULL,NULL,NULL,NULL,'0',1,'2013-12-11 20:55:16',1,'2013-12-11 20:55:16'),(39,'Ниссан','Япония',NULL,NULL,NULL,NULL,'0',1,'2013-12-11 20:55:16',1,'2013-12-11 20:55:16'),(40,'TCM','Япония',NULL,NULL,NULL,NULL,'0',1,'2013-12-11 20:55:16',1,'2013-12-11 20:55:16'),(41,'Хайстер','Англия',NULL,NULL,NULL,NULL,'0',1,'2013-12-11 20:55:16',1,'2013-12-11 20:55:16'),(42,'Босс-трак',NULL,NULL,NULL,NULL,NULL,'0',1,'2013-12-11 20:55:16',1,'2013-12-11 20:55:16'),(43,'Юнгхайнрих','Германия',NULL,NULL,NULL,NULL,'0',1,'2013-12-11 20:55:16',1,'2013-12-11 20:55:16'),(44,'Мелрол','Бельгия',NULL,NULL,NULL,NULL,'0',1,'2013-12-11 20:55:16',1,'2013-12-11 20:55:16'),(45,'WestFargo','США',NULL,NULL,NULL,NULL,'0',1,'2013-12-11 20:55:16',1,'2013-12-11 20:55:16'),(46,'Камацу','Япония',NULL,NULL,NULL,NULL,'0',1,'2013-12-11 20:55:16',1,'2013-12-11 20:55:16'),(47,'Тойота','Япония',NULL,NULL,NULL,NULL,'0',1,'2013-12-11 20:55:16',1,'2013-12-11 20:55:16'),(48,'Детва','Чехословакия',NULL,NULL,NULL,NULL,'0',1,'2013-12-11 20:55:16',1,'2013-12-11 20:55:16'),(49,'Тоета','Япония',NULL,NULL,NULL,NULL,'0',1,'2013-12-11 20:55:16',1,'2013-12-11 20:55:16'),(50,'Вольво','Швеция',NULL,NULL,NULL,NULL,'0',1,'2013-12-11 20:55:16',1,'2013-12-11 20:55:16'),(51,'Челябинский завод','Poccия',NULL,NULL,NULL,NULL,'0',1,'2013-12-11 20:55:16',1,'2013-12-11 20:55:16'),(52,'Сиком','Швейцария',NULL,NULL,NULL,NULL,'0',1,'2013-12-11 20:55:16',1,'2013-12-11 20:55:16'),(53,'Сиком','Польша',NULL,NULL,NULL,NULL,'0',1,'2013-12-11 20:55:16',1,'2013-12-11 20:55:16'),(54,'Bleste','Латвия',NULL,NULL,NULL,NULL,'0',1,'2013-12-11 20:55:16',1,'2013-12-11 20:55:16'),(55,'Нидерланды',NULL,NULL,NULL,NULL,NULL,'0',1,'2013-12-11 20:55:16',1,'2013-12-11 20:55:16'),(56,'Завод КОММАШ, Мценск',NULL,NULL,NULL,NULL,NULL,'0',1,'2013-12-11 20:55:16',1,'2013-12-11 20:55:16');
/*!40000 ALTER TABLE `manufacturers` ENABLE KEYS */;
UNLOCK TABLES;

--
-- Table structure for table `models`
--

DROP TABLE IF EXISTS `models`;
/*!40101 SET @saved_cs_client     = @@character_set_client */;
/*!40101 SET character_set_client = utf8 */;
CREATE TABLE `models` (
  `model_id` int(11) NOT NULL AUTO_INCREMENT,
  `group_id` int(11) DEFAULT NULL,
  `manufacturer_id` int(11) DEFAULT NULL,
  `name` varchar(60) DEFAULT NULL,
  `details` varchar(250) DEFAULT NULL,
  `note` text,
  `archived` varchar(1) DEFAULT NULL,
  `create_user_id` int(11) DEFAULT NULL,
  `create_date` datetime DEFAULT NULL,
  `update_user_id` int(11) DEFAULT NULL,
  `update_date` datetime DEFAULT NULL,
  PRIMARY KEY (`model_id`)
) ENGINE=InnoDB AUTO_INCREMENT=702 DEFAULT CHARSET=utf8;
/*!40101 SET character_set_client = @saved_cs_client */;

--
-- Dumping data for table `models`
--

LOCK TABLES `models` WRITE;
/*!40000 ALTER TABLE `models` DISABLE KEYS */;
INSERT INTO `models` VALUES (1,1,1,'АИСТ16/20/32тн, вылет 32-8 м','Крюк:16тн-32м, 20тн-25м, 32тн-16м. Грейфер: 16тн-32м',NULL,'0',1,'2013-12-11 20:55:26',1,'2013-12-11 20:55:26'),(2,1,2,'АЛЬБРЕХТ   10/20тн','Крюк:10тн-32м,20тн-16м. Грейфер:10тн-32м,Колея 10,5м',NULL,'0',1,'2013-12-11 20:55:26',1,'2013-12-11 20:55:26'),(3,1,2,'АЛЬБРЕХТ   10/20тн,колея 15,3м','Крюк:10тн-32м,20тн-16м.Грейфер:10тн-32м.Колея 15,3м',NULL,'0',1,'2013-12-11 20:55:26',1,'2013-12-11 20:55:26'),(4,1,2,'АЛЬБАТРОС  10/20тн','Крюк:10тн-32м,20тн-16м.Грейфер:10тн-32м.Колея 10,5м',NULL,'0',1,'2013-12-11 20:55:26',1,'2013-12-11 20:55:26'),(5,1,2,'АЛЬБАТРОС  10/20тн,колея 15,3м','Крюк:10тн-32м,20тн-16м.Грейфер:10тн-32м.Колея 15,3м',NULL,'0',1,'2013-12-11 20:55:26',1,'2013-12-11 20:55:26'),(6,1,2,'АЛЬБАТРОС  10/20тн,колея 20,7м','Крюк:10тн-32м,20тн-16м.Грейфер:10тн-32м.Колея 20,7м',NULL,'0',1,'2013-12-11 20:55:26',1,'2013-12-11 20:55:26'),(7,1,2,'АТЛАНТ 16/20/32/40тн','Крюк:20тн-40м,25тн-32м.Грейфер:16тн-40м.Колея 10,5м',NULL,'0',1,'2013-12-11 20:55:26',1,'2013-12-11 20:55:26'),(8,1,2,'АТЛАНТ 16/20/32/40тн   колея 15,3м','Крюк:20тн-40м,25тн-32м.Грейфер:16тн-40м.Колея 15,3м',NULL,'0',1,'2013-12-11 20:55:26',1,'2013-12-11 20:55:26'),(9,1,3,'ГАНЦ 16/27,5тн','Крюк:16тн-33м,27,5тн-21м.Грейфер:16тн-33м.Колея 10,5м',NULL,'0',1,'2013-12-11 20:55:26',1,'2013-12-11 20:55:26'),(10,1,3,'ГАНЦ 5/6тн,30m','Крюк:6тн-30м.Грейфер:5тн-30м.Колея 10,5м',NULL,'0',1,'2013-12-11 20:55:26',1,'2013-12-11 20:55:26'),(11,1,3,'ГАНЦ 5/6тн,30m,колея 15,3м','Крюк:6тн-30м.Грейфер:5тн-30м.Колея 15,3м',NULL,'0',1,'2013-12-11 20:55:26',1,'2013-12-11 20:55:26'),(12,1,3,'ГАНЦ 5/6тн,30m,колея 18,3м','Крюк:6тн-30м.Грейфер:5тн-30м.Колея 18,3м',NULL,'0',1,'2013-12-11 20:55:26',1,'2013-12-11 20:55:26'),(13,1,1,'ГАНЦ 5/6тн,30m,колея 18,3м','Крюк:6тн-30м.Грейфер:5тн-30м.Колея 18,3м',NULL,'0',1,'2013-12-11 20:55:26',1,'2013-12-11 20:55:26'),(14,1,3,'ГАНЦ 5/6тн,30m,колея 20,7м','Крюк:6тн-30м.Грейфер:5тн-30м.Колея 20,7м',NULL,'0',1,'2013-12-11 20:55:26',1,'2013-12-11 20:55:26'),(15,1,3,'ГАНЦ 5/6тн,32m','Крюк:6тн-32м.Грейфер:5тн-32м.Колея 10,5м',NULL,'0',1,'2013-12-11 20:55:26',1,'2013-12-11 20:55:26'),(16,1,3,'ГАНЦ 5тн','Крюк:5тн-25м.Грейфер:5тн-25м.Колея 10,5м',NULL,'0',1,'2013-12-11 20:55:26',1,'2013-12-11 20:55:26'),(17,1,4,'ЖДАНОВЕЦ КПМ-32-10,5   32тн','Крюк:32тн-32м.Грейфер:25тн-32м.Колея 10,5м',NULL,'0',1,'2013-12-11 20:55:26',1,'2013-12-11 20:55:26'),(18,1,5,'КОММУНАР  5тн','Крюк:5тн-25м.Грейфер:5тн-25м.Колея 10,5м',NULL,'0',1,'2013-12-11 20:55:26',1,'2013-12-11 20:55:26'),(19,1,6,'КИРОВЕЦ КПП10(12,5)','Крюк:12,5тн-30м.Грейфер:10тн-30м.Колея 10,5м',NULL,'0',1,'2013-12-11 20:55:26',1,'2013-12-11 20:55:26'),(20,1,6,'КИРОВЕЦ КПП10,60-66г','Крюк:10тн-30м.Грейфер:10тн-30м.Колея 10,5м',NULL,'0',1,'2013-12-11 20:55:26',1,'2013-12-11 20:55:26'),(21,1,6,'КИРОВЕЦ КПП10,67-79г','Крюк:10тн-30м.Грейфер:10тн-30м.Колея 10,5м',NULL,'0',1,'2013-12-11 20:55:26',1,'2013-12-11 20:55:26'),(22,1,6,'КИРОВЕЦ КПП15','Крюк:15тн-30м.Грейфер:15тн-30м.Колея 10,5м',NULL,'0',1,'2013-12-11 20:55:26',1,'2013-12-11 20:55:26'),(23,1,6,'КИРОВЕЦ КПП16','Крюк:16тн-30м.Грейфер:16тн-30м.Колея 10,5м',NULL,'0',1,'2013-12-11 20:55:26',1,'2013-12-11 20:55:26'),(24,1,6,'КИРОВЕЦ КПП16(20)','Крюк:20тн-30м.Грейфер:16тн-30м.Колея 10,5м',NULL,'0',1,'2013-12-11 20:55:26',1,'2013-12-11 20:55:26'),(25,1,2,'КОНДОР 16/32/40тн','Крюк:32тн-32м,40тн-25м.Грейфер:16тн-32м.Колея 10,5м',NULL,'0',1,'2013-12-11 20:55:26',1,'2013-12-11 20:55:26'),(26,1,2,'КОНДОР 16/32/40тн,колея 15,3м','Крюк:32тн-32м,40тн-25м.Грейфер:16тн-32м.Колея 15,3м',NULL,'0',1,'2013-12-11 20:55:26',1,'2013-12-11 20:55:26'),(27,1,7,'КОНЕ   16/20/32тн','Крюк:20тн-32м.Грейфер:16тн-32м.Колея 10,5м',NULL,'0',1,'2013-12-11 20:55:26',1,'2013-12-11 20:55:26'),(28,1,8,'НОВОРОССИЕЦ КПП16(32/40)','Крюк:32тн-32м, 50тн-21м; Грейфер:16тн - 32м.',NULL,'0',1,'2013-12-11 20:55:26',1,'2013-12-11 20:55:26'),(29,1,2,'СОКОЛ  16/20/32тн','Крюк:16тн-32м,20тн-25м.Грейфер:16тн-32м.Колея 10,5м',NULL,'0',1,'2013-12-11 20:55:26',1,'2013-12-11 20:55:26'),(30,1,2,'СОКОЛ  16/20/32тн,колея 15,3м','Крюк:16тн-32м,20тн-25м.Грейфер:16тн-32м.Колея 15,3м',NULL,'0',1,'2013-12-11 20:55:26',1,'2013-12-11 20:55:26'),(31,1,2,'ЧАЙКА  10/20тн,колея 28,3м','Крюк:10тн-32м,20тн-16м.Грейфер:10тн-32м.Колея 28,3м',NULL,'0',1,'2013-12-11 20:55:26',1,'2013-12-11 20:55:26'),(32,1,9,'ЧЕРЕТТИ-ТАНФАНИ 15тн','Крюк:15тн-32м.Грейфер:15тн-32м.Колея 10,5м',NULL,'0',1,'2013-12-11 20:55:26',1,'2013-12-11 20:55:26'),(33,1,2,'АНС1000 \"ФЕНИКС\"  28\\32\\40\\50тн',NULL,NULL,'0',1,'2013-12-11 20:55:26',1,'2013-12-11 20:55:26'),(34,2,1,'ГОТВАЛЬД HMK 170-E    45/63 тн',NULL,NULL,'0',1,'2013-12-11 20:55:26',1,'2013-12-11 20:55:26'),(35,2,1,'ГОТВАЛЬД  HSK  170 EG  63 тн','Зависимость груз.-вылет см. паспорт крана',NULL,'0',1,'2013-12-11 20:55:26',1,'2013-12-11 20:55:26'),(36,2,1,'ГОТВАЛЬД HSK 170 EG  65,6тн (Спец)',NULL,NULL,'0',1,'2013-12-11 20:55:26',1,'2013-12-11 20:55:26'),(37,3,1,'ГОТВАЛЬД  HMK  170 EG  45/63 тн','Зависимость груз.-вылет см. паспорт крана',NULL,'0',1,'2013-12-11 20:55:26',1,'2013-12-11 20:55:26'),(38,3,1,'HMK  280-E     100тн','Зависимость груз.-вылет см. паспорт крана',NULL,'0',1,'2013-12-11 20:55:26',1,'2013-12-11 20:55:26'),(39,3,1,'ГОТВАЛЬД  HMK  260-E  45/80 тн',NULL,NULL,'0',1,'2013-12-11 20:55:26',1,'2013-12-11 20:55:26'),(40,28,1,' ЛИБХЕР',NULL,NULL,'0',1,'2013-12-11 20:55:26',1,'2013-12-11 20:55:26'),(41,3,1,'ЛИБХЕР LHM-150    40тн , вылет 10.5 - 32 м',NULL,NULL,'0',1,'2013-12-11 20:55:26',1,'2013-12-11 20:55:26'),(42,3,1,'ЛИБХЕР LHM-250    64тн , вылет 10.5 - 38 м',NULL,NULL,'0',1,'2013-12-11 20:55:26',1,'2013-12-11 20:55:26'),(43,3,12,'ЛИБХЕР LHM-400  104тн , вылет 10.5 - 48 м','Зависимость груз.-вылет см. паспорт крана',NULL,'0',1,'2013-12-11 20:55:26',1,'2013-12-11 20:55:26'),(44,4,1,'СЕННЕБОГЕН 870М-КМ      5тн, 23м','Грузоподъемность 5тн, вылет 23 м',NULL,'0',1,'2013-12-11 20:55:26',1,'2013-12-11 20:55:26'),(45,4,13,'КАТО      2.92тн',NULL,NULL,'0',1,'2013-12-11 20:55:26',1,'2013-12-11 20:55:26'),(46,5,14,'KAVELCO  RK-250-|||      25тн',NULL,NULL,'0',1,'2013-12-11 20:55:26',1,'2013-12-11 20:55:26'),(47,5,1,'КАТО                30тн',NULL,NULL,'0',1,'2013-12-11 20:55:26',1,'2013-12-11 20:55:26'),(48,5,1,'КАТО NK-200S-2   20/6,5тн',NULL,NULL,'0',1,'2013-12-11 20:55:26',1,'2013-12-11 20:55:26'),(49,5,1,'КАТО NK-500S  50тн','Гп.50тн',NULL,'0',1,'2013-12-11 20:55:26',1,'2013-12-11 20:55:26'),(50,5,15,'КАТО NK-450S  40/8тн','Гп.40тн',NULL,'0',1,'2013-12-11 20:55:26',1,'2013-12-11 20:55:26'),(51,5,15,'КАТО NK-500MS  50/12тн','Гп.50тн',NULL,'0',1,'2013-12-11 20:55:26',1,'2013-12-11 20:55:26'),(52,5,1,'КС 4361К          16тн',NULL,NULL,'0',1,'2013-12-11 20:55:26',1,'2013-12-11 20:55:26'),(53,5,1,'КC-5363            25тн',NULL,NULL,'0',1,'2013-12-11 20:55:26',1,'2013-12-11 20:55:26'),(54,5,1,'ЛИБХЕР',NULL,NULL,'0',1,'2013-12-11 20:55:26',1,'2013-12-11 20:55:26'),(55,5,1,'Либхерр LTM 1055\\1   55,0тн',NULL,NULL,'0',1,'2013-12-11 20:55:26',1,'2013-12-11 20:55:26'),(56,5,1,'ЛИБХЕР LHM-150    40тн , вылет 10.5 - 32 м',NULL,NULL,'0',1,'2013-12-11 20:55:26',1,'2013-12-11 20:55:26'),(57,5,1,'RK-450 KOBELKO  40тн',NULL,NULL,'0',1,'2013-12-11 20:55:26',1,'2013-12-11 20:55:26'),(58,5,1,'МКАТ-40 РСФ  40тн','Не нашел!!!',NULL,'0',1,'2013-12-11 20:55:26',1,'2013-12-11 20:55:26'),(59,5,1,'ТАДАНО TR-300EX 30тн',NULL,NULL,'0',1,'2013-12-11 20:55:26',1,'2013-12-11 20:55:26'),(60,5,1,'ТАДАНО TL-200E  20тн',NULL,NULL,'0',1,'2013-12-11 20:55:26',1,'2013-12-11 20:55:26'),(61,5,1,'КУБОТА КМ-3520  20/10тн','Не нашел!!!',NULL,'0',1,'2013-12-11 20:55:26',1,'2013-12-11 20:55:26'),(62,5,1,'ТАДАНО КМ-3520  20/3тн',NULL,NULL,'0',1,'2013-12-11 20:55:26',1,'2013-12-11 20:55:26'),(63,6,1,'КС-2561К  6,3тн',NULL,NULL,'0',1,'2013-12-11 20:55:26',1,'2013-12-11 20:55:26'),(64,6,1,'КС-2561Е              6,3тн',NULL,NULL,'0',1,'2013-12-11 20:55:26',1,'2013-12-11 20:55:26'),(65,6,1,'КС-2561Д             6,3тн','Не  нашел !!!',NULL,'0',1,'2013-12-11 20:55:26',1,'2013-12-11 20:55:26'),(66,6,1,'КС-3562             10тн',NULL,NULL,'0',1,'2013-12-11 20:55:26',1,'2013-12-11 20:55:26'),(67,6,1,'КС-3575   10тн',NULL,NULL,'0',1,'2013-12-11 20:55:26',1,'2013-12-11 20:55:26'),(68,6,1,'КС-3575А    10,0тн',NULL,NULL,'0',1,'2013-12-11 20:55:26',1,'2013-12-11 20:55:26'),(69,6,1,'КС-3577             12,5тн',NULL,NULL,'0',1,'2013-12-11 20:55:26',1,'2013-12-11 20:55:26'),(70,6,1,'КС-3577-3   10,0тн',NULL,NULL,'0',1,'2013-12-11 20:55:26',1,'2013-12-11 20:55:26'),(71,6,1,'К-161                 16тн','Не нашел!!!',NULL,'0',1,'2013-12-11 20:55:26',1,'2013-12-11 20:55:26'),(72,6,1,'КC-4361  16тн',NULL,NULL,'0',1,'2013-12-11 20:55:26',1,'2013-12-11 20:55:26'),(73,6,1,'КC-4572   16тн (на шасси КАМАЗ)',NULL,NULL,'0',1,'2013-12-11 20:55:26',1,'2013-12-11 20:55:26'),(74,6,1,'КC-35715-1   14 тн (на шасси МАЗ)',NULL,NULL,'0',1,'2013-12-11 20:55:26',1,'2013-12-11 20:55:26'),(75,6,1,'\"Ивановец\"       14тн',NULL,NULL,'0',1,'2013-12-11 20:55:26',1,'2013-12-11 20:55:26'),(76,7,1,'Железнодорожный кран',NULL,NULL,'0',1,'2013-12-11 20:55:26',1,'2013-12-11 20:55:26'),(77,8,1,'СУМИТОМО  63,5тн',NULL,NULL,'0',1,'2013-12-11 20:55:26',1,'2013-12-11 20:55:26'),(78,8,1,'ДИЕР-61         8/2,8тн','Не нашел!!!',NULL,'0',1,'2013-12-11 20:55:26',1,'2013-12-11 20:55:26'),(79,8,1,'ДИЕР-65  12,5тн',NULL,NULL,'0',1,'2013-12-11 20:55:26',1,'2013-12-11 20:55:26'),(80,8,1,'ДИЕР-65-1    16/2,8тн',NULL,NULL,'0',1,'2013-12-11 20:55:26',1,'2013-12-11 20:55:26'),(81,8,1,'РДК-160-2  16тн',NULL,NULL,'0',1,'2013-12-11 20:55:26',1,'2013-12-11 20:55:26'),(82,8,1,'РДК-160-3     21тн',NULL,NULL,'0',1,'2013-12-11 20:55:26',1,'2013-12-11 20:55:26'),(83,8,1,'РДК-165      16тн','Не нашел!!!',NULL,'0',1,'2013-12-11 20:55:26',1,'2013-12-11 20:55:26'),(84,8,1,'РДК-250       25тн',NULL,NULL,'0',1,'2013-12-11 20:55:26',1,'2013-12-11 20:55:26'),(85,8,1,'РДК-250-3  25тн',NULL,NULL,'0',1,'2013-12-11 20:55:26',1,'2013-12-11 20:55:26'),(86,8,1,'РДК-250-2  25тн',NULL,NULL,'0',1,'2013-12-11 20:55:26',1,'2013-12-11 20:55:26'),(87,8,1,'ДЭК-251     25тн',NULL,NULL,'0',1,'2013-12-11 20:55:26',1,'2013-12-11 20:55:26'),(88,8,1,'Э-1258  13,9тн',NULL,NULL,'0',1,'2013-12-11 20:55:26',1,'2013-12-11 20:55:26'),(89,8,1,'НОРДЕСТ  5,0тн',NULL,NULL,'0',1,'2013-12-11 20:55:26',1,'2013-12-11 20:55:26'),(90,8,16,'КДЭ-163     16тн',NULL,NULL,'0',1,'2013-12-11 20:55:26',1,'2013-12-11 20:55:26'),(91,8,1,'ДЭК-251     25тн',NULL,NULL,'0',1,'2013-12-11 20:55:26',1,'2013-12-11 20:55:26'),(92,9,1,'БЛЕЙХАРТ   50 тн',NULL,NULL,'0',1,'2013-12-11 20:55:26',1,'2013-12-11 20:55:26'),(93,9,17,'БЛЕЙХАРТ   15 тн','Самоходный.Гп.15тн на вылетах от 25 до 8м.',NULL,'0',1,'2013-12-11 20:55:26',1,'2013-12-11 20:55:26'),(94,9,1,'БОГАТЫРЬ-4  300/100 тн','Гп.300/100тн. Вылет',NULL,'0',1,'2013-12-11 20:55:26',1,'2013-12-11 20:55:26'),(95,9,1,'ВИЛЕЙ  90/25 тн','Гп.90/25тн. Вылет',NULL,'0',1,'2013-12-11 20:55:26',1,'2013-12-11 20:55:26'),(96,9,3,'ГАНЦ  100/25 тн','Гп.100/25тн.',NULL,'0',1,'2013-12-11 20:55:26',1,'2013-12-11 20:55:26'),(97,9,3,'ГАНЦ  16 тн','Гп.16тн.  Вылет',NULL,'0',1,'2013-12-11 20:55:26',1,'2013-12-11 20:55:26'),(98,9,1,'КПл 5-30','Гп.5тн. Вылет',NULL,'0',1,'2013-12-11 20:55:26',1,'2013-12-11 20:55:26'),(99,9,1,'СПК   35/25 тн','Гп.35/25тн. Вылет',NULL,'0',1,'2013-12-11 20:55:26',1,'2013-12-11 20:55:26'),(100,9,1,'ЧЕРНОМОРЕЦ  ?? тн',NULL,NULL,'0',1,'2013-12-11 20:55:26',1,'2013-12-11 20:55:26'),(101,9,1,'СЕВАСТОПОЛЕЦ-1  140/32тн',NULL,NULL,'0',1,'2013-12-11 20:55:26',1,'2013-12-11 20:55:26'),(102,9,1,'ДРАВО 91тн','Гп.91тн',NULL,'0',1,'2013-12-11 20:55:26',1,'2013-12-11 20:55:26'),(103,10,18,'СУМИТОМО 16/20/32тн,колея 63м',NULL,NULL,'0',1,'2013-12-11 20:55:26',1,'2013-12-11 20:55:26'),(104,10,1,'MITSUBISHI 20тн,колея 63м','Гп.20тн.',NULL,'0',1,'2013-12-11 20:55:26',1,'2013-12-11 20:55:26'),(105,10,1,'ТАКРАФ (лесной) 10/20тн',NULL,NULL,'0',1,'2013-12-11 20:55:26',1,'2013-12-11 20:55:26'),(106,11,7,'КОНЕ  STS   50/60 тн','Гп. 50/60 тн',NULL,'0',1,'2013-12-11 20:55:26',1,'2013-12-11 20:55:26'),(107,11,7,'КОНЕ  30,5тн','Гп.30,5тн.Вылет морской консоли от берегового рельса -36м',NULL,'0',1,'2013-12-11 20:55:26',1,'2013-12-11 20:55:26'),(108,11,1,'П.ФРЕЛИХ  30,5тн','Гп.30,5тн.Вылет морской консоли от берегового рельса-',NULL,'0',1,'2013-12-11 20:55:26',1,'2013-12-11 20:55:26'),(109,11,1,'CCР  30,5тн','Гп.30,5тн.Вылет морской консоли от берегового рельса -',NULL,'0',1,'2013-12-11 20:55:26',1,'2013-12-11 20:55:26'),(110,11,19,'ХИТАЧИ  30,5тн','Гп.30,5тн.Вылет морской консоли от берегового рельса -36м',NULL,'0',1,'2013-12-11 20:55:26',1,'2013-12-11 20:55:26'),(111,11,1,'ПОРТЕЙНЕР 30,5тн',NULL,NULL,'0',1,'2013-12-11 20:55:26',1,'2013-12-11 20:55:26'),(112,12,7,'КОНЕ для ж.д. фронта  30,5тн','Гп.30,5тн.Колея 15,3м',NULL,'0',1,'2013-12-11 20:55:26',1,'2013-12-11 20:55:26'),(113,12,1,'П.ФРЕЛИХ для ж.д. фронта  30,5тн','Гп.30,5тн.Колея-',NULL,'0',1,'2013-12-11 20:55:26',1,'2013-12-11 20:55:26'),(114,12,1,'ТАКРАФ для склада  30,5тн','Гп.30,5тн.Колея-',NULL,'0',1,'2013-12-11 20:55:26',1,'2013-12-11 20:55:26'),(115,12,7,'КОНЕ для склада  30,5тн','Гп.30,5тн.Колея-63,0м',NULL,'0',1,'2013-12-11 20:55:26',1,'2013-12-11 20:55:26'),(116,12,20,'МККС-42К               30,5тн',NULL,NULL,'0',1,'2013-12-11 20:55:26',1,'2013-12-11 20:55:26'),(117,12,1,'Транстейнер 30,5тн',NULL,NULL,'0',1,'2013-12-11 20:55:26',1,'2013-12-11 20:55:26'),(118,12,1,'IHI 30,5тн',NULL,NULL,'0',1,'2013-12-11 20:55:26',1,'2013-12-11 20:55:26'),(119,12,21,'KALMAR RTG 402318-2040  40,6тн','Гп.40,6тн',NULL,'0',1,'2013-12-11 20:55:26',1,'2013-12-11 20:55:26'),(120,12,1,'ККК-20     20тн',NULL,NULL,'0',1,'2013-12-11 20:55:26',1,'2013-12-11 20:55:26'),(121,12,1,'ККК  32,5 тн , колея 32 м.',NULL,NULL,'0',1,'2013-12-11 20:55:26',1,'2013-12-11 20:55:26'),(122,12,1,'ККС-10        10тн.',NULL,NULL,'0',1,'2013-12-11 20:55:26',1,'2013-12-11 20:55:26'),(124,14,22,' ПАЙНЕР РРН-33Д 30,5тн','Гп.30,5тн.Высота подъема-8,45м',NULL,'0',1,'2013-12-11 20:55:26',1,'2013-12-11 20:55:26'),(125,14,22,' ПАЙНЕР РРН-33С 30,5тн','Гп.30,5тн.Высота подъема-',NULL,'0',1,'2013-12-11 20:55:26',1,'2013-12-11 20:55:26'),(126,14,23,'NOELL PPH 434-TSW  40тн','Гп.40тн',NULL,'0',1,'2013-12-11 20:55:26',1,'2013-12-11 20:55:26'),(127,14,24,'Кальмар CSC  340  40тн','Гп.40тн',NULL,'0',1,'2013-12-11 20:55:26',1,'2013-12-11 20:55:26'),(128,14,21,'SYSU АКВ-4010335-80-m   40тн','Гп.40тн',NULL,'0',1,'2013-12-11 20:55:26',1,'2013-12-11 20:55:26'),(129,14,25,' КЛАРК 520/11 30,5тн','Гп.30,5тн.Высота подъема-',NULL,'0',1,'2013-12-11 20:55:26',1,'2013-12-11 20:55:26'),(130,14,26,' VALMET  LU 3510235-78-T  30,5тн','Гп.30,5тн.',NULL,'0',1,'2013-12-11 20:55:26',1,'2013-12-11 20:55:26'),(131,14,27,' ССД 300              30,5тн','Гп.30,5тн.Высота подъема-9,025м',NULL,'0',1,'2013-12-11 20:55:26',1,'2013-12-11 20:55:26'),(132,14,15,'MITSUBISHI VSC-4033TС 30,5тн','Гп.30.5тн.Высота подъема-8,9м',NULL,'0',1,'2013-12-11 20:55:26',1,'2013-12-11 20:55:26'),(133,15,1,'Контейнер. погрузчик Рич Стакер DRD 100-52S6    10тн',NULL,NULL,'0',1,'2013-12-11 20:55:26',1,'2013-12-11 20:55:26'),(134,15,21,'Контейнер. погрузчик  Рич Стакер DRD 420-65S5X  42тн','Гп.42тн',NULL,'0',1,'2013-12-11 20:55:26',1,'2013-12-11 20:55:26'),(135,15,28,'Погрузчик Кальмар Рич Стакер DCD420-60 S5   42,0тн','Гп.42тн',NULL,'0',1,'2013-12-11 20:55:26',1,'2013-12-11 20:55:26'),(136,15,28,'Контейнер. погрузчик Рич Стакер DRS 4527-S5  45тн','Гп.45тн',NULL,'0',1,'2013-12-11 20:55:26',1,'2013-12-11 20:55:26'),(137,15,1,'Контейнер. погрузчик Рич Стакер RSD 4527       45тн','Гп.45тн',NULL,'0',1,'2013-12-11 20:55:26',1,'2013-12-11 20:55:26'),(138,15,29,'Контейнер. погрузчик Рич Стакер 4120-5TL  41тн','Гп.41тн',NULL,'0',1,'2013-12-11 20:55:26',1,'2013-12-11 20:55:26'),(139,15,21,'Контейнер. погрузчик Рич Стакер RSD 4531       45тн','Гп.45тн',NULL,'0',1,'2013-12-11 20:55:26',1,'2013-12-11 20:55:26'),(140,15,1,'Погрузчик Фантуччи Рич Стакер  CS45KM              45,0тн',NULL,NULL,'0',1,'2013-12-11 20:55:26',1,'2013-12-11 20:55:26'),(141,15,1,'SMV              12тн',NULL,NULL,'0',1,'2013-12-11 20:55:26',1,'2013-12-11 20:55:26'),(142,15,1,'SMV              42тн',NULL,NULL,'0',1,'2013-12-11 20:55:26',1,'2013-12-11 20:55:26'),(143,15,1,'TOYOTA  FD-250     25тн',NULL,NULL,'0',1,'2013-12-11 20:55:26',1,'2013-12-11 20:55:26'),(144,15,1,'TOYOTA  JG55-2FD180V    18тн',NULL,NULL,'0',1,'2013-12-11 20:55:26',1,'2013-12-11 20:55:26'),(145,15,1,'TOYOTA  FD               13,5тн',NULL,NULL,'0',1,'2013-12-11 20:55:26',1,'2013-12-11 20:55:26'),(146,15,1,'TOETA FD 100-F50  10тн',NULL,NULL,'0',1,'2013-12-11 20:55:26',1,'2013-12-11 20:55:26'),(147,15,1,'TOYOTA  FD-100-50    10тн',NULL,NULL,'0',1,'2013-12-11 20:55:26',1,'2013-12-11 20:55:26'),(148,15,1,'TOYOTA  FD-100-FV    10тн',NULL,NULL,'0',1,'2013-12-11 20:55:26',1,'2013-12-11 20:55:26'),(149,15,1,'TOYOTA  FD-100        10тн',NULL,NULL,'0',1,'2013-12-11 20:55:26',1,'2013-12-11 20:55:26'),(150,15,1,'TOYOTA  2FD-100      10тн',NULL,NULL,'0',1,'2013-12-11 20:55:26',1,'2013-12-11 20:55:26'),(151,15,1,'TOYOTA  2FD115       10тн',NULL,NULL,'0',1,'2013-12-11 20:55:26',1,'2013-12-11 20:55:26'),(152,15,1,'TOETA 2 FD100-FV  10,0тн',NULL,NULL,'0',1,'2013-12-11 20:55:26',1,'2013-12-11 20:55:26'),(153,15,1,'TOYOTA  3FD115       10тн',NULL,NULL,'0',1,'2013-12-11 20:55:26',1,'2013-12-11 20:55:26'),(154,15,1,'KALMAR DC12-1200      12тн',NULL,NULL,'0',1,'2013-12-11 20:55:26',1,'2013-12-11 20:55:26'),(155,15,1,'KALMAR DCD120-6       12тн',NULL,NULL,'0',1,'2013-12-11 20:55:26',1,'2013-12-11 20:55:26'),(156,15,1,'KALMAR DCD136-6       13 ,6тн',NULL,NULL,'0',1,'2013-12-11 20:55:26',1,'2013-12-11 20:55:26'),(157,15,1,'KALMAR DCD 160-12     16тн',NULL,NULL,'0',1,'2013-12-11 20:55:26',1,'2013-12-11 20:55:26'),(158,15,1,'KALMAR DCD200-12    20тн',NULL,NULL,'0',1,'2013-12-11 20:55:26',1,'2013-12-11 20:55:26'),(159,15,1,'KALMAR DCD250-12     25тн',NULL,NULL,'0',1,'2013-12-11 20:55:26',1,'2013-12-11 20:55:26'),(160,15,1,'KALMAR DC28 RoRo    28тн',NULL,NULL,'0',1,'2013-12-11 20:55:26',1,'2013-12-11 20:55:26'),(161,15,1,'KALMAR DC28 -1200  28тн',NULL,NULL,'0',1,'2013-12-11 20:55:26',1,'2013-12-11 20:55:26'),(162,15,1,'KALMAR DCD 370-12  37тн',NULL,NULL,'0',1,'2013-12-11 20:55:26',1,'2013-12-11 20:55:26'),(163,15,1,'KALMAR DC42-1200    42тн',NULL,NULL,'0',1,'2013-12-11 20:55:26',1,'2013-12-11 20:55:26'),(164,15,1,'KALMAR   16тн',NULL,NULL,'0',1,'2013-12-11 20:55:26',1,'2013-12-11 20:55:26'),(165,15,1,'KALMAR   20тн',NULL,NULL,'0',1,'2013-12-11 20:55:26',1,'2013-12-11 20:55:26'),(166,15,1,'KALMAR   28тн',NULL,NULL,'0',1,'2013-12-11 20:55:26',1,'2013-12-11 20:55:26'),(167,15,1,'KALMAR   10тн',NULL,NULL,'0',1,'2013-12-11 20:55:26',1,'2013-12-11 20:55:26'),(168,15,1,'KALMAR   41тн',NULL,NULL,'0',1,'2013-12-11 20:55:26',1,'2013-12-11 20:55:26'),(169,15,1,'KALMAR   45тн',NULL,NULL,'0',1,'2013-12-11 20:55:26',1,'2013-12-11 20:55:26'),(170,15,1,'KALMAR  DCE 160-12     16тн',NULL,NULL,'0',1,'2013-12-11 20:55:26',1,'2013-12-11 20:55:26'),(171,15,1,'KALMAR   25тн',NULL,NULL,'0',1,'2013-12-11 20:55:26',1,'2013-12-11 20:55:26'),(172,15,1,'KALMAR   32тн',NULL,NULL,'0',1,'2013-12-11 20:55:26',1,'2013-12-11 20:55:26'),(173,15,1,' KALMAR  DCD 180-12      28тн',NULL,NULL,'0',1,'2013-12-11 20:55:26',1,'2013-12-11 20:55:26'),(174,15,1,' KALMAR  DCD 280-12     28тн',NULL,NULL,'0',1,'2013-12-11 20:55:26',1,'2013-12-11 20:55:26'),(175,15,1,' KALMAR  DCD 250-12LB     25тн',NULL,NULL,'0',1,'2013-12-11 20:55:26',1,'2013-12-11 20:55:26'),(176,15,1,' KALMAR  DCD 320-12LB     32тн',NULL,NULL,'0',1,'2013-12-11 20:55:26',1,'2013-12-11 20:55:26'),(177,15,1,' KALMAR  DCD 320-12     32тн',NULL,NULL,'0',1,'2013-12-11 20:55:26',1,'2013-12-11 20:55:26'),(178,15,1,'KALMAR  DCE 100-6      10тн',NULL,NULL,'0',1,'2013-12-11 20:55:26',1,'2013-12-11 20:55:26'),(179,15,1,'KALMAR  DCD 100-6      10тн',NULL,NULL,'0',1,'2013-12-11 20:55:26',1,'2013-12-11 20:55:26'),(180,15,1,'LMV KALMAR DC 10-600     10,0тн',NULL,NULL,'0',1,'2013-12-11 20:55:26',1,'2013-12-11 20:55:26'),(181,15,1,'KOMATSU FD-100-5   10,0тн',NULL,NULL,'0',1,'2013-12-11 20:55:26',1,'2013-12-11 20:55:26'),(182,15,1,'KOMATSU FD-100      10,0тн',NULL,NULL,'0',1,'2013-12-11 20:55:26',1,'2013-12-11 20:55:26'),(183,15,1,'KOMATSU FD-150      15,0тн',NULL,NULL,'0',1,'2013-12-11 20:55:26',1,'2013-12-11 20:55:26'),(184,15,1,'KOMATSU    10,0тн',NULL,NULL,'0',1,'2013-12-11 20:55:26',1,'2013-12-11 20:55:26'),(185,15,1,'KOMATSU    18,0тн',NULL,NULL,'0',1,'2013-12-11 20:55:26',1,'2013-12-11 20:55:26'),(186,15,1,'KOMATSU    25,0тн',NULL,NULL,'0',1,'2013-12-11 20:55:26',1,'2013-12-11 20:55:26'),(187,15,1,'VALMET TD 2512 - A2592      25,0тн',NULL,NULL,'0',1,'2013-12-11 20:55:26',1,'2013-12-11 20:55:26'),(188,15,1,'VALMET TD 2512    25тн',NULL,NULL,'0',1,'2013-12-11 20:55:26',1,'2013-12-11 20:55:26'),(189,15,1,'VALMET  10,0тн',NULL,NULL,'0',1,'2013-12-11 20:55:26',1,'2013-12-11 20:55:26'),(190,15,1,'VALMET TD 1206    12тн',NULL,NULL,'0',1,'2013-12-11 20:55:26',1,'2013-12-11 20:55:26'),(191,15,1,'VALMET TD 2512    25тн',NULL,NULL,'0',1,'2013-12-11 20:55:26',1,'2013-12-11 20:55:26'),(192,15,1,'VALMET                                   16тн',NULL,NULL,'0',1,'2013-12-11 20:55:26',1,'2013-12-11 20:55:26'),(193,15,1,'VALMET TD 1612    16тн',NULL,NULL,'0',1,'2013-12-11 20:55:26',1,'2013-12-11 20:55:26'),(194,15,1,'VALMET TD 2112    21тн',NULL,NULL,'0',1,'2013-12-11 20:55:26',1,'2013-12-11 20:55:26'),(195,15,1,'VALMET  22тн',NULL,NULL,'0',1,'2013-12-11 20:55:26',1,'2013-12-11 20:55:26'),(196,15,1,'VALMET TD 2512    25тн',NULL,NULL,'0',1,'2013-12-11 20:55:26',1,'2013-12-11 20:55:26'),(197,15,1,'VALMET TD 2512 - A2592      25,0тн',NULL,NULL,'0',1,'2013-12-11 20:55:26',1,'2013-12-11 20:55:26'),(198,15,1,'KALMAR DCD 200-12LB      20тн',NULL,NULL,'0',1,'2013-12-11 20:55:26',1,'2013-12-11 20:55:26'),(199,15,1,'KALMAR DC5-600            5тн',NULL,NULL,'0',1,'2013-12-11 20:55:26',1,'2013-12-11 20:55:26'),(200,15,1,' Кальмар DCD 160-12     16тн',NULL,NULL,'0',1,'2013-12-11 20:55:26',1,'2013-12-11 20:55:26'),(201,15,1,'KALMAR DCD 160-12LB     16тн',NULL,NULL,'0',1,'2013-12-11 20:55:26',1,'2013-12-11 20:55:26'),(202,15,1,'Кальмар DCE 160-12     16тн',NULL,NULL,'0',1,'2013-12-11 20:55:26',1,'2013-12-11 20:55:26'),(203,15,1,'KALMAR  DC12-1200     12тн',NULL,NULL,'0',1,'2013-12-11 20:55:26',1,'2013-12-11 20:55:26'),(204,15,1,'KALMAR  DCD120-6      12тн',NULL,NULL,'0',1,'2013-12-11 20:55:26',1,'2013-12-11 20:55:26'),(205,15,1,'LMV KALMAR DC 10-600     10,0тн',NULL,NULL,'0',1,'2013-12-11 20:55:26',1,'2013-12-11 20:55:26'),(206,15,1,'KALMAR T-3301                     10тн',NULL,NULL,'0',1,'2013-12-11 20:55:26',1,'2013-12-11 20:55:26'),(207,15,1,'LMV  KALMAR DC 13,6EC4  13,6тн',NULL,NULL,'0',1,'2013-12-11 20:55:26',1,'2013-12-11 20:55:26'),(208,15,1,'LMV KALMAR   10,0тн',NULL,NULL,'0',1,'2013-12-11 20:55:26',1,'2013-12-11 20:55:26'),(209,15,1,'LMV KALMAR   16тн',NULL,NULL,'0',1,'2013-12-11 20:55:26',1,'2013-12-11 20:55:26'),(210,15,1,'KALMAR DCD 200-12LB      20тн',NULL,NULL,'0',1,'2013-12-11 20:55:26',1,'2013-12-11 20:55:26'),(211,15,1,'KALMAR DCD250-12LB           25тн',NULL,NULL,'0',1,'2013-12-11 20:55:26',1,'2013-12-11 20:55:26'),(212,15,1,'KALMAR DCD250-12LB           25тн',NULL,NULL,'0',1,'2013-12-11 20:55:26',1,'2013-12-11 20:55:26'),(213,15,1,'LMV KALMAR DC 25-1200       25тн',NULL,NULL,'0',1,'2013-12-11 20:55:26',1,'2013-12-11 20:55:26'),(214,15,1,'LMV KALMAR DC 28 RO-R      28тн',NULL,NULL,'0',1,'2013-12-11 20:55:26',1,'2013-12-11 20:55:26'),(215,15,1,'LMV KALMAR DC 28-1200       28тн',NULL,NULL,'0',1,'2013-12-11 20:55:26',1,'2013-12-11 20:55:26'),(216,15,1,' KALMAR  DCD 280-12     28тн',NULL,NULL,'0',1,'2013-12-11 20:55:26',1,'2013-12-11 20:55:26'),(217,15,1,' KALMAR DCD 320-12LB      32,0тн',NULL,NULL,'0',1,'2013-12-11 20:55:26',1,'2013-12-11 20:55:26'),(218,15,1,' KALMAR DCD 320-12   32,0тн',NULL,NULL,'0',1,'2013-12-11 20:55:26',1,'2013-12-11 20:55:26'),(219,15,1,'ЛМВ KALMAR DC 32            32тн',NULL,NULL,'0',1,'2013-12-11 20:55:26',1,'2013-12-11 20:55:26'),(220,15,1,' KALMAR DCD 370-12     37,0тн',NULL,NULL,'0',1,'2013-12-11 20:55:26',1,'2013-12-11 20:55:26'),(221,15,1,'LMV KALMAR DC 42-1200  42тн',NULL,NULL,'0',1,'2013-12-11 20:55:26',1,'2013-12-11 20:55:26'),(222,15,1,'LINDE H370 SL37-1200A     37тн',NULL,NULL,'0',1,'2013-12-11 20:55:26',1,'2013-12-11 20:55:26'),(223,15,1,'ЛМВ ЛАНСИНГ H-280 RO-RO 28тн',NULL,NULL,'0',1,'2013-12-11 20:55:26',1,'2013-12-11 20:55:26'),(224,15,1,'БОСС-ТРАК B1612    16тн',NULL,NULL,'0',1,'2013-12-11 20:55:26',1,'2013-12-11 20:55:26'),(225,15,1,'БОСС-ТРАК C100   10,0 тн',NULL,NULL,'0',1,'2013-12-11 20:55:26',1,'2013-12-11 20:55:26'),(226,15,1,'СИСУ     28тн',NULL,NULL,'0',1,'2013-12-11 20:55:26',1,'2013-12-11 20:55:26'),(227,15,1,'MITSUBISHI F-1585               10,0тн',NULL,NULL,'0',1,'2013-12-11 20:55:26',1,'2013-12-11 20:55:26'),(228,15,1,'MITSUBISHI FD-100              10,0тн',NULL,NULL,'0',1,'2013-12-11 20:55:26',1,'2013-12-11 20:55:26'),(229,16,1,'KALMAR',NULL,NULL,'0',1,'2013-12-11 20:55:26',1,'2013-12-11 20:55:26'),(230,16,30,'SYSU  24тн',NULL,NULL,'0',1,'2013-12-11 20:55:26',1,'2013-12-11 20:55:26'),(231,16,30,'SYSU TR-182         32,0тн','Гп.32тн',NULL,'0',1,'2013-12-11 20:55:26',1,'2013-12-11 20:55:26'),(232,16,1,'SYSU TRХ-181AL',NULL,NULL,'0',1,'2013-12-11 20:55:26',1,'2013-12-11 20:55:26'),(233,16,1,'SYSU TRX-182',NULL,NULL,'0',1,'2013-12-11 20:55:26',1,'2013-12-11 20:55:26'),(234,16,1,'SYSU TRX-182 AL  32,0 тн',NULL,NULL,'0',1,'2013-12-11 20:55:26',1,'2013-12-11 20:55:26'),(235,16,30,'SYSU TR-180AL',NULL,NULL,'0',1,'2013-12-11 20:55:26',1,'2013-12-11 20:55:26'),(236,16,1,'TERBERG',NULL,NULL,'0',1,'2013-12-11 20:55:26',1,'2013-12-11 20:55:26'),(237,16,31,'TERBERG 200       27тн','27тн.',NULL,'0',1,'2013-12-11 20:55:26',1,'2013-12-11 20:55:26'),(238,16,31,'TERBERG 280  37,5тн','37,5тн',NULL,'0',1,'2013-12-11 20:55:26',1,'2013-12-11 20:55:26'),(239,16,1,'TERBERG RT-2638',NULL,NULL,'0',1,'2013-12-11 20:55:26',1,'2013-12-11 20:55:26'),(240,16,1,'TERBERG RT-2633',NULL,NULL,'0',1,'2013-12-11 20:55:26',1,'2013-12-11 20:55:26'),(241,16,31,'TERBERG TR26           37,5тн',NULL,NULL,'0',1,'2013-12-11 20:55:26',1,'2013-12-11 20:55:26'),(242,16,31,'TERBERG RT282  34тн','34тн',NULL,'0',1,'2013-12-11 20:55:26',1,'2013-12-11 20:55:26'),(243,16,31,'TERBERG 260  37,5тн','37тн.',NULL,'0',1,'2013-12-11 20:55:26',1,'2013-12-11 20:55:26'),(244,16,31,'TERBERG  RT-222 4x4',NULL,NULL,'0',1,'2013-12-11 20:55:26',1,'2013-12-11 20:55:26'),(245,16,31,'TERBERG  RT-222',NULL,NULL,'0',1,'2013-12-11 20:55:26',1,'2013-12-11 20:55:26'),(246,16,31,'TERBERG TR26           37,5тн','37,5тн',NULL,'0',1,'2013-12-11 20:55:26',1,'2013-12-11 20:55:26'),(247,16,1,'TERBERG RT-26           37,5тн',NULL,NULL,'0',1,'2013-12-11 20:55:26',1,'2013-12-11 20:55:26'),(248,16,30,'SYSU TR-160              30,5тн','30,5тн',NULL,'0',1,'2013-12-11 20:55:26',1,'2013-12-11 20:55:26'),(249,16,30,'SYSU TR-160 AL         25тн','25тн.',NULL,'0',1,'2013-12-11 20:55:26',1,'2013-12-11 20:55:26'),(250,16,30,'SYSU TR-160 BL',NULL,NULL,'0',1,'2013-12-11 20:55:26',1,'2013-12-11 20:55:26'),(251,16,32,'ROTRUCK 4/180HD  40тн','40тн',NULL,'0',1,'2013-12-11 20:55:26',1,'2013-12-11 20:55:26'),(252,16,32,'ROTRUCK 200-4x4     30,5тн','30,5тн',NULL,'0',1,'2013-12-11 20:55:26',1,'2013-12-11 20:55:26'),(253,16,1,'РОДРИК    25тн',NULL,NULL,'0',1,'2013-12-11 20:55:26',1,'2013-12-11 20:55:26'),(254,16,1,'РОДРИК    25тн',NULL,NULL,'0',1,'2013-12-11 20:55:26',1,'2013-12-11 20:55:26'),(255,17,1,'Магистральный тягач',NULL,NULL,'0',1,'2013-12-11 20:55:26',1,'2013-12-11 20:55:26'),(256,18,1,'Плавучий перегружатель зерновой',NULL,NULL,'0',1,'2013-12-11 20:55:26',1,'2013-12-11 20:55:26'),(257,18,1,'Портальный пневмоперегружатель ХАРТМАН  300тн/час',NULL,NULL,'0',1,'2013-12-11 20:55:26',1,'2013-12-11 20:55:26'),(258,18,1,'Портальный пневмоперегружaтель ХАРТМАН  2x150тн/час',NULL,NULL,'0',1,'2013-12-11 20:55:26',1,'2013-12-11 20:55:26'),(259,19,1,'Мобильн.пневмопогр.НОЙЕРО GSD 210/140 D 50тн/час',NULL,NULL,'0',1,'2013-12-11 20:55:26',1,'2013-12-11 20:55:26'),(260,19,1,'Пневмоперегружатель NEUERO GSD 210/140 EL   90т/час',NULL,NULL,'0',1,'2013-12-11 20:55:26',1,'2013-12-11 20:55:26'),(261,19,1,'Мобильн.пневмопогр.НОЙЕРО GSD 250/220 D 80тн/час',NULL,NULL,'0',1,'2013-12-11 20:55:26',1,'2013-12-11 20:55:26'),(262,20,1,'Босс H16D       1,6тн',NULL,NULL,'0',1,'2013-12-11 20:55:26',1,'2013-12-11 20:55:26'),(263,20,1,'Кларк  CDP20         2,0тн',NULL,NULL,'0',1,'2013-12-11 20:55:26',1,'2013-12-11 20:55:26'),(264,20,1,'KALMAR DCD 60-6  6тн',NULL,NULL,'0',1,'2013-12-11 20:55:26',1,'2013-12-11 20:55:26'),(265,20,1,'Кальмар DCD 70-6  7тн',NULL,NULL,'0',1,'2013-12-11 20:55:26',1,'2013-12-11 20:55:26'),(266,20,21,'Кальмар DCD 70-40E5  7тн','Гп.7тн',NULL,'0',1,'2013-12-11 20:55:26',1,'2013-12-11 20:55:26'),(267,20,1,'Кальмар DCD 80-6         8тн','Гп.8тн',NULL,'0',1,'2013-12-11 20:55:26',1,'2013-12-11 20:55:26'),(268,20,1,'Линде H20D-03   2,0тн',NULL,NULL,'0',1,'2013-12-11 20:55:26',1,'2013-12-11 20:55:26'),(269,20,1,'Линде H25D-02   2,5тн',NULL,NULL,'0',1,'2013-12-11 20:55:26',1,'2013-12-11 20:55:26'),(270,20,1,'Линде H40D   4,0тн',NULL,NULL,'0',1,'2013-12-11 20:55:26',1,'2013-12-11 20:55:26'),(271,20,1,'LINDE H25D        2,5тн',NULL,NULL,'0',1,'2013-12-11 20:55:26',1,'2013-12-11 20:55:26'),(272,20,1,'LINDE H25D-03        2,5тн',NULL,NULL,'0',1,'2013-12-11 20:55:26',1,'2013-12-11 20:55:26'),(273,20,1,'LINDE H50D        5,0тн',NULL,NULL,'0',1,'2013-12-11 20:55:26',1,'2013-12-11 20:55:26'),(274,20,1,'Линде H70D    7,0тн',NULL,NULL,'0',1,'2013-12-11 20:55:26',1,'2013-12-11 20:55:26'),(275,20,1,'4045Р              5,0тн',NULL,NULL,'0',1,'2013-12-11 20:55:26',1,'2013-12-11 20:55:26'),(276,20,34,'4014               5,0тн',NULL,NULL,'0',1,'2013-12-11 20:55:26',1,'2013-12-11 20:55:26'),(277,20,1,'4014М              5,0тн',NULL,NULL,'0',1,'2013-12-11 20:55:26',1,'2013-12-11 20:55:26'),(278,20,1,'4081               5,0тн',NULL,NULL,'0',1,'2013-12-11 20:55:26',1,'2013-12-11 20:55:26'),(279,20,1,'40814              5,0тн',NULL,NULL,'0',1,'2013-12-11 20:55:26',1,'2013-12-11 20:55:26'),(280,20,1,'4014А              5,0тн',NULL,NULL,'0',1,'2013-12-11 20:55:26',1,'2013-12-11 20:55:26'),(281,20,1,'40811Д             5,0тн',NULL,NULL,'0',1,'2013-12-11 20:55:26',1,'2013-12-11 20:55:26'),(282,20,1,'TOYOTA 5ED 1,5тн',NULL,NULL,'0',1,'2013-12-11 20:55:26',1,'2013-12-11 20:55:26'),(283,20,1,'TOYOTA FD-15  1,5тн',NULL,NULL,'0',1,'2013-12-11 20:55:26',1,'2013-12-11 20:55:26'),(284,20,1,'TOETA 02-FD15 FVA4      1,5тн',NULL,NULL,'0',1,'2013-12-11 20:55:26',1,'2013-12-11 20:55:26'),(285,20,35,'TOETA 02-2FD15     1,5тн',NULL,NULL,'0',1,'2013-12-11 20:55:26',1,'2013-12-11 20:55:26'),(286,20,35,'TOETA 02-3FD15     1,5тн','не нашел!',NULL,'0',1,'2013-12-11 20:55:26',1,'2013-12-11 20:55:26'),(287,20,1,'TOETA 02-5FD15     1,5тн',NULL,NULL,'0',1,'2013-12-11 20:55:26',1,'2013-12-11 20:55:26'),(288,20,1,'TOETA 02-6FD15     1,5тн',NULL,NULL,'0',1,'2013-12-11 20:55:26',1,'2013-12-11 20:55:26'),(289,20,1,'TOETA 02-7FD15     1,5тн',NULL,NULL,'0',1,'2013-12-11 20:55:26',1,'2013-12-11 20:55:26'),(290,20,35,'TOETA 02-7FD15F   1,5тн',NULL,NULL,'0',1,'2013-12-11 20:55:26',1,'2013-12-11 20:55:26'),(291,20,1,'TOETA 6FD18  1,8тн',NULL,NULL,'0',1,'2013-12-11 20:55:26',1,'2013-12-11 20:55:26'),(292,20,1,'TOYOTA FD20   2,0тн',NULL,NULL,'0',1,'2013-12-11 20:55:26',1,'2013-12-11 20:55:26'),(293,20,1,'TOETA 02-6FD30     3,0тн',NULL,NULL,'0',1,'2013-12-11 20:55:26',1,'2013-12-11 20:55:26'),(294,20,35,'TOETA 02-6FD18     1,8тн',NULL,NULL,'0',1,'2013-12-11 20:55:26',1,'2013-12-11 20:55:26'),(295,20,1,'TOYOTA       4тн',NULL,NULL,'0',1,'2013-12-11 20:55:26',1,'2013-12-11 20:55:26'),(296,20,1,'TOYOTA       3,5тн',NULL,NULL,'0',1,'2013-12-11 20:55:26',1,'2013-12-11 20:55:26'),(297,20,1,'TOYOTA       2тн',NULL,NULL,'0',1,'2013-12-11 20:55:26',1,'2013-12-11 20:55:26'),(298,20,1,'TOYOTA      1,75тн',NULL,NULL,'0',1,'2013-12-11 20:55:26',1,'2013-12-11 20:55:26'),(299,20,1,'TOYOTA      1,5тн',NULL,NULL,'0',1,'2013-12-11 20:55:26',1,'2013-12-11 20:55:26'),(300,20,1,'HYSTER      2тн',NULL,NULL,'0',1,'2013-12-11 20:55:26',1,'2013-12-11 20:55:26'),(301,20,1,'HYSTER H3.00 XM  3,0тн',NULL,NULL,'0',1,'2013-12-11 20:55:26',1,'2013-12-11 20:55:26'),(302,20,1,'HYSTER      5тн',NULL,NULL,'0',1,'2013-12-11 20:55:26',1,'2013-12-11 20:55:26'),(303,20,1,'HYSTER      7тн',NULL,NULL,'0',1,'2013-12-11 20:55:26',1,'2013-12-11 20:55:26'),(304,20,1,'TOETA 02-7FD15 FV3000     1,5тн',NULL,NULL,'0',1,'2013-12-11 20:55:26',1,'2013-12-11 20:55:26'),(305,20,1,'TOETA 02-7FD18    1,6тн',NULL,NULL,'0',1,'2013-12-11 20:55:26',1,'2013-12-11 20:55:26'),(306,20,1,'TOETA 02-7FD45     4,5тн',NULL,NULL,'0',1,'2013-12-11 20:55:26',1,'2013-12-11 20:55:26'),(307,20,1,'TOETA 7FD18 FV2870         1,5тн',NULL,NULL,'0',1,'2013-12-11 20:55:26',1,'2013-12-11 20:55:26'),(308,20,1,'TOETA 7FD18 FV3000         1,5тн',NULL,NULL,'0',1,'2013-12-11 20:55:26',1,'2013-12-11 20:55:26'),(309,20,35,'TOETA 7FD18  1,8тн',NULL,NULL,'0',1,'2013-12-11 20:55:26',1,'2013-12-11 20:55:26'),(310,20,1,'TOETA 02-5-FD15 FVA4    1,5тн',NULL,NULL,'0',1,'2013-12-11 20:55:26',1,'2013-12-11 20:55:26'),(311,20,35,'TOETA 02-5FD15     1,5тн',NULL,NULL,'0',1,'2013-12-11 20:55:26',1,'2013-12-11 20:55:26'),(312,20,1,'TOETA 02-5FD18     1.5тн',NULL,NULL,'0',1,'2013-12-11 20:55:26',1,'2013-12-11 20:55:26'),(313,20,1,'TOETA 3FD-18         1.5тн',NULL,NULL,'0',1,'2013-12-11 20:55:26',1,'2013-12-11 20:55:26'),(314,20,1,'TOETA 02-3PO15     1,5тн',NULL,NULL,'0',1,'2013-12-11 20:55:26',1,'2013-12-11 20:55:26'),(315,20,35,'TOETA 02-5FD20     2,0тн',NULL,NULL,'0',1,'2013-12-11 20:55:26',1,'2013-12-11 20:55:26'),(316,20,35,'TOETA 02-3FD40     3,2тн',NULL,NULL,'0',1,'2013-12-11 20:55:26',1,'2013-12-11 20:55:26'),(317,20,1,'TOETA 02-5FD40     4,0тн',NULL,NULL,'0',1,'2013-12-11 20:55:26',1,'2013-12-11 20:55:26'),(318,20,35,'TOETA 02-5FD45    5,0тн',NULL,NULL,'0',1,'2013-12-11 20:55:26',1,'2013-12-11 20:55:26'),(319,20,1,'TOETA 20-5FD70    7,0тн',NULL,NULL,'0',1,'2013-12-11 20:55:26',1,'2013-12-11 20:55:26'),(320,20,1,'TOETA FD-40           3,2тн',NULL,NULL,'0',1,'2013-12-11 20:55:26',1,'2013-12-11 20:55:26'),(321,20,35,'TOETA FD-45            4,0тн',NULL,NULL,'0',1,'2013-12-11 20:55:26',1,'2013-12-11 20:55:26'),(322,20,1,'TOETA 3FD-40          3,0тн',NULL,NULL,'0',1,'2013-12-11 20:55:26',1,'2013-12-11 20:55:26'),(323,15,1,'TOYOTA  2FD 100FV     10тн',NULL,NULL,'0',1,'2013-12-11 20:55:26',1,'2013-12-11 20:55:26'),(324,15,1,'TOYOTA  3FD115       10тн',NULL,NULL,'0',1,'2013-12-11 20:55:26',1,'2013-12-11 20:55:26'),(325,20,35,'TOETA FD-40          4,0тн',NULL,NULL,'0',1,'2013-12-11 20:55:26',1,'2013-12-11 20:55:26'),(326,20,1,'TOETA 5FD80        6,2тн',NULL,NULL,'0',1,'2013-12-11 20:55:26',1,'2013-12-11 20:55:26'),(327,20,1,'TOETA 5FD60        6,0тн',NULL,NULL,'0',1,'2013-12-11 20:55:26',1,'2013-12-11 20:55:26'),(328,20,35,'TOETA FD-70   7,0тн',NULL,NULL,'0',1,'2013-12-11 20:55:26',1,'2013-12-11 20:55:26'),(329,20,35,'TOETA FD-7072      5,25тн',NULL,NULL,'0',1,'2013-12-11 20:55:26',1,'2013-12-11 20:55:26'),(330,20,35,'TOETA 7FDJ 35    3,5тн',NULL,NULL,'0',1,'2013-12-11 20:55:26',1,'2013-12-11 20:55:26'),(331,20,1,' TOYOTA 5FD 100     7,2тн',NULL,NULL,'0',1,'2013-12-11 20:55:26',1,'2013-12-11 20:55:26'),(332,20,1,'TOETA 5FD80        6,2тн',NULL,NULL,'0',1,'2013-12-11 20:55:26',1,'2013-12-11 20:55:26'),(333,20,15,'MITSUBISHI FD18K 1,75тн',NULL,NULL,'0',1,'2013-12-11 20:55:26',1,'2013-12-11 20:55:26'),(334,20,1,'MITSUBISHI FD-20     2,0тн',NULL,NULL,'0',1,'2013-12-11 20:55:26',1,'2013-12-11 20:55:26'),(335,20,1,'MITSUBISHI FD-25     2,5тн',NULL,NULL,'0',1,'2013-12-11 20:55:26',1,'2013-12-11 20:55:26'),(336,20,1,'MITSUBISHI FD-70     7,0тн',NULL,NULL,'0',1,'2013-12-11 20:55:26',1,'2013-12-11 20:55:26'),(337,20,1,'MITSUBISHI F32BE  FD80       8,0тн','Гп.8тн',NULL,'0',1,'2013-12-11 20:55:26',1,'2013-12-11 20:55:26'),(338,20,1,'MITSUBISHI F32BE  FD80T       8,0тн',NULL,NULL,'0',1,'2013-12-11 20:55:26',1,'2013-12-11 20:55:26'),(339,20,1,'KOMATSU FD-15       1,5тн',NULL,NULL,'0',1,'2013-12-11 20:55:26',1,'2013-12-11 20:55:26'),(340,20,1,'KOMATSU FD-25       2,5тн',NULL,NULL,'0',1,'2013-12-11 20:55:26',1,'2013-12-11 20:55:26'),(341,20,1,'KOMATSU FD-50       5,0тн',NULL,NULL,'0',1,'2013-12-11 20:55:26',1,'2013-12-11 20:55:26'),(342,20,38,'KOMATSU FD-70       7,0тн',NULL,NULL,'0',1,'2013-12-11 20:55:26',1,'2013-12-11 20:55:26'),(343,20,1,'KOMATSU FD-15HT-15       1,5тн',NULL,NULL,'0',1,'2013-12-11 20:55:26',1,'2013-12-11 20:55:26'),(344,20,1,'KOMATSU FD-15H-14       1,5тн',NULL,NULL,'0',1,'2013-12-11 20:55:26',1,'2013-12-11 20:55:26'),(345,20,1,'KOMATSU FD 15V-15       1,6тн',NULL,NULL,'0',1,'2013-12-11 20:55:26',1,'2013-12-11 20:55:26'),(346,20,1,'ЛИНДА  H 18           1,8тн',NULL,NULL,'0',1,'2013-12-11 20:55:26',1,'2013-12-11 20:55:26'),(347,20,1,'ЛИНДА  H16D-03  1,6тн',NULL,NULL,'0',1,'2013-12-11 20:55:26',1,'2013-12-11 20:55:26'),(348,20,1,'NISSAN ЕH02А25U    2,5тн',NULL,NULL,'0',1,'2013-12-11 20:55:26',1,'2013-12-11 20:55:26'),(349,20,1,'NISSAN YGF03A40TU  4,0тн',NULL,NULL,'0',1,'2013-12-11 20:55:26',1,'2013-12-11 20:55:26'),(350,20,39,'NISSAN WGF03A40TU  4,5тн','Гп.4,5тн',NULL,'0',1,'2013-12-11 20:55:26',1,'2013-12-11 20:55:26'),(351,20,1,'NISSAN WGF03A40TU  7,0тн','Гп.7тн',NULL,'0',1,'2013-12-11 20:55:26',1,'2013-12-11 20:55:26'),(352,20,1,'NISSAN  F03A                4,0тн','Гп.4тн',NULL,'0',1,'2013-12-11 20:55:26',1,'2013-12-11 20:55:26'),(353,20,1,'NISSAN 05А70И      7,0тн','Гп.7тн',NULL,'0',1,'2013-12-11 20:55:26',1,'2013-12-11 20:55:26'),(354,20,1,'NISSAN YGF03A40U     4.0тн','Гп.4тн',NULL,'0',1,'2013-12-11 20:55:26',1,'2013-12-11 20:55:26'),(355,20,1,'NISSAN VGF  03A  40V  4,0тн','Гп.4тн',NULL,'0',1,'2013-12-11 20:55:26',1,'2013-12-11 20:55:26'),(356,20,1,'NISSAN VGF  03A  40V  4,0тн','Гп.4тн',NULL,'0',1,'2013-12-11 20:55:26',1,'2013-12-11 20:55:26'),(357,20,1,'KOMATSU FD-15HT-15       1,5тн',NULL,NULL,'0',1,'2013-12-11 20:55:26',1,'2013-12-11 20:55:26'),(358,20,40,'TCM FD 15          1,5тн','Гп.1,5тн',NULL,'0',1,'2013-12-11 20:55:26',1,'2013-12-11 20:55:26'),(359,20,40,'TCM FD 30 Z5       3,0тн','Гп.3,0тн',NULL,'0',1,'2013-12-11 20:55:26',1,'2013-12-11 20:55:26'),(360,20,40,'TCM FD 40T8        4,1тн','Гп.4,1тн',NULL,'0',1,'2013-12-11 20:55:26',1,'2013-12-11 20:55:26'),(361,20,1,' TCM FD 45T9        4,4тн','Гп.4,4тн',NULL,'0',1,'2013-12-11 20:55:26',1,'2013-12-11 20:55:26'),(362,20,1,'TCM                        5,0тн','Гп.5,0тн',NULL,'0',1,'2013-12-11 20:55:26',1,'2013-12-11 20:55:26'),(363,20,40,'TCM FD 70          7,0тн','Гп.4.1тн',NULL,'0',1,'2013-12-11 20:55:26',1,'2013-12-11 20:55:26'),(364,20,40,'TCM FD 25T6     2,5тн','Гп.2,5тн',NULL,'0',1,'2013-12-11 20:55:26',1,'2013-12-11 20:55:26'),(365,20,1,' TCM 850',NULL,NULL,'0',1,'2013-12-11 20:55:26',1,'2013-12-11 20:55:26'),(366,20,41,'HYSTER H3.00 XM  3,0тн','Гп.3тн',NULL,'0',1,'2013-12-11 20:55:26',1,'2013-12-11 20:55:26'),(367,20,41,'HYSTER 6.5   6.5тн','Гп.6,5тн',NULL,'0',1,'2013-12-11 20:55:26',1,'2013-12-11 20:55:26'),(368,20,41,'HYSTER H7.00 XL   7,0тн','Гп.7тн',NULL,'0',1,'2013-12-11 20:55:26',1,'2013-12-11 20:55:26'),(369,20,41,'HYSTER H110F      5,0тн','Гп.5тн',NULL,'0',1,'2013-12-11 20:55:26',1,'2013-12-11 20:55:26'),(370,20,41,'HYSTER H3.20XML  3,2тн','Гп.3,2тн',NULL,'0',1,'2013-12-11 20:55:26',1,'2013-12-11 20:55:26'),(371,20,41,'HYSTER H60C       3,0тн','Гп.3тн',NULL,'0',1,'2013-12-11 20:55:26',1,'2013-12-11 20:55:26'),(372,20,41,'HYSTER H2.50ХМ-D   2,5тн','Гп.2,5тн',NULL,'0',1,'2013-12-11 20:55:26',1,'2013-12-11 20:55:26'),(373,20,41,'HYSTER H2.00ХМ-D   2тн','Гп.2тн',NULL,'0',1,'2013-12-11 20:55:26',1,'2013-12-11 20:55:26'),(374,20,41,'HYSTER H1.5ХМ-D   1,50тн','Гп.1,5тн',NULL,'0',1,'2013-12-11 20:55:26',1,'2013-12-11 20:55:26'),(375,20,1,'Штилл R70  1,5тн','Гп.1,5тн',NULL,'0',1,'2013-12-11 20:55:26',1,'2013-12-11 20:55:26'),(376,20,1,'СУКУРОВА CF 40 C   7,0тн','Гп.7тн',NULL,'0',1,'2013-12-11 20:55:26',1,'2013-12-11 20:55:26'),(377,20,1,'ФУРУКАВА  6,0тн',NULL,NULL,'0',1,'2013-12-11 20:55:26',1,'2013-12-11 20:55:26'),(378,20,1,'ФУРУКАВА  4,5тн',NULL,NULL,'0',1,'2013-12-11 20:55:26',1,'2013-12-11 20:55:26'),(379,20,1,'КАТЕРПИЛЛАР 950G  6,0тн',NULL,NULL,'0',1,'2013-12-11 20:55:26',1,'2013-12-11 20:55:26'),(380,20,1,'КАТЕРПИЛЛАР 988  10,0тн',NULL,NULL,'0',1,'2013-12-11 20:55:26',1,'2013-12-11 20:55:26'),(381,20,1,'КАТЕРПИЛЛАР М322С (стреловой)',NULL,NULL,'0',1,'2013-12-11 20:55:26',1,'2013-12-11 20:55:26'),(382,20,1,'БОСС  3,0тн',NULL,NULL,'0',1,'2013-12-11 20:55:26',1,'2013-12-11 20:55:26'),(383,20,1,'БОСС-ТРАК SX-45  4,0тн','Гп.4тн',NULL,'0',1,'2013-12-11 20:55:26',1,'2013-12-11 20:55:26'),(384,20,1,'БОСС-ТРАК H70   7,0тн','Гп.7тн',NULL,'0',1,'2013-12-11 20:55:26',1,'2013-12-11 20:55:26'),(385,20,1,'Daewoo D15 S-2    1,5тн',NULL,NULL,'0',1,'2013-12-11 20:55:26',1,'2013-12-11 20:55:26'),(386,20,1,'KALMAR DCD80-6              8н',NULL,NULL,'0',1,'2013-12-11 20:55:26',1,'2013-12-11 20:55:26'),(387,20,1,'KALMAR DCE70-6XL      7,0тн',NULL,NULL,'0',1,'2013-12-11 20:55:26',1,'2013-12-11 20:55:26'),(388,20,1,'KALMAR DCD 60-6  6тн',NULL,NULL,'0',1,'2013-12-11 20:55:26',1,'2013-12-11 20:55:26'),(389,20,1,'KALMAR DC5-600            5тн',NULL,NULL,'0',1,'2013-12-11 20:55:26',1,'2013-12-11 20:55:26'),(390,20,1,'DT 18  BT                               1,75тн',NULL,NULL,'0',1,'2013-12-11 20:55:26',1,'2013-12-11 20:55:26'),(391,20,1,'ШТИЛЛ DF 4,0       3,6тн',NULL,NULL,'0',1,'2013-12-11 20:55:26',1,'2013-12-11 20:55:26'),(392,20,1,'ШТИЛЛ М15','1,5тн',NULL,'0',1,'2013-12-11 20:55:26',1,'2013-12-11 20:55:26'),(393,20,1,'ГОДРЕЖ G150D       1,5тн',NULL,NULL,'0',1,'2013-12-11 20:55:26',1,'2013-12-11 20:55:26'),(394,20,1,'ФИАТ-ХИТАЧЧИ',NULL,NULL,'0',1,'2013-12-11 20:55:26',1,'2013-12-11 20:55:26'),(395,20,1,'ДВ 1792  3,0тн',NULL,NULL,'0',1,'2013-12-11 20:55:26',1,'2013-12-11 20:55:26'),(396,20,1,'ДВ 1733  3,5тн',NULL,NULL,'0',1,'2013-12-11 20:55:26',1,'2013-12-11 20:55:26'),(397,20,1,'КЛАРК   7,0тн',NULL,NULL,'0',1,'2013-12-11 20:55:26',1,'2013-12-11 20:55:26'),(398,20,1,'DECTA   3,5тн',NULL,NULL,'0',1,'2013-12-11 20:55:26',1,'2013-12-11 20:55:26'),(399,20,43,'Юнгхайнрих DFG 540   3,9тн',NULL,NULL,'0',1,'2013-12-11 20:55:26',1,'2013-12-11 20:55:26'),(400,20,43,'Юнгхайнрих DFG 540   3,9тн',NULL,NULL,'0',1,'2013-12-11 20:55:26',1,'2013-12-11 20:55:26'),(401,20,43,'Юнгхайнрих DFG75G-120-556ZT   7,5тн',NULL,NULL,'0',1,'2013-12-11 20:55:26',1,'2013-12-11 20:55:26'),(402,20,1,'ТО-28 с чел.захв. 4,0тн Минск',NULL,NULL,'0',1,'2013-12-11 20:55:26',1,'2013-12-11 20:55:26'),(403,20,1,'LINDE H50D        5,0тн',NULL,NULL,'0',1,'2013-12-11 20:55:26',1,'2013-12-11 20:55:26'),(404,20,1,'LINDE H25D        2,5тн',NULL,NULL,'0',1,'2013-12-11 20:55:26',1,'2013-12-11 20:55:26'),(405,20,1,'LINDE H25D-03        2,5тн',NULL,NULL,'0',1,'2013-12-11 20:55:26',1,'2013-12-11 20:55:26'),(406,20,1,'LINDE H16      1,6тн',NULL,NULL,'0',1,'2013-12-11 20:55:26',1,'2013-12-11 20:55:26'),(407,21,1,'БОБКЕТ',NULL,NULL,'0',1,'2013-12-11 20:55:26',1,'2013-12-11 20:55:26'),(408,21,44,'БОБКЕТ M-743   0,35 куб.м.',NULL,NULL,'0',1,'2013-12-11 20:55:26',1,'2013-12-11 20:55:26'),(409,21,1,'БОБКЕТ M-743   0,59 куб.м.',NULL,NULL,'0',1,'2013-12-11 20:55:26',1,'2013-12-11 20:55:26'),(410,21,1,'БОБКЕТ 853        0,77куб.м.',NULL,NULL,'0',1,'2013-12-11 20:55:26',1,'2013-12-11 20:55:26'),(411,21,1,'БОБКЕТ M-853   0,75 куб.м.',NULL,NULL,'0',1,'2013-12-11 20:55:26',1,'2013-12-11 20:55:26'),(412,21,1,'БОБКЕТ 853-H          0,8 куб.м.',NULL,NULL,'0',1,'2013-12-11 20:55:26',1,'2013-12-11 20:55:26'),(413,21,1,'БОБКЕТ M-743   0,59куб.м.',NULL,NULL,'0',1,'2013-12-11 20:55:26',1,'2013-12-11 20:55:26'),(414,21,1,'БОБКЕТ 753       0,65куб.м.',NULL,NULL,'0',1,'2013-12-11 20:55:26',1,'2013-12-11 20:55:26'),(415,21,1,'БОБКЕТ 751',NULL,NULL,'0',1,'2013-12-11 20:55:26',1,'2013-12-11 20:55:26'),(416,21,1,'БОБКЕТ M-843      0,69 куб.м.',NULL,NULL,'0',1,'2013-12-11 20:55:26',1,'2013-12-11 20:55:26'),(417,21,1,'БОБКЕТ 853        0,77куб.м.',NULL,NULL,'0',1,'2013-12-11 20:55:26',1,'2013-12-11 20:55:26'),(418,21,1,'БОБКЕТ 863-H      0,8 куб.м.',NULL,NULL,'0',1,'2013-12-11 20:55:26',1,'2013-12-11 20:55:26'),(419,21,1,'БОБКЕТ 863         1,0 куб.м.',NULL,NULL,'0',1,'2013-12-11 20:55:26',1,'2013-12-11 20:55:26'),(420,21,1,'БОБКЕТ 773G       0,6 куб.м.',NULL,NULL,'0',1,'2013-12-11 20:55:26',1,'2013-12-11 20:55:26'),(421,21,1,'БОБКЕТ S-175      0,86 куб.м.',NULL,NULL,'0',1,'2013-12-11 20:55:26',1,'2013-12-11 20:55:26'),(422,21,1,'БОБКЕТ 453        0,75куб.м.',NULL,NULL,'0',1,'2013-12-11 20:55:26',1,'2013-12-11 20:55:26'),(423,21,1,'БОБКЕТ 853          0,8 куб.м.',NULL,NULL,'0',1,'2013-12-11 20:55:26',1,'2013-12-11 20:55:26'),(424,21,1,'БОБКЕТ 980          1,69 куб.м.',NULL,NULL,'0',1,'2013-12-11 20:55:26',1,'2013-12-11 20:55:26'),(425,21,1,'БОБКЕТ T40140     г/п 4,0тн',NULL,NULL,'0',1,'2013-12-11 20:55:26',1,'2013-12-11 20:55:26'),(426,21,45,'БОБКЕТ S250HF      1,2 куб.м.',NULL,NULL,'0',1,'2013-12-11 20:55:26',1,'2013-12-11 20:55:26'),(427,21,1,'БОБКЕТ S300H      1,3 куб.м.',NULL,NULL,'0',1,'2013-12-11 20:55:26',1,'2013-12-11 20:55:26'),(428,21,1,'SL-5625 GEHL    ?? куб.м.',NULL,NULL,'0',1,'2013-12-11 20:55:26',1,'2013-12-11 20:55:26'),(429,21,1,'ДРЕССЕР 515В W60-2',NULL,NULL,'0',1,'2013-12-11 20:55:26',1,'2013-12-11 20:55:26'),(430,21,1,'ДРЕССЕР 515С      1,6куб.м.',NULL,NULL,'0',1,'2013-12-11 20:55:26',1,'2013-12-11 20:55:26'),(431,21,1,'КАТЕРПИЛЛАР TH-63    4,0тн',NULL,NULL,'0',1,'2013-12-11 20:55:26',1,'2013-12-11 20:55:26'),(432,21,1,'ФУРУКАВА    6,0 куб.м.',NULL,NULL,'0',1,'2013-12-11 20:55:26',1,'2013-12-11 20:55:26'),(433,21,1,'ФУРУКАВА    6,0 куб.м.',NULL,NULL,'0',1,'2013-12-11 20:55:26',1,'2013-12-11 20:55:26'),(434,21,46,'KOMATSU W60-2     1,6 куб.м.',NULL,NULL,'0',1,'2013-12-11 20:55:26',1,'2013-12-11 20:55:26'),(435,21,1,'KOMATSU W-200   2,3 куб.м.',NULL,NULL,'0',1,'2013-12-11 20:55:26',1,'2013-12-11 20:55:26'),(436,21,1,'KOMATSU WA-70',NULL,NULL,'0',1,'2013-12-11 20:55:26',1,'2013-12-11 20:55:26'),(437,21,1,'KOMATSU W-250       2,5 куб.м.',NULL,NULL,'0',1,'2013-12-11 20:55:26',1,'2013-12-11 20:55:26'),(438,21,1,'KOMATSU W-300   3,0 куб.м.',NULL,NULL,'0',1,'2013-12-11 20:55:26',1,'2013-12-11 20:55:26'),(439,21,1,'KOMATSU WA-350     4,0 куб.м.',NULL,NULL,'0',1,'2013-12-11 20:55:26',1,'2013-12-11 20:55:26'),(440,21,1,'KOMATSU WA-500',NULL,NULL,'0',1,'2013-12-11 20:55:26',1,'2013-12-11 20:55:26'),(441,21,1,'KOMATSU WA-180         1,8 куб.м.',NULL,NULL,'0',1,'2013-12-11 20:55:26',1,'2013-12-11 20:55:26'),(442,21,1,'KOMATSU WA-180-3,   V 1,8 куб.м.',NULL,NULL,'0',1,'2013-12-11 20:55:26',1,'2013-12-11 20:55:26'),(443,21,1,'KOMATSU WA-180-3     2,2куб.м.',NULL,NULL,'0',1,'2013-12-11 20:55:26',1,'2013-12-11 20:55:26'),(444,21,1,'KOMATSU WA-250-5      3,4 куб.м.',NULL,NULL,'0',1,'2013-12-11 20:55:26',1,'2013-12-11 20:55:26'),(445,21,1,'KOMATSU WA470-3    6,0куб.м.',NULL,NULL,'0',1,'2013-12-11 20:55:26',1,'2013-12-11 20:55:26'),(446,21,1,'KOMATSU WA-200       2,2куб.м.',NULL,NULL,'0',1,'2013-12-11 20:55:26',1,'2013-12-11 20:55:26'),(447,21,1,'KOMATSU WA180-1   1,6 куб.м.',NULL,NULL,'0',1,'2013-12-11 20:55:26',1,'2013-12-11 20:55:26'),(448,21,1,'KOMATSU WA200-1   2,3 куб.м.',NULL,NULL,'0',1,'2013-12-11 20:55:26',1,'2013-12-11 20:55:26'),(449,21,1,'KOMATSU WA200V-1   2,3 куб.м.',NULL,NULL,'0',1,'2013-12-11 20:55:26',1,'2013-12-11 20:55:26'),(450,21,1,'KOMATSU WA250-1   2,5 куб.м.',NULL,NULL,'0',1,'2013-12-11 20:55:26',1,'2013-12-11 20:55:26'),(451,21,1,'KOMATSU WA300-1   3,0 куб.м.',NULL,NULL,'0',1,'2013-12-11 20:55:26',1,'2013-12-11 20:55:26'),(452,21,1,'KOMATSU WA420-1',NULL,NULL,'0',1,'2013-12-11 20:55:26',1,'2013-12-11 20:55:26'),(453,21,1,'KOMATSU WA420-3',NULL,NULL,'0',1,'2013-12-11 20:55:26',1,'2013-12-11 20:55:26'),(454,21,1,'KOMATSU WA420-3,  V 6,0 куб.м.',NULL,NULL,'0',1,'2013-12-11 20:55:26',1,'2013-12-11 20:55:26'),(455,21,1,'FR-10C           ?? куб.м.',NULL,NULL,'0',1,'2013-12-11 20:55:26',1,'2013-12-11 20:55:26'),(456,21,1,'ЛИБХЕРР  L514        1,5 куб.м.',NULL,NULL,'0',1,'2013-12-11 20:55:26',1,'2013-12-11 20:55:26'),(457,21,1,'ЛИБХЕРР  L-522       2,2 куб.м.',NULL,NULL,'0',1,'2013-12-11 20:55:26',1,'2013-12-11 20:55:26'),(458,21,1,'ЛИБХЕРР  L-538       2,5 куб.м.',NULL,NULL,'0',1,'2013-12-11 20:55:26',1,'2013-12-11 20:55:26'),(459,21,1,'ЛИБХЕРР  L-541       4,0 куб.м.',NULL,NULL,'0',1,'2013-12-11 20:55:26',1,'2013-12-11 20:55:26'),(460,21,1,'ЛИБХЕРР  L-544       4,5 куб.м.',NULL,NULL,'0',1,'2013-12-11 20:55:26',1,'2013-12-11 20:55:26'),(461,21,47,'TOYOTA SDK-8   0,6 куб.м.',NULL,NULL,'0',1,'2013-12-11 20:55:26',1,'2013-12-11 20:55:26'),(462,21,1,'ПЕЙЛОУДЕР Т-515',NULL,NULL,'0',1,'2013-12-11 20:55:26',1,'2013-12-11 20:55:26'),(463,21,1,'ХАРВЕЙСТЕР H-515  1,15 куб.м.',NULL,NULL,'0',1,'2013-12-11 20:55:26',1,'2013-12-11 20:55:26'),(464,21,1,'ХАРВЕЙСТЕР 4140   0,47 куб.м.',NULL,NULL,'0',1,'2013-12-11 20:55:26',1,'2013-12-11 20:55:26'),(465,21,1,'JCB 530-70','3тн',NULL,'0',1,'2013-12-11 20:55:26',1,'2013-12-11 20:55:26'),(466,21,1,'JCB-430   2,7 куб.м.',NULL,NULL,'0',1,'2013-12-11 20:55:26',1,'2013-12-11 20:55:26'),(467,21,1,'АЛЬМАН-7         ?? куб.м.',NULL,NULL,'0',1,'2013-12-11 20:55:26',1,'2013-12-11 20:55:26'),(468,21,48,'ДЕТВА UNC-060     0,75 куб.м.',NULL,NULL,'0',1,'2013-12-11 20:55:26',1,'2013-12-11 20:55:26'),(469,21,1,'ДЕТВА UNC-061',NULL,NULL,'0',1,'2013-12-11 20:55:26',1,'2013-12-11 20:55:26'),(470,21,1,'ДЕТВА UN-035.1    ?? куб.м.',NULL,NULL,'0',1,'2013-12-11 20:55:26',1,'2013-12-11 20:55:26'),(471,21,1,'Дресста 530-E,  V 6,0 куб.м.',NULL,NULL,'0',1,'2013-12-11 20:55:26',1,'2013-12-11 20:55:26'),(472,21,49,'TOYOTA SDK-8   0,45 куб.м.',NULL,NULL,'0',1,'2013-12-11 20:55:26',1,'2013-12-11 20:55:26'),(473,21,1,'TOYOTA 2SDK B',NULL,NULL,'0',1,'2013-12-11 20:55:26',1,'2013-12-11 20:55:26'),(474,21,1,'TOYOTA 4SDK 10,  V 1,0 куб. м.',NULL,NULL,'0',1,'2013-12-11 20:55:26',1,'2013-12-11 20:55:26'),(475,21,1,'TOYOTA 4SDK 5,    V 0,5 куб. м.',NULL,NULL,'0',1,'2013-12-11 20:55:26',1,'2013-12-11 20:55:26'),(476,21,1,'TCM  L9-2    1,44тн',NULL,NULL,'0',1,'2013-12-11 20:55:26',1,'2013-12-11 20:55:26'),(477,21,1,'TCM  L40   6,0тн',NULL,NULL,'0',1,'2013-12-11 20:55:26',1,'2013-12-11 20:55:26'),(478,21,1,'ТСМ 850',NULL,NULL,'0',1,'2013-12-11 20:55:26',1,'2013-12-11 20:55:26'),(479,21,1,'VOLVO L120E         6,1 куб.м.','6,1 куб.м.',NULL,'0',1,'2013-12-11 20:55:26',1,'2013-12-11 20:55:26'),(480,21,1,'VOLVO BML50С       2,2 куб.м.','2,2 куб.м.',NULL,'0',1,'2013-12-11 20:55:26',1,'2013-12-11 20:55:26'),(481,21,1,'VOLVO L50D        2,2 куб.м.',NULL,NULL,'0',1,'2013-12-11 20:55:26',1,'2013-12-11 20:55:26'),(482,21,1,'VOLVO L70D  2,5 куб.м.',NULL,NULL,'0',1,'2013-12-11 20:55:26',1,'2013-12-11 20:55:26'),(483,21,1,'VOLVO  L70E           3,5куб.м.','3,5куб.м.',NULL,'0',1,'2013-12-11 20:55:26',1,'2013-12-11 20:55:26'),(484,21,50,'VOLVO BML   70B    3,0куб.м.','3,0куб.м.',NULL,'0',1,'2013-12-11 20:55:26',1,'2013-12-11 20:55:26'),(485,21,1,'VOLVO L-220E          9,5 куб.м.','9,5 куб.м.',NULL,'0',1,'2013-12-11 20:55:26',1,'2013-12-11 20:55:26'),(486,21,1,'VOLVO L45B-TR       2,5 куб.м.','2,5 куб.м.',NULL,'0',1,'2013-12-11 20:55:26',1,'2013-12-11 20:55:26'),(487,21,1,'МОАЗ  40484            7,0куб.м.','7,0куб.м.',NULL,'0',1,'2013-12-11 20:55:26',1,'2013-12-11 20:55:26'),(488,21,1,'АМКОДОР TO 18Б    3,3куб.м.','3,3тн',NULL,'0',1,'2013-12-11 20:55:26',1,'2013-12-11 20:55:26'),(489,21,1,'ГЕЛЬ SL-5625           0,73куб.м.','0,73куб.м.',NULL,'0',1,'2013-12-11 20:55:26',1,'2013-12-11 20:55:26'),(490,21,1,'ГЕЛЬ                         0,8 куб.м.','0,8куб.м.',NULL,'0',1,'2013-12-11 20:55:26',1,'2013-12-11 20:55:26'),(491,22,1,'Электропогрузчик ЭП-103  1тн',NULL,NULL,'0',1,'2013-12-11 20:55:26',1,'2013-12-11 20:55:26'),(492,22,1,'Электропогрузчик ЭП-201  2тн',NULL,NULL,'0',1,'2013-12-11 20:55:26',1,'2013-12-11 20:55:26'),(493,22,1,'Электропогрузчик ЭПВ-1,25-612  1,2тн',NULL,NULL,'0',1,'2013-12-11 20:55:26',1,'2013-12-11 20:55:26'),(494,22,1,'Электропогрузчик ЭП-205У  2тн',NULL,NULL,'0',1,'2013-12-11 20:55:26',1,'2013-12-11 20:55:26'),(495,22,1,'Электропогрузчик КВЗ-02      1,5тн',NULL,NULL,'0',1,'2013-12-11 20:55:26',1,'2013-12-11 20:55:26'),(496,22,1,'Электропогрузчик ЕВ-735      3тн','Гп.3тн',NULL,'0',1,'2013-12-11 20:55:26',1,'2013-12-11 20:55:26'),(497,22,1,'Электропогрузчик ЕВ-701.702.717  2тн',NULL,NULL,'0',1,'2013-12-11 20:55:26',1,'2013-12-11 20:55:26'),(498,22,1,'Электропогрузчик Шинко 4FB13L-VF230   1,25тн',NULL,NULL,'0',1,'2013-12-11 20:55:26',1,'2013-12-11 20:55:26'),(499,22,1,'Электропогрузчик Шинко 4FB20Z-V300  2тн',NULL,NULL,'0',1,'2013-12-11 20:55:26',1,'2013-12-11 20:55:26'),(500,22,1,'Электропогрузчик Шинко 4FB15S-VF250P  1,5тн',NULL,NULL,'0',1,'2013-12-11 20:55:26',1,'2013-12-11 20:55:26'),(501,22,1,'Электротележка    ЭП-011      2тн','Гп.2тн',NULL,'0',1,'2013-12-11 20:55:26',1,'2013-12-11 20:55:26'),(502,22,1,'Электротележка    ЭТ-2047  2тн',NULL,NULL,'0',1,'2013-12-11 20:55:26',1,'2013-12-11 20:55:26'),(503,22,1,'Электротележка ЕП-006      2тн',NULL,NULL,'0',1,'2013-12-11 20:55:26',1,'2013-12-11 20:55:26'),(504,22,1,'Электротележка  ручная BTLT-2000    2тн',NULL,NULL,'0',1,'2013-12-11 20:55:26',1,'2013-12-11 20:55:26'),(505,22,1,'Электроштабелер ЕВ-418-45-4               1тн',NULL,NULL,'0',1,'2013-12-11 20:55:26',1,'2013-12-11 20:55:26'),(506,23,1,'Погрузочная манина \"РОКСОН\"        1200тн/час',NULL,NULL,'0',1,'2013-12-11 20:55:26',1,'2013-12-11 20:55:26'),(507,24,1,'Бульдозер трюмный TD-8E',NULL,NULL,'0',1,'2013-12-11 20:55:26',1,'2013-12-11 20:55:26'),(508,24,1,'Бульдозер трюмный BD-2E',NULL,NULL,'0',1,'2013-12-11 20:55:26',1,'2013-12-11 20:55:26'),(509,24,1,'Бульдозер трюмный BD-2F',NULL,NULL,'0',1,'2013-12-11 20:55:26',1,'2013-12-11 20:55:26'),(510,24,1,'Бульдозер трюмный D21-A',NULL,NULL,'0',1,'2013-12-11 20:55:26',1,'2013-12-11 20:55:26'),(511,24,1,'Погрузчик трюмный ПСГ-100',NULL,NULL,'0',1,'2013-12-11 20:55:26',1,'2013-12-11 20:55:26'),(512,24,1,'Трюмный кран TK-IM',NULL,NULL,'0',1,'2013-12-11 20:55:26',1,'2013-12-11 20:55:26'),(513,24,1,'Трюмная машина МВС-4М',NULL,NULL,'0',1,'2013-12-11 20:55:26',1,'2013-12-11 20:55:26'),(514,25,1,'Колесный бульдозер Д-579 МТЗ-50',NULL,NULL,'0',1,'2013-12-11 20:55:26',1,'2013-12-11 20:55:26'),(515,25,1,'Гусеничный бульдозер Д-606 ДТ-75',NULL,NULL,'0',1,'2013-12-11 20:55:26',1,'2013-12-11 20:55:26'),(516,25,1,'Гусеничный бульдозер ДЗ-101(Т-4АП) Т-4АП',NULL,NULL,'0',1,'2013-12-11 20:55:26',1,'2013-12-11 20:55:26'),(517,25,1,'Гусеничный бульдозер ДЗ-110В/Т-130М',NULL,NULL,'0',1,'2013-12-11 20:55:26',1,'2013-12-11 20:55:26'),(518,25,1,'Гусеничный бульдозер Д-27С(Т-130) Т-130',NULL,NULL,'0',1,'2013-12-11 20:55:26',1,'2013-12-11 20:55:26'),(519,25,1,'Гусеничный бульдозер ДЗ-162/ДТ-75',NULL,NULL,'0',1,'2013-12-11 20:55:26',1,'2013-12-11 20:55:26'),(520,25,1,'Гусеничный бульдозер ДЗ1Р-17',NULL,NULL,'0',1,'2013-12-11 20:55:26',1,'2013-12-11 20:55:26'),(521,25,1,'Гусеничный бульдозер Д-535 Т-74',NULL,NULL,'0',1,'2013-12-11 20:55:26',1,'2013-12-11 20:55:26'),(522,25,1,'Гусеничный бульдозер С-100',NULL,NULL,'0',1,'2013-12-11 20:55:26',1,'2013-12-11 20:55:26'),(523,25,1,'Гусеничный бульдозер ТД-12        3,2куб.м.',NULL,NULL,'0',1,'2013-12-11 20:55:26',1,'2013-12-11 20:55:26'),(524,25,1,'Гусеничный бульдозер Т-130',NULL,NULL,'0',1,'2013-12-11 20:55:26',1,'2013-12-11 20:55:26'),(525,25,1,'Гусеничный бульдозер Т-170',NULL,NULL,'0',1,'2013-12-11 20:55:26',1,'2013-12-11 20:55:26'),(526,25,1,'Гусеничный бульдозер ДЗ-100',NULL,NULL,'0',1,'2013-12-11 20:55:26',1,'2013-12-11 20:55:26'),(527,25,1,'Гусеничный бульдозер ДЗ-170',NULL,NULL,'0',1,'2013-12-11 20:55:26',1,'2013-12-11 20:55:26'),(528,25,1,'Гусеничный бульдозер ДЗ-42Г',NULL,NULL,'0',1,'2013-12-11 20:55:26',1,'2013-12-11 20:55:26'),(529,25,1,'Гусеничный бульдозер ДЗ-42/ДТ-75',NULL,NULL,'0',1,'2013-12-11 20:55:26',1,'2013-12-11 20:55:26'),(530,25,1,'Гусеничный бульдозер ДЗ-27',NULL,NULL,'0',1,'2013-12-11 20:55:26',1,'2013-12-11 20:55:26'),(531,25,1,'Гусеничный бульдозер Т-74 СМД-14',NULL,NULL,'0',1,'2013-12-11 20:55:26',1,'2013-12-11 20:55:26'),(532,25,1,'Гусеничный бульдозер Т-4А',NULL,NULL,'0',1,'2013-12-11 20:55:26',1,'2013-12-11 20:55:26'),(533,25,1,'Гусеничный бульдозер Т-100',NULL,NULL,'0',1,'2013-12-11 20:55:26',1,'2013-12-11 20:55:26'),(534,25,1,'Гусеничный бульдозер ДЗ-27(Т-130)',NULL,NULL,'0',1,'2013-12-11 20:55:26',1,'2013-12-11 20:55:26'),(535,25,1,'Гусеничный бульдозер ДЗ-17С(Т-130)',NULL,NULL,'0',1,'2013-12-11 20:55:26',1,'2013-12-11 20:55:26'),(536,25,51,'Гусеничный бульдозер ДР-171',NULL,NULL,'0',1,'2013-12-11 20:55:26',1,'2013-12-11 20:55:26'),(537,25,51,'Гусеничный бульдозер Д-271',NULL,NULL,'0',1,'2013-12-11 20:55:26',1,'2013-12-11 20:55:26'),(538,25,1,'Гусеничный бульдозер ДЗ-100',NULL,NULL,'0',1,'2013-12-11 20:55:26',1,'2013-12-11 20:55:26'),(539,25,1,'Гусеничный бульдозер НО-00120',NULL,NULL,'0',1,'2013-12-11 20:55:26',1,'2013-12-11 20:55:26'),(540,25,1,'Гусеничный бульдозер Д-6Д',NULL,NULL,'0',1,'2013-12-11 20:55:26',1,'2013-12-11 20:55:26'),(541,25,1,'Гусеничный бульдозер Д-155А-1',NULL,NULL,'0',1,'2013-12-11 20:55:26',1,'2013-12-11 20:55:26'),(542,25,1,'Гусеничный бульдозер Д-50Р',NULL,NULL,'0',1,'2013-12-11 20:55:26',1,'2013-12-11 20:55:26'),(543,25,1,'Гусеничный бульдозер ИНТЕНАЦИОНАЛ ТД-8Е',NULL,NULL,'0',1,'2013-12-11 20:55:26',1,'2013-12-11 20:55:26'),(544,25,1,'Гусеничный бульдозер ДРЕССЕР ТД-15',NULL,NULL,'0',1,'2013-12-11 20:55:26',1,'2013-12-11 20:55:26'),(545,25,1,'Гусеничный бульдозер ДРЕССЕР ТД-12     3,2куб.м.',NULL,NULL,'0',1,'2013-12-11 20:55:26',1,'2013-12-11 20:55:26'),(546,25,1,'Гусеничный бульдозер ДРЕССЕР ТД-7',NULL,NULL,'0',1,'2013-12-11 20:55:26',1,'2013-12-11 20:55:26'),(547,25,1,'Гусеничный бульдозер Дресста,TD-15H',NULL,NULL,'0',1,'2013-12-11 20:55:26',1,'2013-12-11 20:55:26'),(548,25,1,'Гусеничный бульдозер KOMATSU-BC3F',NULL,NULL,'0',1,'2013-12-11 20:55:26',1,'2013-12-11 20:55:26'),(549,25,1,'Гусеничный бульдозер KOMATSU-D21A6',NULL,NULL,'0',1,'2013-12-11 20:55:26',1,'2013-12-11 20:55:26'),(550,25,1,'Гусеничный бульдозер KOMATSU-DЗ1Р-20        1,5куб.м.',NULL,NULL,'0',1,'2013-12-11 20:55:26',1,'2013-12-11 20:55:26'),(551,25,1,'Гусеничный бульдозер KOMATSU-DЗ1Р-18',NULL,NULL,'0',1,'2013-12-11 20:55:26',1,'2013-12-11 20:55:26'),(552,25,1,'Гусеничный бульдозер KOMATSU-DЗ1Р-17',NULL,NULL,'0',1,'2013-12-11 20:55:26',1,'2013-12-11 20:55:26'),(553,25,1,'Гусеничный бульдозер KOMATSU D65E',NULL,NULL,'0',1,'2013-12-11 20:55:26',1,'2013-12-11 20:55:26'),(554,25,1,'Гусеничный бульдозер KOMATSU Д-85A-21',NULL,NULL,'0',1,'2013-12-11 20:55:26',1,'2013-12-11 20:55:26'),(555,25,1,'Гусеничный бульдозер KOMATSU Д-85A',NULL,NULL,'0',1,'2013-12-11 20:55:26',1,'2013-12-11 20:55:26'),(556,25,1,'Гусеничный бульдозер KOMATSU Д-85EX-15',NULL,NULL,'0',1,'2013-12-11 20:55:26',1,'2013-12-11 20:55:26'),(557,25,1,'Гусеничный бульдозер KOMATSU Д-85Р-21Е',NULL,NULL,'0',1,'2013-12-11 20:55:26',1,'2013-12-11 20:55:26'),(558,25,1,'Гусеничный бульдозер КАТЕРПИЛЛЕР D7G',NULL,NULL,'0',1,'2013-12-11 20:55:26',1,'2013-12-11 20:55:26'),(559,25,1,'Гусеничный бульдозер ЛИБХЕРР  PR722B          2,3куб.м.',NULL,NULL,'0',1,'2013-12-11 20:55:26',1,'2013-12-11 20:55:26'),(560,25,1,'Гусеничный бульдозер Б 10.1111-ЕН',NULL,NULL,'0',1,'2013-12-11 20:55:26',1,'2013-12-11 20:55:26'),(561,25,1,'Гусеничный бульдозер Б 10.111-1Е',NULL,NULL,'0',1,'2013-12-11 20:55:26',1,'2013-12-11 20:55:26'),(562,25,1,'Гусеничный бульдозер Б- 170М1.01.В6',NULL,NULL,'0',1,'2013-12-11 20:55:26',1,'2013-12-11 20:55:26'),(563,25,1,'Гусеничный бульдозер Б 170 М1.01.E',NULL,NULL,'0',1,'2013-12-11 20:55:26',1,'2013-12-11 20:55:26'),(564,25,1,'Гусеничный бульдозер Б 10М 01.01.-ЕН',NULL,NULL,'0',1,'2013-12-11 20:55:26',1,'2013-12-11 20:55:26'),(565,25,1,'Гусеничный бульдозер Б 10М.01.02-1Е',NULL,NULL,'0',1,'2013-12-11 20:55:26',1,'2013-12-11 20:55:26'),(566,25,1,'Гусеничный бульдозер Б 10М.01.00-1Е',NULL,NULL,'0',1,'2013-12-11 20:55:26',1,'2013-12-11 20:55:26'),(567,26,1,'Трактор колесный Т-25 Д21А-1',NULL,NULL,'0',1,'2013-12-11 20:55:26',1,'2013-12-11 20:55:26'),(568,26,1,'Трактор колесный Т-40 Д-37М',NULL,NULL,'0',1,'2013-12-11 20:55:26',1,'2013-12-11 20:55:26'),(569,26,1,'Трактор ДЗ-162/ДТ-75',NULL,NULL,'0',1,'2013-12-11 20:55:26',1,'2013-12-11 20:55:26'),(570,26,1,'Трактор Т-4АП2С1 А-01M',NULL,NULL,'0',1,'2013-12-11 20:55:26',1,'2013-12-11 20:55:26'),(571,26,1,'Трактор колесный МТЗ-50,-52 Д-50',NULL,NULL,'0',1,'2013-12-11 20:55:26',1,'2013-12-11 20:55:26'),(572,26,1,'Трактор колесный Кировец К-700,К-701',NULL,NULL,'0',1,'2013-12-11 20:55:26',1,'2013-12-11 20:55:26'),(573,26,1,'Трактор колесный МТЗ-80,-82 Д-240',NULL,NULL,'0',1,'2013-12-11 20:55:26',1,'2013-12-11 20:55:26'),(574,26,1,'Трактор колесный Т-40М',NULL,NULL,'0',1,'2013-12-11 20:55:26',1,'2013-12-11 20:55:26'),(575,26,1,'Трактор колесный ЮМЗ-6',NULL,NULL,'0',1,'2013-12-11 20:55:26',1,'2013-12-11 20:55:26'),(576,26,1,'Трактор колесный ЛТЗ-55А',NULL,NULL,'0',1,'2013-12-11 20:55:26',1,'2013-12-11 20:55:26'),(577,26,1,'Трактор колесный Т-150',NULL,NULL,'0',1,'2013-12-11 20:55:26',1,'2013-12-11 20:55:26'),(578,26,1,'Трактор гусеничный ДТ-75',NULL,NULL,'0',1,'2013-12-11 20:55:26',1,'2013-12-11 20:55:26'),(579,26,1,'Трактор гусеничный Т-330',NULL,NULL,'0',1,'2013-12-11 20:55:26',1,'2013-12-11 20:55:26'),(580,27,1,'Э-302Б ЮМЗ',NULL,NULL,'0',1,'2013-12-11 20:55:26',1,'2013-12-11 20:55:26'),(581,27,1,'К-406А ЮМЗ',NULL,NULL,'0',1,'2013-12-11 20:55:26',1,'2013-12-11 20:55:26'),(582,27,1,'Комацу PW-150      0,62куб.м.',NULL,NULL,'0',1,'2013-12-11 20:55:26',1,'2013-12-11 20:55:26'),(583,27,1,'Комацу PC-60-5',NULL,NULL,'0',1,'2013-12-11 20:55:26',1,'2013-12-11 20:55:26'),(584,27,1,'Комацу PW60-3',NULL,NULL,'0',1,'2013-12-11 20:55:26',1,'2013-12-11 20:55:26'),(585,27,1,'ЭО-4224                  1,0куб.м.',NULL,NULL,'0',1,'2013-12-11 20:55:26',1,'2013-12-11 20:55:26'),(586,27,1,'ЭО-4121                  0,65куб.м.',NULL,NULL,'0',1,'2013-12-11 20:55:26',1,'2013-12-11 20:55:26'),(587,27,1,'ЭО-2621',NULL,NULL,'0',1,'2013-12-11 20:55:26',1,'2013-12-11 20:55:26'),(588,27,1,'ЭО-2621А                0,25куб.м.',NULL,NULL,'0',1,'2013-12-11 20:55:26',1,'2013-12-11 20:55:26'),(589,27,1,'ЭО-2621В',NULL,NULL,'0',1,'2013-12-11 20:55:26',1,'2013-12-11 20:55:26'),(590,27,1,'ЭО-2621-В-3           0,3куб.м.',NULL,NULL,'0',1,'2013-12-11 20:55:26',1,'2013-12-11 20:55:26'),(591,27,1,'К-606-1',NULL,NULL,'0',1,'2013-12-11 20:55:26',1,'2013-12-11 20:55:26'),(592,27,1,'К-612',NULL,NULL,'0',1,'2013-12-11 20:55:26',1,'2013-12-11 20:55:26'),(593,27,1,'К-406А',NULL,NULL,'0',1,'2013-12-11 20:55:26',1,'2013-12-11 20:55:26'),(594,27,1,'  ЭО 2624',NULL,NULL,'0',1,'2013-12-11 20:55:26',1,'2013-12-11 20:55:26'),(595,27,1,'ЭО-2626',NULL,NULL,'0',1,'2013-12-11 20:55:26',1,'2013-12-11 20:55:26'),(596,27,1,'ЭО-3326                  0,3куб.м.',NULL,NULL,'0',1,'2013-12-11 20:55:26',1,'2013-12-11 20:55:26'),(597,27,1,'ЭО-3322Б',NULL,NULL,'0',1,'2013-12-11 20:55:26',1,'2013-12-11 20:55:26'),(598,27,1,'ЭО-10011',NULL,NULL,'0',1,'2013-12-11 20:55:26',1,'2013-12-11 20:55:26'),(599,27,1,'ЭО-902',NULL,NULL,'0',1,'2013-12-11 20:55:26',1,'2013-12-11 20:55:26'),(600,27,1,'5122А',NULL,NULL,'0',1,'2013-12-11 20:55:26',1,'2013-12-11 20:55:26'),(601,27,1,'Э-302Б',NULL,NULL,'0',1,'2013-12-11 20:55:26',1,'2013-12-11 20:55:26'),(602,27,1,'4321Б',NULL,NULL,'0',1,'2013-12-11 20:55:26',1,'2013-12-11 20:55:26'),(603,27,1,'УДС-114',NULL,NULL,'0',1,'2013-12-11 20:55:26',1,'2013-12-11 20:55:26'),(604,27,1,'1С-30',NULL,NULL,'0',1,'2013-12-11 20:55:26',1,'2013-12-11 20:55:26'),(605,27,1,'- погрузчик  JCB 3CX         1,0куб.м.',NULL,NULL,'0',1,'2013-12-11 20:55:26',1,'2013-12-11 20:55:26'),(606,27,1,'JCB JS160W   0,72куб.м.',NULL,NULL,'0',1,'2013-12-11 20:55:26',1,'2013-12-11 20:55:26'),(607,27,1,'JCB                  0,25куб.м.',NULL,NULL,'0',1,'2013-12-11 20:55:26',1,'2013-12-11 20:55:26'),(608,27,1,'МЕНЗИ-МУК 3000',NULL,NULL,'0',1,'2013-12-11 20:55:26',1,'2013-12-11 20:55:26'),(609,27,1,'ЛИБХЕР A-902           0,8куб.м.',NULL,NULL,'0',1,'2013-12-11 20:55:26',1,'2013-12-11 20:55:26'),(610,27,1,'ЛИБХЕР R974 B Litronic       7,2 тн',NULL,NULL,'0',1,'2013-12-11 20:55:26',1,'2013-12-11 20:55:26'),(611,27,1,'ЛИБХЕР R-902',NULL,NULL,'0',1,'2013-12-11 20:55:26',1,'2013-12-11 20:55:26'),(612,28,1,'Транспортер передвижной РЗ-УТМ',NULL,NULL,'0',1,'2013-12-11 20:55:26',1,'2013-12-11 20:55:26'),(613,28,1,'Прицеп автомобильный ИАПЗ-754В 4,0тн',NULL,NULL,'0',1,'2013-12-11 20:55:26',1,'2013-12-11 20:55:26'),(614,28,1,'Прицеп тракторный (автомобильный) 2ПТС-4М 4,0тн',NULL,NULL,'0',1,'2013-12-11 20:55:26',1,'2013-12-11 20:55:26'),(615,28,1,'Прицеп тракторный (автомобильный) 2ПТС-6    6,0тн',NULL,NULL,'0',1,'2013-12-11 20:55:26',1,'2013-12-11 20:55:26'),(616,28,1,'Прицеп -роспуск',NULL,NULL,'0',1,'2013-12-11 20:55:26',1,'2013-12-11 20:55:26'),(617,28,1,'Прицеп  ОДАЗ-9357',NULL,NULL,'0',1,'2013-12-11 20:55:26',1,'2013-12-11 20:55:26'),(618,28,1,'Полуприцеп тракторный  ОЗТП-8572           13,0тн',NULL,NULL,'0',1,'2013-12-11 20:55:26',1,'2013-12-11 20:55:26'),(619,28,1,'Полуприцеп -тяжеловоз длиной 9м       55,0тн',NULL,NULL,'0',1,'2013-12-11 20:55:26',1,'2013-12-11 20:55:26'),(620,28,1,'Полуприцеп -тяжеловоз длиной 12м   60,0тн',NULL,NULL,'0',1,'2013-12-11 20:55:26',1,'2013-12-11 20:55:26'),(621,28,30,'Полуприцеп ФТ-41ТВ/40\' ф.SYSU 40,0тн',NULL,NULL,'0',1,'2013-12-11 20:55:26',1,'2013-12-11 20:55:26'),(622,28,1,'Шнековый погрузчик КШП-5',NULL,NULL,'0',1,'2013-12-11 20:55:26',1,'2013-12-11 20:55:26'),(623,28,1,'Транспортер передвижной РЗ-УТМ',NULL,NULL,'0',1,'2013-12-11 20:55:26',1,'2013-12-11 20:55:26'),(624,28,1,'Гидр.телескоп.подъемник Р-200 Ай-чи h=25м',NULL,NULL,'0',1,'2013-12-11 20:55:26',1,'2013-12-11 20:55:26'),(625,28,1,'Тракторопогрузчик Валмет Н-240',NULL,NULL,'0',1,'2013-12-11 20:55:26',1,'2013-12-11 20:55:26'),(626,28,1,'Тракторопогрузчик ТО-7(ДТ-75) CМД-14',NULL,NULL,'0',1,'2013-12-11 20:55:26',1,'2013-12-11 20:55:26'),(627,28,1,'Уборочная машина КО-707(МТЗ-80) Д-240',NULL,NULL,'0',1,'2013-12-11 20:55:26',1,'2013-12-11 20:55:26'),(628,28,1,'Полоуборочная машина АМ-СЕРИМАГ 1250',NULL,NULL,'0',1,'2013-12-11 20:55:26',1,'2013-12-11 20:55:26'),(629,28,1,'Уборочная машина КО-705(Т-40) Д-37М',NULL,NULL,'0',1,'2013-12-11 20:55:26',1,'2013-12-11 20:55:26'),(630,28,1,'Двухосный прицеп 3ПТС-13     13,0тн',NULL,NULL,'0',1,'2013-12-11 20:55:26',1,'2013-12-11 20:55:26'),(631,28,1,'Двухосный прицеп ММЗ-768Б  12,0тн',NULL,NULL,'0',1,'2013-12-11 20:55:26',1,'2013-12-11 20:55:26'),(632,28,1,'Двухосный прицеп ММЗ-771    9,0тн',NULL,NULL,'0',1,'2013-12-11 20:55:26',1,'2013-12-11 20:55:26'),(633,28,1,'Прицеп-цистерна 8655-10-03     4,0куб.м.',NULL,NULL,'0',1,'2013-12-11 20:55:26',1,'2013-12-11 20:55:26'),(634,28,1,'Прицеп автомобильный ГКБ-917 4,0тн',NULL,NULL,'0',1,'2013-12-11 20:55:26',1,'2013-12-11 20:55:26'),(635,28,1,'длиной  9м, 60тн',NULL,NULL,'0',1,'2013-12-11 20:55:26',1,'2013-12-11 20:55:26'),(636,28,1,'длиной 12м  50тн',NULL,NULL,'0',1,'2013-12-11 20:55:26',1,'2013-12-11 20:55:26'),(637,28,1,'длиной 12м  60тн',NULL,NULL,'0',1,'2013-12-11 20:55:26',1,'2013-12-11 20:55:26'),(638,28,1,'длиной 12м  70тн',NULL,NULL,'0',1,'2013-12-11 20:55:26',1,'2013-12-11 20:55:26'),(639,28,1,'длиной 12м  80тн',NULL,NULL,'0',1,'2013-12-11 20:55:26',1,'2013-12-11 20:55:26'),(640,28,1,' 40\' РОКО   60тн',NULL,NULL,'0',1,'2013-12-11 20:55:26',1,'2013-12-11 20:55:26'),(641,28,1,'40\' SYSU     40тн',NULL,NULL,'0',1,'2013-12-11 20:55:26',1,'2013-12-11 20:55:26'),(642,28,1,'40\' Аральского з-да      20тн',NULL,NULL,'0',1,'2013-12-11 20:55:26',1,'2013-12-11 20:55:26'),(643,28,1,'40\' Аральского з-да      25тн',NULL,NULL,'0',1,'2013-12-11 20:55:26',1,'2013-12-11 20:55:26'),(644,28,1,'40\' Аральского з-да      40тн',NULL,NULL,'0',1,'2013-12-11 20:55:26',1,'2013-12-11 20:55:26'),(645,28,1,'40\' Планмарин        60тн',NULL,NULL,'0',1,'2013-12-11 20:55:26',1,'2013-12-11 20:55:26'),(646,28,52,'40/60GN  40\'           60тн',NULL,NULL,'0',1,'2013-12-11 20:55:26',1,'2013-12-11 20:55:26'),(647,28,53,'RT 60/80 Сиком      80тн',NULL,NULL,'0',1,'2013-12-11 20:55:26',1,'2013-12-11 20:55:26'),(648,28,54,'RT 40/70 Блесте    70тн',NULL,NULL,'0',1,'2013-12-11 20:55:26',1,'2013-12-11 20:55:26'),(649,28,53,'RT 40/60 Сиком     60тн',NULL,NULL,'0',1,'2013-12-11 20:55:26',1,'2013-12-11 20:55:26'),(650,28,1,'20/60',NULL,NULL,'0',1,'2013-12-11 20:55:26',1,'2013-12-11 20:55:26'),(651,28,1,'40/60',NULL,NULL,'0',1,'2013-12-11 20:55:26',1,'2013-12-11 20:55:26'),(652,28,30,'Полуприцеп портовый СИСУ FT-41 TB       41тн',NULL,NULL,'0',1,'2013-12-11 20:55:26',1,'2013-12-11 20:55:26'),(653,28,1,'Бункер',NULL,NULL,'0',1,'2013-12-11 20:55:26',1,'2013-12-11 20:55:26'),(654,28,1,'Бункер самоходный',NULL,NULL,'0',1,'2013-12-11 20:55:26',1,'2013-12-11 20:55:26'),(655,28,1,'Грейфер 6051 зерн. 5тн 0,7-0,8т/м.куб.',NULL,NULL,'0',1,'2013-12-11 20:55:26',1,'2013-12-11 20:55:26'),(656,28,1,'Грейфер 925 лесн.10тн',NULL,NULL,'0',1,'2013-12-11 20:55:26',1,'2013-12-11 20:55:26'),(657,28,1,'Грейфер 4715 угольн.10тн 0,8-1,05т/м.куб.',NULL,NULL,'0',1,'2013-12-11 20:55:26',1,'2013-12-11 20:55:26'),(658,28,1,'Грейфер 4715М зерн.10тн 0,7-0,8т/м.куб.',NULL,NULL,'0',1,'2013-12-11 20:55:26',1,'2013-12-11 20:55:26'),(659,28,1,'Грейфер 4735 рудн.10тн 2,0-2,6т/м.куб.',NULL,NULL,'0',1,'2013-12-11 20:55:26',1,'2013-12-11 20:55:26'),(660,28,1,'Грейфер 5038 рудн.10тн 1,5-1,8т/м.куб.',NULL,NULL,'0',1,'2013-12-11 20:55:26',1,'2013-12-11 20:55:26'),(661,28,1,'Грейфер 5684 зерн.10тн 0,7-0,8т/м.куб.',NULL,NULL,'0',1,'2013-12-11 20:55:26',1,'2013-12-11 20:55:26'),(662,28,1,'Грейфер 6050М рудн.10тн 1,5-1,9т/м.куб.',NULL,NULL,'0',1,'2013-12-11 20:55:26',1,'2013-12-11 20:55:26'),(663,28,1,'Грейфер 4011М рудн.16тн 1,5-1,8т/м.куб.',NULL,NULL,'0',1,'2013-12-11 20:55:26',1,'2013-12-11 20:55:26'),(664,28,1,'Грейфер 5366 рудн.16тн 2,5-3,2т/м.куб.',NULL,NULL,'0',1,'2013-12-11 20:55:26',1,'2013-12-11 20:55:26'),(665,28,1,'Грейфер 6052М 16тн 1,05-1,6т/м.куб.',NULL,NULL,'0',1,'2013-12-11 20:55:26',1,'2013-12-11 20:55:26'),(666,28,1,'Контейнерная рама 20\'',NULL,NULL,'0',1,'2013-12-11 20:55:26',1,'2013-12-11 20:55:26'),(667,28,1,'Контейнерная рама 40\'',NULL,NULL,'0',1,'2013-12-11 20:55:26',1,'2013-12-11 20:55:26'),(668,28,1,'Захват трубный',NULL,NULL,'0',1,'2013-12-11 20:55:26',1,'2013-12-11 20:55:26'),(669,28,1,'Балансир 20тн',NULL,NULL,'0',1,'2013-12-11 20:55:26',1,'2013-12-11 20:55:26'),(670,28,1,'Балансир 40тн',NULL,NULL,'0',1,'2013-12-11 20:55:26',1,'2013-12-11 20:55:26'),(671,28,1,'Балансир 80тн',NULL,NULL,'0',1,'2013-12-11 20:55:26',1,'2013-12-11 20:55:26'),(672,28,1,'Лифт грузовой 0,1тн',NULL,NULL,'0',1,'2013-12-11 20:55:26',1,'2013-12-11 20:55:26'),(673,28,1,'Лифт грузовой 0,5тн',NULL,NULL,'0',1,'2013-12-11 20:55:26',1,'2013-12-11 20:55:26'),(674,28,1,'Лифт грузовой 5,0тн',NULL,NULL,'0',1,'2013-12-11 20:55:26',1,'2013-12-11 20:55:26'),(675,28,1,'Разбрасыватель ПРМТ-4  4,0тн',NULL,NULL,'0',1,'2013-12-11 20:55:26',1,'2013-12-11 20:55:26'),(676,28,1,'Разбрасыватель МВУ-5   6,0тн',NULL,NULL,'0',1,'2013-12-11 20:55:26',1,'2013-12-11 20:55:26'),(677,28,1,'Моечная машина HDW-1200',NULL,NULL,'0',1,'2013-12-11 20:55:26',1,'2013-12-11 20:55:26'),(678,28,1,'Моечная машина HDS-1210',NULL,NULL,'0',1,'2013-12-11 20:55:26',1,'2013-12-11 20:55:26'),(679,28,1,'Маpкиpовочная машина ДЭ-3А',NULL,NULL,'0',1,'2013-12-11 20:55:26',1,'2013-12-11 20:55:26'),(680,28,1,'Грейфер FMD лесн.16тн 1,05-1,6т/м.куб.',NULL,NULL,'0',1,'2013-12-11 20:55:26',1,'2013-12-11 20:55:26'),(681,28,1,'Автомобиль ВАЗ-21011',NULL,NULL,'0',1,'2013-12-11 20:55:26',1,'2013-12-11 20:55:26'),(682,28,1,'Автомобиль РАФ-2203',NULL,NULL,'0',1,'2013-12-11 20:55:26',1,'2013-12-11 20:55:26'),(683,28,1,'Тракторопогрузчик САТERPILLAR-931C',NULL,NULL,'0',1,'2013-12-11 20:55:26',1,'2013-12-11 20:55:26'),(684,28,1,'Ун.дор.машина К-702МВ-УДМ',NULL,NULL,'0',1,'2013-12-11 20:55:26',1,'2013-12-11 20:55:26'),(685,28,1,'Маркировочная машина ДЭ-3А',NULL,NULL,'0',1,'2013-12-11 20:55:26',1,'2013-12-11 20:55:26'),(686,28,1,'Автобус ПАЗ-3205',NULL,NULL,'0',1,'2013-12-11 20:55:26',1,'2013-12-11 20:55:26'),(687,28,1,'Автомобиль ЗИЛ-431416',NULL,NULL,'0',1,'2013-12-11 20:55:26',1,'2013-12-11 20:55:26'),(688,28,1,'Автомобиль ГАЗ-52',NULL,NULL,'0',1,'2013-12-11 20:55:26',1,'2013-12-11 20:55:26'),(689,28,1,'Автомобиль ГАЗ-3307',NULL,NULL,'0',1,'2013-12-11 20:55:26',1,'2013-12-11 20:55:26'),(690,28,1,'Стенд шиномонтажный Stahlgruber 14\'-26\'',NULL,NULL,'0',1,'2013-12-11 20:55:26',1,'2013-12-11 20:55:26'),(691,28,1,'Самосвал МАЗ-5551',NULL,NULL,'0',1,'2013-12-11 20:55:26',1,'2013-12-11 20:55:26'),(692,28,1,'Автомобиль М-21251',NULL,NULL,'0',1,'2013-12-11 20:55:26',1,'2013-12-11 20:55:26'),(693,28,1,'Тракторопогрузчик LIEBHERR LR-611M 1.2 куб.м.',NULL,NULL,'0',1,'2013-12-11 20:55:26',1,'2013-12-11 20:55:26'),(694,28,1,'Поливочная машина КО-713Н',NULL,NULL,'0',1,'2013-12-11 20:55:26',1,'2013-12-11 20:55:26'),(695,28,1,'Подметально-уборочная машина ММЗ-ПУ(ЗИЛ-431410)',NULL,NULL,'0',1,'2013-12-11 20:55:26',1,'2013-12-11 20:55:26'),(696,28,1,'Снегоочиститель С-4М',NULL,NULL,'0',1,'2013-12-11 20:55:26',1,'2013-12-11 20:55:26'),(697,28,1,'Снегоочиститель с оборуд. УМ.Т80 МТЗ-82.1.57',NULL,NULL,'0',1,'2013-12-11 20:55:26',1,'2013-12-11 20:55:26'),(698,28,1,' Снегоочиститель  МТЗ-82.1.57. У1',NULL,NULL,'0',1,'2013-12-11 20:55:26',1,'2013-12-11 20:55:26'),(699,28,1,'Уборочная машина Д-447М МТЗ-82',NULL,NULL,'0',1,'2013-12-11 20:55:26',1,'2013-12-11 20:55:26'),(700,28,1,'Уборочная машина ПФС-075-13 МТЗ-82',NULL,NULL,'0',1,'2013-12-11 20:55:26',1,'2013-12-11 20:55:26'),(701,2,4,'НОВАЯ','Самые Плохие Характеристики',NULL,NULL,1,'2013-12-16 17:04:09',NULL,NULL);
/*!40000 ALTER TABLE `models` ENABLE KEYS */;
UNLOCK TABLES;

--
-- Table structure for table `ports`
--

DROP TABLE IF EXISTS `ports`;
/*!40101 SET @saved_cs_client     = @@character_set_client */;
/*!40101 SET character_set_client = utf8 */;
CREATE TABLE `ports` (
  `port_id` int(11) NOT NULL AUTO_INCREMENT,
  `country_id` int(11) DEFAULT NULL,
  `name` varchar(45) NOT NULL,
  `full_name` varchar(100) DEFAULT NULL,
  `port_note` text,
  `archived` varchar(1) DEFAULT NULL,
  `create_date` datetime NOT NULL,
  `create_user_id` int(11) NOT NULL,
  `update_date` datetime NOT NULL,
  `update_user_id` int(11) NOT NULL,
  PRIMARY KEY (`port_id`)
) ENGINE=InnoDB AUTO_INCREMENT=66 DEFAULT CHARSET=utf8;
/*!40101 SET character_set_client = @saved_cs_client */;

--
-- Dumping data for table `ports`
--

LOCK TABLES `ports` WRITE;
/*!40000 ALTER TABLE `ports` DISABLE KEYS */;
INSERT INTO `ports` VALUES (1,1,'Алексан.-на-Сахалине','ОАО \"Александровский-на-Сахалине Морской порт\"',NULL,NULL,'2013-12-04 15:13:54',1,'2013-12-04 15:13:54',1),(2,1,'Амдерминский','ОАО \"Амдерминский морской торговый порт\"',NULL,NULL,'2013-12-04 15:13:54',1,'2013-12-04 15:13:54',1),(3,1,'Анадырский','ОАО \"Анадырский морской торговый порт\"',NULL,NULL,'2013-12-04 15:13:54',1,'2013-12-04 15:13:54',1),(4,1,'Анапский','Предприятие \"Морской порт Анапа\"',NULL,NULL,'2013-12-04 15:13:54',1,'2013-12-04 15:13:54',1),(5,1,'Архангельский','ОАО \"Архангельский морской торговый порт\"',NULL,NULL,'2013-12-04 15:13:54',1,'2013-12-04 15:13:54',1),(6,1,'Беринговский','Гп\"Беринговский морской торговый порт\"',NULL,NULL,'2013-12-04 15:13:54',1,'2013-12-04 15:13:54',1),(7,1,'Бошняковский','ЗАО\"Морской торговый порт Бошняково\"',NULL,NULL,'2013-12-04 15:13:54',1,'2013-12-04 15:13:54',1),(8,1,'Ванинский','ОАО \"Ванинский морской торговый порт\"',NULL,NULL,'2013-12-04 15:13:54',1,'2013-12-04 15:13:54',1),(9,1,'Владивостокский','ОАО \"Владивостокский морской торговый порт\"',NULL,NULL,'2013-12-04 15:13:54',1,'2013-12-04 15:13:54',1),(10,1,'Восточный','ОАО \"Восточный порт\"',NULL,NULL,'2013-12-04 15:13:54',1,'2013-12-04 15:13:54',1),(11,1,'Выборгский','ООО \"Порт  Выборский\"',NULL,NULL,'2013-12-04 15:13:54',1,'2013-12-04 15:13:54',1),(12,1,'Высоцкий','ООО \"Порт Высоцкий\"',NULL,NULL,'2013-12-04 15:13:54',1,'2013-12-04 15:13:54',1),(13,1,'Геленжикский','ЗАО \"Геленжикский морской порт\"',NULL,NULL,'2013-12-04 15:13:54',1,'2013-12-04 15:13:54',1),(14,1,'Калининградский','ОАО \"Калининградский морской торговый порт \"',NULL,NULL,'2013-12-04 15:13:54',1,'2013-12-04 15:13:54',1),(15,1,'Кандалакшский','ЗАО \"Кандалакшский морской торговый порт\"',NULL,NULL,'2013-12-04 15:13:54',1,'2013-12-04 15:13:54',1),(16,1,'Корсаковский','ОАО \"Корсаковский морской торговый порт\"',NULL,NULL,'2013-12-04 15:13:54',1,'2013-12-04 15:13:54',1),(17,1,'Красногорский','ОАО \"Красногорский морской торговый порт\"',NULL,NULL,'2013-12-04 15:13:54',1,'2013-12-04 15:13:54',1),(18,1,'Магаданский','ОАО \"Магаданский морской торговый порт\"',NULL,NULL,'2013-12-04 15:13:54',1,'2013-12-04 15:13:54',1),(19,1,'Махачкалинский','ФГУП \"Махачкалинский междунар.морск. торг. порт\"',NULL,NULL,'2013-12-04 15:13:54',1,'2013-12-04 15:13:54',1),(20,1,'Мезенский','ОАО \"Мезенский морской торговый порт\"',NULL,NULL,'2013-12-04 15:13:54',1,'2013-12-04 15:13:54',1),(21,1,'Мурманский','ОАО \"Мурманский морской торговый порт\"',NULL,NULL,'2013-12-04 15:13:54',1,'2013-12-04 15:13:54',1),(22,1,'Нарьян-Марский','ОАО \"Нарьян-Марский морской тоговый порт\"',NULL,NULL,'2013-12-04 15:13:54',1,'2013-12-04 15:13:54',1),(23,1,'Находкинский','ОАО \"Находкинский морской торговый порт\"',NULL,NULL,'2013-12-04 15:13:54',1,'2013-12-04 15:13:54',1),(24,1,'Находкин.Нефтепорт','ОАО \"Находкинский нефтеналивной морской торг.порт\"',NULL,NULL,'2013-12-04 15:13:54',1,'2013-12-04 15:13:54',1),(25,1,'Николаевск-на-Амуре','ОАО \"Николаевский-на-Амуре морской порт\"',NULL,NULL,'2013-12-04 15:13:54',1,'2013-12-04 15:13:54',1),(26,1,'Новороссийский','ОАО \"Новороссийский морской торговый порт\"',NULL,NULL,'2013-12-04 15:13:54',1,'2013-12-04 15:13:54',1),(27,1,'Онежский','Онежский морской торговый порт',NULL,NULL,'2013-12-04 15:13:54',1,'2013-12-04 15:13:54',1),(28,1,'Певекский','ОАО \"Морской торговый порт Певек',NULL,NULL,'2013-12-04 15:13:54',1,'2013-12-04 15:13:54',1),(29,1,'Петропавловск Камч.','ОАО \"Петропавловск-Камчатский морской торг. порт\"',NULL,NULL,'2013-12-04 15:13:54',1,'2013-12-04 15:13:54',1),(30,1,'Поронайский','Поронайский морской торговый порт',NULL,NULL,'2013-12-04 15:13:54',1,'2013-12-04 15:13:54',1),(31,1,'Посьет','ОАО \"Торговый порт Посьет\"',NULL,NULL,'2013-12-04 15:13:54',1,'2013-12-04 15:13:54',1),(32,1,'Провиденский','ОАО\" Морской порт Провидения\"',NULL,NULL,'2013-12-04 15:13:54',1,'2013-12-04 15:13:54',1),(33,1,'С-Петербургский','ОАО \"Морской порт Санкт-Петербург\"',NULL,NULL,'2013-12-04 15:13:54',1,'2013-12-04 15:13:54',1),(34,1,'Сочинский','ОАО \"Сочинский морской торговый порт\"',NULL,NULL,'2013-12-04 15:13:54',1,'2013-12-04 15:13:54',1),(35,1,'Таганрогский','ОАО \"Таганрогский морской торговый порт\"',NULL,NULL,'2013-12-04 15:13:54',1,'2013-12-04 15:13:54',1),(36,1,'Темрюкский','ОАО \"Морской торговый порт Темрюк\"',NULL,NULL,'2013-12-04 15:13:54',1,'2013-12-04 15:13:54',1),(37,1,'Тиксинский','ОАО \"Тиксинский морской торговый порт\"',NULL,NULL,'2013-12-04 15:13:54',1,'2013-12-04 15:13:54',1),(38,1,'Туапсинский','ОАО \"Туапсинский морской торговый порт\"',NULL,NULL,'2013-12-04 15:13:54',1,'2013-12-04 15:13:54',1),(39,1,'Углегорский','ЗАО\"Углегорский морской торговый порт\"',NULL,NULL,'2013-12-04 15:13:54',1,'2013-12-04 15:13:54',1),(40,1,'Усть-Камчатский','ОАО \"Усть-Камчатский морской торговый порт\"',NULL,NULL,'2013-12-04 15:13:54',1,'2013-12-04 15:13:54',1),(41,1,'Хатангский','ГП \"Морской торговый порт Хатанга\".',NULL,NULL,'2013-12-04 15:13:54',1,'2013-12-04 15:13:54',1),(42,1,'Холмский','ОАО \"Холмский морской торговый порт\"',NULL,NULL,'2013-12-04 15:13:54',1,'2013-12-04 15:13:54',1),(43,1,'Шахтерский','ОАО\" Шахтерский морской торговый порт',NULL,NULL,'2013-12-04 15:13:54',1,'2013-12-04 15:13:54',1),(44,1,'Эквикинот','ОАО \"Морской торговый порт Эквекинот\"',NULL,NULL,'2013-12-04 15:13:54',1,'2013-12-04 15:13:54',1),(45,1,'Ейский','ОАО \"Ейский морской порт\"',NULL,NULL,'2013-12-04 15:13:54',1,'2013-12-04 15:13:54',1);
/*!40000 ALTER TABLE `ports` ENABLE KEYS */;
UNLOCK TABLES;

--
-- Table structure for table `roles`
--

DROP TABLE IF EXISTS `roles`;
/*!40101 SET @saved_cs_client     = @@character_set_client */;
/*!40101 SET character_set_client = utf8 */;
CREATE TABLE `roles` (
  `id` int(6) NOT NULL AUTO_INCREMENT,
  `role` varchar(20) NOT NULL,
  PRIMARY KEY (`id`)
) ENGINE=InnoDB AUTO_INCREMENT=4 DEFAULT CHARSET=utf8;
/*!40101 SET character_set_client = @saved_cs_client */;

--
-- Dumping data for table `roles`
--

LOCK TABLES `roles` WRITE;
/*!40000 ALTER TABLE `roles` DISABLE KEYS */;
INSERT INTO `roles` VALUES (1,'admin'),(2,'moderator'),(3,'guest');
/*!40000 ALTER TABLE `roles` ENABLE KEYS */;
UNLOCK TABLES;

--
-- Table structure for table `stevidors`
--

DROP TABLE IF EXISTS `stevidors`;
/*!40101 SET @saved_cs_client     = @@character_set_client */;
/*!40101 SET character_set_client = utf8 */;
CREATE TABLE `stevidors` (
  `stevidor_id` int(11) NOT NULL AUTO_INCREMENT,
  `port_id` int(11) DEFAULT NULL,
  `name` varchar(45) NOT NULL,
  `name_eng` varchar(45) DEFAULT NULL,
  `full_name` varchar(100) DEFAULT NULL,
  `stevidor_note` text,
  `archived` varchar(1) DEFAULT NULL,
  `create_date` datetime NOT NULL,
  `create_user_id` int(11) NOT NULL,
  `update_date` datetime NOT NULL,
  `update_user_id` int(11) NOT NULL,
  PRIMARY KEY (`stevidor_id`)
) ENGINE=InnoDB AUTO_INCREMENT=66 DEFAULT CHARSET=utf8;
/*!40101 SET character_set_client = @saved_cs_client */;

--
-- Dumping data for table `stevidors`
--

LOCK TABLES `stevidors` WRITE;
/*!40000 ALTER TABLE `stevidors` DISABLE KEYS */;
INSERT INTO `stevidors` VALUES (1,1,'Алексан.-на-Сахалине',NULL,'ОАО \"Александровский-на-Сахалине Морской порт\"',NULL,NULL,'2013-12-04 15:13:54',1,'2013-12-04 15:13:54',1),(2,2,'Амдерминский',NULL,'ОАО \"Амдерминский морской торговый порт\"',NULL,NULL,'2013-12-04 15:13:54',1,'2013-12-04 15:13:54',1),(3,2,'Анадырский',NULL,'ОАО \"Анадырский морской торговый порт\"',NULL,NULL,'2013-12-04 15:13:54',1,'2013-12-14 11:31:12',1),(4,2,'Анапский',NULL,'Предприятие \"Морской порт Анапа\"',NULL,NULL,'2013-12-04 15:13:54',1,'2013-12-14 21:52:33',1),(5,5,'Архангельский',NULL,'ОАО \"Архангельский морской торговый порт\"',NULL,NULL,'2013-12-04 15:13:54',1,'2013-12-04 15:13:54',1),(6,6,'Беринговский',NULL,'ГП \"Беринговский морской торговый порт\"',NULL,NULL,'2013-12-04 15:13:54',1,'2013-12-04 15:13:54',1),(7,7,'Бошняковский',NULL,'ЗАО\"Морской торговый порт Бошняково\"',NULL,NULL,'2013-12-04 15:13:54',1,'2013-12-04 15:13:54',1),(8,8,'Ванинский',NULL,'ОАО \"Ванинский морской торговый порт\"',NULL,NULL,'2013-12-04 15:13:54',1,'2013-12-04 15:13:54',1),(9,9,'Владивостокский',NULL,'ОАО \"Владивостокский морской торговый порт\"',NULL,NULL,'2013-12-04 15:13:54',1,'2013-12-04 15:13:54',1),(10,10,'Восточный',NULL,'ОАО \"Восточный порт\"',NULL,NULL,'2013-12-04 15:13:54',1,'2013-12-04 15:13:54',1),(11,11,'Выборгский',NULL,'ООО \"Порт  Выборгский\"',NULL,NULL,'2013-12-04 15:13:54',1,'2013-12-04 15:13:54',1),(12,12,'Высоцкий',NULL,'ООО \"Порт Высоцкий\"',NULL,NULL,'2013-12-04 15:13:54',1,'2013-12-04 15:13:54',1),(13,13,'Геленжикский',NULL,'ЗАО \"Геленжикский морской порт\"',NULL,NULL,'2013-12-04 15:13:54',1,'2013-12-04 15:13:54',1),(14,14,'Калининградский',NULL,'ОАО \"Калининградский морской торговый порт \"',NULL,NULL,'2013-12-04 15:13:54',1,'2013-12-04 15:13:54',1),(15,15,'Кандалакшский',NULL,'ЗАО \"Кандалакшский морской торговый порт\"',NULL,NULL,'2013-12-04 15:13:54',1,'2013-12-04 15:13:54',1),(16,16,'Корсаковский',NULL,'ОАО \"Корсаковский морской торговый порт\"',NULL,NULL,'2013-12-04 15:13:54',1,'2013-12-04 15:13:54',1),(17,17,'Красногорский',NULL,'ОАО \"Красногорский морской торговый порт\"',NULL,NULL,'2013-12-04 15:13:54',1,'2013-12-04 15:13:54',1),(18,18,'Магаданский',NULL,'ОАО \"Магаданский морской торговый порт\"',NULL,NULL,'2013-12-04 15:13:54',1,'2013-12-04 15:13:54',1),(19,19,'Махачкалинский',NULL,'ФГУП \"Махачкалинский междунар.морск. торг. порт\"',NULL,NULL,'2013-12-04 15:13:54',1,'2013-12-04 15:13:54',1),(20,20,'Мезенский',NULL,'ОАО \"Мезенский морской торговый порт\"',NULL,NULL,'2013-12-04 15:13:54',1,'2013-12-04 15:13:54',1),(21,21,'Мурманский',NULL,'ОАО \"Мурманский морской торговый порт\"',NULL,NULL,'2013-12-04 15:13:54',1,'2013-12-04 15:13:54',1),(22,22,'Нарьян-Марский',NULL,'ОАО \"Нарьян-Марский морской тоговый порт\"',NULL,NULL,'2013-12-04 15:13:54',1,'2013-12-04 15:13:54',1),(23,23,'Находкинский',NULL,'ОАО \"Находкинский морской торговый порт\"',NULL,NULL,'2013-12-04 15:13:54',1,'2013-12-04 15:13:54',1),(24,24,'Находкин.Нефтепорт',NULL,'ОАО \"Находкинский нефтеналивной морской торг.порт\"',NULL,NULL,'2013-12-04 15:13:54',1,'2013-12-04 15:13:54',1),(25,25,'Николаевск-на-Амуре',NULL,'ОАО \"Николаевский-на-Амуре морской порт\"',NULL,NULL,'2013-12-04 15:13:54',1,'2013-12-04 15:13:54',1),(26,26,'Новороссийский',NULL,'ОАО \"Новороссийский морской торговый порт\"',NULL,NULL,'2013-12-04 15:13:54',1,'2013-12-04 15:13:54',1),(27,27,'Онежский',NULL,'Онежский морской торговый порт',NULL,NULL,'2013-12-04 15:13:54',1,'2013-12-04 15:13:54',1),(28,28,'Певекский',NULL,'ОАО \"Морской торговый порт Певек',NULL,NULL,'2013-12-04 15:13:54',1,'2013-12-04 15:13:54',1),(29,29,'Петропавловск Камч.',NULL,'ОАО \"Петропавловск-Камчатский морской торг. порт\"',NULL,NULL,'2013-12-04 15:13:54',1,'2013-12-04 15:13:54',1),(30,30,'Поронайский',NULL,'Поронайский морской торговый порт',NULL,NULL,'2013-12-04 15:13:54',1,'2013-12-04 15:13:54',1),(31,31,'Посьет',NULL,'ОАО \"Торговый порт Посьет\"',NULL,NULL,'2013-12-04 15:13:54',1,'2013-12-04 15:13:54',1),(32,32,'Провиденский',NULL,'ОАО\" Морской порт Провидения\"',NULL,NULL,'2013-12-04 15:13:54',1,'2013-12-04 15:13:54',1),(33,33,'С-Петербургский',NULL,'ОАО \"Морской порт Санкт-Петербург\"',NULL,NULL,'2013-12-04 15:13:54',1,'2013-12-04 15:13:54',1),(34,34,'Сочинский',NULL,'ОАО \"Сочинский морской торговый порт\"',NULL,NULL,'2013-12-04 15:13:54',1,'2013-12-04 15:13:54',1),(35,35,'Таганрогский',NULL,'ОАО \"Таганрогский морской торговый порт\"',NULL,NULL,'2013-12-04 15:13:54',1,'2013-12-04 15:13:54',1),(36,36,'Темрюкский',NULL,'ОАО \"Морской торговый порт Темрюк\"',NULL,NULL,'2013-12-04 15:13:54',1,'2013-12-04 15:13:54',1),(37,37,'Тиксинский',NULL,'ОАО \"Тиксинский морской торговый порт\"',NULL,NULL,'2013-12-04 15:13:54',1,'2013-12-04 15:13:54',1),(38,38,'Туапсинский',NULL,'ОАО \"Туапсинский морской торговый порт\"',NULL,NULL,'2013-12-04 15:13:54',1,'2013-12-04 15:13:54',1),(39,39,'Углегорский',NULL,'ЗАО \"Углегорский морской торговый порт\"',NULL,NULL,'2013-12-04 15:13:54',1,'2013-12-04 15:13:54',1),(40,40,'Усть-Камчатский',NULL,'ОАО \"Усть-Камчатский морской торговый порт\"',NULL,NULL,'2013-12-04 15:13:54',1,'2013-12-04 15:13:54',1),(41,41,'Хатангский',NULL,'ГП \"Морской торговый порт Хатанга\".',NULL,NULL,'2013-12-04 15:13:54',1,'2013-12-04 15:13:54',1),(42,42,'Холмский',NULL,'ОАО \"Холмский морской торговый порт\"',NULL,NULL,'2013-12-04 15:13:54',1,'2013-12-04 15:13:54',1),(43,43,'Шахтерский',NULL,'ОАО \"Шахтерский морской торговый порт',NULL,NULL,'2013-12-04 15:13:54',1,'2013-12-04 15:13:54',1),(44,44,'Эквикинот',NULL,'ОАО \"Морской торговый порт Эквекинот\"',NULL,NULL,'2013-12-04 15:13:54',1,'2013-12-04 15:13:54',1),(45,45,'Ейский',NULL,'ОАО \"Ейский морской порт\"',NULL,NULL,'2013-12-04 15:13:54',1,'2013-12-04 15:13:54',1),(46,33,'С-Петербургский',NULL,'ОАО \"Балтийский балкерный терминал\"',NULL,NULL,'2013-12-04 15:13:55',2,'2013-12-04 15:13:55',1),(47,33,'С-Петербургский',NULL,'ОАО \"Петролеспорт\"',NULL,NULL,'2013-12-04 15:13:56',3,'2013-12-04 15:13:56',1),(48,33,'С-Петербургский',NULL,'ОАО \"Усть-Лужский морской порт\"',NULL,NULL,'2013-12-04 15:13:57',4,'2013-12-04 15:13:57',1);
/*!40000 ALTER TABLE `stevidors` ENABLE KEYS */;
UNLOCK TABLES;

--
-- Table structure for table `user_roles`
--

DROP TABLE IF EXISTS `user_roles`;
/*!40101 SET @saved_cs_client     = @@character_set_client */;
/*!40101 SET character_set_client = utf8 */;
CREATE TABLE `user_roles` (
  `user_id` int(6) NOT NULL,
  `role_id` int(6) NOT NULL,
  PRIMARY KEY (`user_id`),
  UNIQUE KEY `user_id_UNIQUE` (`user_id`),
  KEY `user` (`user_id`),
  KEY `role` (`role_id`)
) ENGINE=InnoDB DEFAULT CHARSET=utf8;
/*!40101 SET character_set_client = @saved_cs_client */;

--
-- Dumping data for table `user_roles`
--

LOCK TABLES `user_roles` WRITE;
/*!40000 ALTER TABLE `user_roles` DISABLE KEYS */;
INSERT INTO `user_roles` VALUES (1,1);
/*!40000 ALTER TABLE `user_roles` ENABLE KEYS */;
UNLOCK TABLES;

--
-- Table structure for table `users`
--

DROP TABLE IF EXISTS `users`;
/*!40101 SET @saved_cs_client     = @@character_set_client */;
/*!40101 SET character_set_client = utf8 */;
CREATE TABLE `users` (
  `id` int(11) NOT NULL AUTO_INCREMENT,
  `country_id` int(11) NOT NULL,
  `stevidor_id` int(11) NOT NULL,
  `port_id` int(11) NOT NULL,
  `first_name` varchar(45) NOT NULL,
  `last_name` varchar(45) NOT NULL,
  `middle_initial` varchar(45) DEFAULT NULL,
  `user_email` varchar(45) NOT NULL,
  `login` varchar(45) NOT NULL,
  `password` varchar(45) NOT NULL,
  `division` varchar(45) DEFAULT NULL,
  `occupation` varchar(45) DEFAULT NULL,
  `user_note` text,
  `archived` varchar(1) DEFAULT NULL,
  `create_date` date NOT NULL,
  `update_date` date NOT NULL,
  `update_user_id` int(11) DEFAULT NULL,
  PRIMARY KEY (`id`)
) ENGINE=InnoDB AUTO_INCREMENT=2 DEFAULT CHARSET=utf8;
/*!40101 SET character_set_client = @saved_cs_client */;

--
-- Dumping data for table `users`
--

LOCK TABLES `users` WRITE;
/*!40000 ALTER TABLE `users` DISABLE KEYS */;
INSERT INTO `users` VALUES (1,1,9,9,'Виталий','Скворцов','Владимирович','vetal@mail.ru','vetal@mail.ru','111111','111111','111111',NULL,NULL,'2013-12-18','2013-12-18',NULL);
/*!40000 ALTER TABLE `users` ENABLE KEYS */;
UNLOCK TABLES;
/*!40103 SET TIME_ZONE=@OLD_TIME_ZONE */;

/*!40101 SET SQL_MODE=@OLD_SQL_MODE */;
/*!40014 SET FOREIGN_KEY_CHECKS=@OLD_FOREIGN_KEY_CHECKS */;
/*!40014 SET UNIQUE_CHECKS=@OLD_UNIQUE_CHECKS */;
/*!40101 SET CHARACTER_SET_CLIENT=@OLD_CHARACTER_SET_CLIENT */;
/*!40101 SET CHARACTER_SET_RESULTS=@OLD_CHARACTER_SET_RESULTS */;
/*!40101 SET COLLATION_CONNECTION=@OLD_COLLATION_CONNECTION */;
/*!40111 SET SQL_NOTES=@OLD_SQL_NOTES */;

-- Dump completed on 2013-12-18 23:11:10
