-- phpMyAdmin SQL Dump
-- version 4.0.9
-- http://www.phpmyadmin.net
--
-- Host: 127.0.0.1
-- Generation Time: Dec 17, 2013 at 02:09 AM
-- Server version: 5.6.14
-- PHP Version: 5.4.22

SET SQL_MODE = "NO_AUTO_VALUE_ON_ZERO";
SET time_zone = "+00:00";


/*!40101 SET @OLD_CHARACTER_SET_CLIENT=@@CHARACTER_SET_CLIENT */;
/*!40101 SET @OLD_CHARACTER_SET_RESULTS=@@CHARACTER_SET_RESULTS */;
/*!40101 SET @OLD_COLLATION_CONNECTION=@@COLLATION_CONNECTION */;
/*!40101 SET NAMES utf8 */;

--
-- Database: `viking`
--

-- --------------------------------------------------------

--
-- Table structure for table `countries`
--

DROP TABLE IF EXISTS `countries`;
CREATE TABLE IF NOT EXISTS `countries` (
  `country_id` int(11) NOT NULL,
  `name_rus` varchar(45) NOT NULL,
  `name_en` varchar(45) DEFAULT NULL,
  `archived` varchar(1) DEFAULT NULL,
  `country_note` text,
  `create_date` datetime NOT NULL,
  `create_user_id` int(11) NOT NULL,
  `update_date` datetime NOT NULL,
  `update_user_id` int(11) NOT NULL,
  PRIMARY KEY (`country_id`)
) ENGINE=InnoDB DEFAULT CHARSET=utf8;

--
-- Dumping data for table `countries`
--

INSERT INTO `countries` (`country_id`, `name_rus`, `name_en`, `archived`, `country_note`, `create_date`, `create_user_id`, `update_date`, `update_user_id`) VALUES
(1, 'Россия', 'Russia', NULL, NULL, '2013-12-03 16:30:09', 1, '2013-12-03 16:30:09', 1),
(2, 'Украина', NULL, NULL, NULL, '2013-12-03 16:30:09', 1, '2013-12-03 16:30:09', 1),
(3, 'Латвия', NULL, NULL, NULL, '2013-12-03 16:30:09', 1, '2013-12-03 16:30:09', 1),
(20, 'Россия', 'Russia', NULL, NULL, '2013-12-10 17:34:46', 1, '2013-12-10 17:34:46', 1);

-- --------------------------------------------------------

--
-- Table structure for table `groups`
--

DROP TABLE IF EXISTS `groups`;
CREATE TABLE IF NOT EXISTS `groups` (
  `group_id` int(11) NOT NULL,
  `name` varchar(60) NOT NULL,
  `create_date` datetime DEFAULT NULL,
  `create_user_id` int(11) DEFAULT NULL,
  `update_date` datetime DEFAULT NULL,
  `update_user_id` int(11) DEFAULT NULL,
  PRIMARY KEY (`group_id`)
) ENGINE=InnoDB DEFAULT CHARSET=utf8;

--
-- Dumping data for table `groups`
--

INSERT INTO `groups` (`group_id`, `name`, `create_date`, `create_user_id`, `update_date`, `update_user_id`) VALUES
(1, 'Портальные краны', '2013-12-11 20:54:15', 1, '2013-12-11 20:54:15', 1),
(2, 'Мобильные портальные краны', '2013-12-11 20:54:15', 1, '2013-12-11 20:54:15', 1),
(3, 'Мобильные краны', '2013-12-11 20:54:15', 1, '2013-12-11 20:54:15', 1),
(4, 'Краны-манипуляторы', '2013-12-11 20:54:15', 1, '2013-12-11 20:54:15', 1),
(5, 'Пневмоколесные краны', '2013-12-11 20:54:15', 1, '2013-12-11 20:54:15', 1),
(6, 'Автомобильные краны', '2013-12-11 20:54:15', 1, '2013-12-11 20:54:15', 1),
(7, 'Железнодорожные краны', '2013-12-11 20:54:15', 1, '2013-12-11 20:54:15', 1),
(8, 'Гусеничные краны', '2013-12-11 20:54:15', 1, '2013-12-11 20:54:15', 1),
(9, 'Плавучие краны', '2013-12-11 20:54:15', 1, '2013-12-11 20:54:15', 1),
(10, 'Мостовые перегружатели', '2013-12-11 20:54:15', 1, '2013-12-11 20:54:15', 1),
(11, 'Причальные контейнерные перегружатели', '2013-12-11 20:54:15', 1, '2013-12-11 20:54:15', 1),
(12, 'Козловые контейнерные краны для складов', '2013-12-11 20:54:15', 1, '2013-12-11 20:54:15', 1),
(13, 'Мостовые контейнерные краны', '2013-12-11 20:54:15', 1, '2013-12-11 20:54:15', 1),
(14, 'Портальные контейнерные погрузчики', '2013-12-11 20:54:15', 1, '2013-12-11 20:54:15', 1),
(15, 'Автопогрузчики грузоподъемностью 10 и более тонн', '2013-12-11 20:54:15', 1, '2013-12-11 20:54:15', 1),
(16, 'Портовые тягачи', '2013-12-11 20:54:15', 1, '2013-12-11 20:54:15', 1),
(17, 'Магистральные тягачи', '2013-12-11 20:54:15', 1, '2013-12-11 20:54:15', 1),
(18, 'Пневматические перегружатели', '2013-12-11 20:54:15', 1, '2013-12-11 20:54:15', 1),
(19, 'Мобильные пневматические перегружатели', '2013-12-11 20:54:15', 1, '2013-12-11 20:54:15', 1),
(20, 'Автопогрузчики грузоподъемностью менее 10 тонн', '2013-12-11 20:54:15', 1, '2013-12-11 20:54:15', 1),
(21, 'Автопогрузчики ковшевые', '2013-12-11 20:54:15', 1, '2013-12-11 20:54:15', 1),
(22, 'Электрические погрузчики', '2013-12-11 20:54:15', 1, '2013-12-11 20:54:15', 1),
(23, 'Спецустановки для навалочных грузов', '2013-12-11 20:54:15', 1, '2013-12-11 20:54:15', 1),
(24, 'Спецмашины для трюмных работ', '2013-12-11 20:54:15', 1, '2013-12-11 20:54:15', 1),
(25, 'Бульдозеры', '2013-12-11 20:54:15', 1, '2013-12-11 20:54:15', 1),
(26, 'Тракторы', '2013-12-11 20:54:15', 1, '2013-12-11 20:54:15', 1),
(27, 'Экскаваторы', '2013-12-11 20:54:15', 1, '2013-12-11 20:54:15', 1),
(28, 'Прочие перегрузочные машины и оборудов.', '2013-12-11 20:54:15', 1, '2013-12-11 20:54:15', 1);

-- --------------------------------------------------------

--
-- Table structure for table `machines`
--

DROP TABLE IF EXISTS `machines`;
CREATE TABLE IF NOT EXISTS `machines` (
  `machine_id` int(11) NOT NULL AUTO_INCREMENT,
  `stevidor_id` int(11) DEFAULT NULL,
  `group_id` int(11) DEFAULT NULL,
  `model_id` int(11) DEFAULT NULL,
  `name` varchar(60) DEFAULT NULL,
  `inventory_numb` varchar(10) DEFAULT NULL,
  `release_year` varchar(4) DEFAULT NULL,
  `start_date` datetime DEFAULT NULL,
  `doc` varchar(20) DEFAULT NULL,
  `trans_numb` varchar(15) DEFAULT NULL,
  `factory_numb` varchar(20) DEFAULT NULL,
  `location` varchar(15) DEFAULT NULL,
  `note` varchar(255) DEFAULT NULL,
  `archived` varchar(1) DEFAULT NULL,
  `create_user_id` int(11) DEFAULT NULL,
  `create_date` datetime DEFAULT NULL,
  `update_user_id` int(11) DEFAULT NULL,
  `update_date` datetime DEFAULT NULL,
  PRIMARY KEY (`machine_id`)
) ENGINE=InnoDB  DEFAULT CHARSET=utf8 AUTO_INCREMENT=3329 ;

--
-- Dumping data for table `machines`
--

INSERT INTO `machines` (`machine_id`, `stevidor_id`, `group_id`, `model_id`, `name`, `inventory_numb`, `release_year`, `start_date`, `doc`, `trans_numb`, `factory_numb`, `location`, `note`, `archived`, `create_user_id`, `create_date`, `update_user_id`, `update_date`) VALUES
(1, 1, 1, 10, 'Портальный кран ГАНЦ 5/6тн,30m', '754', '1980', '1981-01-01 00:00:00', '50/00057', '317330', '1300', 'Причал 3', '', '0', 0, NULL, 1, '2013-12-16 17:03:28'),
(2, 1, 1, 15, 'Портальный кран ГАНЦ 5/6тн,32m', '1005', '1988', '1989-01-01 00:00:00', '50-0788/80853', '338566', '272', 'Причал 3', NULL, '0', 0, NULL, 0, NULL),
(3, 1, 8, 81, 'Гусеничный кран РДК-160-2  16тн', '900', '1983', '1983-06-01 00:00:00', '1063/22123', '545123', '2206', 'Причал 4', NULL, '0', 0, NULL, 0, NULL),
(4, 1, 8, NULL, 'Гусеничный кран РДК-160-3  21тн', '2667', '1990', '1990-06-01 00:00:00', '50-0223/00247', '643323', '1056', 'Прич.генгрузов', NULL, '0', 0, NULL, 0, NULL),
(5, 1, 8, 86, 'Гусеничный кран РДК-250-2  25тн', '998', '1988', '1988-06-01 00:00:00', '50-0223/80015', '327943', '12034', 'Тылов.склад', NULL, '0', 0, NULL, 0, NULL),
(6, 1, 20, 287, 'Автопогрузчик TOETA 02-5FD15     1,5тн', '1000', '1988', '1988-06-01 00:00:00', '50-0833/81366', '559132', '13958', 'Погр.-разг.уч-к', NULL, '0', 0, NULL, 0, NULL),
(7, 1, 15, NULL, 'Автопогрузчик МИЦУБИСИ FD-100   10,0тн', '989', '1988', '1988-06-01 00:00:00', '50-0839/71862', '271889', 'Г-158-00261', 'Погр.-разг.уч-к', NULL, '0', 0, NULL, 0, NULL),
(8, 1, 20, 353, 'Автопогрузчик НИССАН 05А70И      7,0тн', '1021', '1990', '1991-01-01 00:00:00', '50-001153', NULL, '1147', 'Погр.-разг.уч-к', NULL, '0', 0, NULL, 0, NULL);

-- --------------------------------------------------------

--
-- Table structure for table `manufacturers`
--

DROP TABLE IF EXISTS `manufacturers`;
CREATE TABLE IF NOT EXISTS `manufacturers` (
  `manufacturer_id` int(11) NOT NULL AUTO_INCREMENT,
  `name` varchar(100) DEFAULT NULL,
  `country` varchar(45) DEFAULT NULL,
  `note` text,
  `address` varchar(255) DEFAULT NULL,
  `email` varchar(45) DEFAULT NULL,
  `phone` varchar(45) DEFAULT NULL,
  `archived` varchar(1) DEFAULT NULL,
  `create_user_id` int(11) DEFAULT NULL,
  `create_date` datetime DEFAULT NULL,
  `update_user_id` int(11) DEFAULT NULL,
  `update_date` datetime DEFAULT NULL,
  PRIMARY KEY (`manufacturer_id`)
) ENGINE=InnoDB  DEFAULT CHARSET=utf8 AUTO_INCREMENT=57 ;

--
-- Dumping data for table `manufacturers`
--

INSERT INTO `manufacturers` (`manufacturer_id`, `name`, `country`, `note`, `address`, `email`, `phone`, `archived`, `create_user_id`, `create_date`, `update_user_id`, `update_date`) VALUES
(1, 'Рига "АО Рикон"', 'Латвия', NULL, NULL, NULL, NULL, '0', 1, '2013-12-11 20:55:16', 1, '2013-12-11 20:55:16'),
(2, 'Кранбау-Эберсвальде', 'Германия', NULL, NULL, NULL, NULL, '0', 1, '2013-12-11 20:55:16', 1, '2013-12-11 20:55:16'),
(3, 'Ганц', 'Венгрия', NULL, NULL, NULL, NULL, '0', 1, '2013-12-11 20:55:16', 1, '2013-12-11 20:55:16'),
(4, 'Тяжмаш', 'Мариуполь', NULL, NULL, NULL, NULL, '0', 1, '2013-12-11 20:55:16', 1, '2013-12-11 20:55:16'),
(5, 'Завод ПТО "Коммунар"', 'Россия', NULL, NULL, NULL, NULL, '0', 1, '2013-12-11 20:55:16', 1, '2013-12-11 20:55:16'),
(6, 'Подъемтрансмаш', 'Россия', NULL, NULL, NULL, NULL, '0', 1, '2013-12-11 20:55:16', 1, '2013-12-11 20:55:16'),
(7, 'Коне', 'Финляндия', NULL, NULL, NULL, NULL, '0', 1, '2013-12-11 20:55:16', 1, '2013-12-11 20:55:16'),
(8, 'ОАО"Подъемтрансмаш"', 'Россия', NULL, NULL, NULL, NULL, '0', 1, '2013-12-11 20:55:16', 1, '2013-12-11 20:55:16'),
(9, 'Черети-Танфани', 'Италия', NULL, NULL, NULL, NULL, '0', 1, '2013-12-11 20:55:16', 1, '2013-12-11 20:55:16'),
(10, 'Маннесман Дематик', NULL, NULL, NULL, NULL, NULL, '0', 1, '2013-12-11 20:55:16', 1, '2013-12-11 20:55:16'),
(11, 'Демаг', NULL, NULL, NULL, NULL, NULL, '0', 1, '2013-12-11 20:55:16', 1, '2013-12-11 20:55:16'),
(12, 'Либхерр', 'Германия', NULL, NULL, NULL, NULL, '0', 1, '2013-12-11 20:55:16', 1, '2013-12-11 20:55:16'),
(13, 'Като', 'Япония', NULL, NULL, NULL, NULL, '0', 1, '2013-12-11 20:55:16', 1, '2013-12-11 20:55:16'),
(14, 'Kovelko', 'Япония', NULL, NULL, NULL, NULL, '0', 1, '2013-12-11 20:55:16', 1, '2013-12-11 20:55:16'),
(15, 'Мицубиси', 'Япония', NULL, NULL, NULL, NULL, '0', 1, '2013-12-11 20:55:16', 1, '2013-12-11 20:55:16'),
(16, 'Киров', 'СССР', NULL, NULL, NULL, NULL, '0', 1, '2013-12-11 20:55:16', 1, '2013-12-11 20:55:16'),
(17, 'Кранбау-Эбесвальде', 'Германия', NULL, NULL, NULL, NULL, '0', 1, '2013-12-11 20:55:16', 1, '2013-12-11 20:55:16'),
(18, 'Сумитомо', 'Япония', NULL, NULL, NULL, NULL, '0', 1, '2013-12-11 20:55:16', 1, '2013-12-11 20:55:16'),
(19, 'Хитачи', 'Япония', NULL, NULL, NULL, NULL, '0', 1, '2013-12-11 20:55:16', 1, '2013-12-11 20:55:16'),
(20, 'Балткран', 'Россия', NULL, NULL, NULL, NULL, '0', 1, '2013-12-11 20:55:16', 1, '2013-12-11 20:55:16'),
(21, 'Кальмар', 'Швеция', NULL, NULL, NULL, NULL, '0', 1, '2013-12-11 20:55:16', 1, '2013-12-11 20:55:16'),
(22, 'Пайнер', 'Германия', NULL, NULL, NULL, NULL, '0', 1, '2013-12-11 20:55:16', 1, '2013-12-11 20:55:16'),
(23, 'Noell', 'Германия', NULL, NULL, NULL, NULL, '0', 1, '2013-12-11 20:55:16', 1, '2013-12-11 20:55:16'),
(24, 'Кальмар', 'Финляндия', NULL, NULL, NULL, NULL, '0', 1, '2013-12-11 20:55:16', 1, '2013-12-11 20:55:16'),
(25, 'Кларк', 'Англия', NULL, NULL, NULL, NULL, '0', 1, '2013-12-11 20:55:16', 1, '2013-12-11 20:55:16'),
(26, 'Валмет', 'Швеция', NULL, NULL, NULL, NULL, '0', 1, '2013-12-11 20:55:16', 1, '2013-12-11 20:55:16'),
(27, 'ТСМ', 'Япония', NULL, NULL, NULL, NULL, '0', 1, '2013-12-11 20:55:16', 1, '2013-12-11 20:55:16'),
(28, 'Валмет', 'Финляндия', NULL, NULL, NULL, NULL, '0', 1, '2013-12-11 20:55:16', 1, '2013-12-11 20:55:16'),
(29, 'Вальмет', 'Финляндия', NULL, NULL, NULL, NULL, '0', 1, '2013-12-11 20:55:16', 1, '2013-12-11 20:55:16'),
(30, 'Сису', 'Финляндия', NULL, NULL, NULL, NULL, '0', 1, '2013-12-11 20:55:16', 1, '2013-12-11 20:55:16'),
(31, 'Терберг', 'Голландия', NULL, NULL, NULL, NULL, '0', 1, '2013-12-11 20:55:16', 1, '2013-12-11 20:55:16'),
(32, 'Терберг', 'Голандия', NULL, NULL, NULL, NULL, '0', 1, '2013-12-11 20:55:16', 1, '2013-12-11 20:55:16'),
(33, 'Кальмар', NULL, NULL, NULL, NULL, NULL, '0', 1, '2013-12-11 20:55:16', 1, '2013-12-11 20:55:16'),
(34, 'Львовский завод ПТО', 'Украина', NULL, NULL, NULL, NULL, '0', 1, '2013-12-11 20:55:16', 1, '2013-12-11 20:55:16'),
(35, 'Тойета', 'Япония', NULL, NULL, NULL, NULL, '0', 1, '2013-12-11 20:55:16', 1, '2013-12-11 20:55:16'),
(36, 'Тойета', NULL, NULL, NULL, NULL, NULL, '0', 1, '2013-12-11 20:55:16', 1, '2013-12-11 20:55:16'),
(37, 'Мицубиси', NULL, NULL, NULL, NULL, NULL, '0', 1, '2013-12-11 20:55:16', 1, '2013-12-11 20:55:16'),
(38, 'Коматцу', 'Япония', NULL, NULL, NULL, NULL, '0', 1, '2013-12-11 20:55:16', 1, '2013-12-11 20:55:16'),
(39, 'Ниссан', 'Япония', NULL, NULL, NULL, NULL, '0', 1, '2013-12-11 20:55:16', 1, '2013-12-11 20:55:16'),
(40, 'TCM', 'Япония', NULL, NULL, NULL, NULL, '0', 1, '2013-12-11 20:55:16', 1, '2013-12-11 20:55:16'),
(41, 'Хайстер', 'Англия', NULL, NULL, NULL, NULL, '0', 1, '2013-12-11 20:55:16', 1, '2013-12-11 20:55:16'),
(42, 'Босс-трак', NULL, NULL, NULL, NULL, NULL, '0', 1, '2013-12-11 20:55:16', 1, '2013-12-11 20:55:16'),
(43, 'Юнгхайнрих', 'Германия', NULL, NULL, NULL, NULL, '0', 1, '2013-12-11 20:55:16', 1, '2013-12-11 20:55:16'),
(44, 'Мелрол', 'Бельгия', NULL, NULL, NULL, NULL, '0', 1, '2013-12-11 20:55:16', 1, '2013-12-11 20:55:16'),
(45, 'WestFargo', 'США', NULL, NULL, NULL, NULL, '0', 1, '2013-12-11 20:55:16', 1, '2013-12-11 20:55:16'),
(46, 'Камацу', 'Япония', NULL, NULL, NULL, NULL, '0', 1, '2013-12-11 20:55:16', 1, '2013-12-11 20:55:16'),
(47, 'Тойота', 'Япония', NULL, NULL, NULL, NULL, '0', 1, '2013-12-11 20:55:16', 1, '2013-12-11 20:55:16'),
(48, 'Детва', 'Чехословакия', NULL, NULL, NULL, NULL, '0', 1, '2013-12-11 20:55:16', 1, '2013-12-11 20:55:16'),
(49, 'Тоета', 'Япония', NULL, NULL, NULL, NULL, '0', 1, '2013-12-11 20:55:16', 1, '2013-12-11 20:55:16'),
(50, 'Вольво', 'Швеция', NULL, NULL, NULL, NULL, '0', 1, '2013-12-11 20:55:16', 1, '2013-12-11 20:55:16'),
(51, 'Челябинский завод', 'Poccия', NULL, NULL, NULL, NULL, '0', 1, '2013-12-11 20:55:16', 1, '2013-12-11 20:55:16'),
(52, 'Сиком', 'Швейцария', NULL, NULL, NULL, NULL, '0', 1, '2013-12-11 20:55:16', 1, '2013-12-11 20:55:16'),
(53, 'Сиком', 'Польша', NULL, NULL, NULL, NULL, '0', 1, '2013-12-11 20:55:16', 1, '2013-12-11 20:55:16'),
(54, 'Bleste', 'Латвия', NULL, NULL, NULL, NULL, '0', 1, '2013-12-11 20:55:16', 1, '2013-12-11 20:55:16'),
(55, 'Нидерланды', NULL, NULL, NULL, NULL, NULL, '0', 1, '2013-12-11 20:55:16', 1, '2013-12-11 20:55:16'),
(56, 'Завод КОММАШ, Мценск', NULL, NULL, NULL, NULL, NULL, '0', 1, '2013-12-11 20:55:16', 1, '2013-12-11 20:55:16');

-- --------------------------------------------------------

--
-- Table structure for table `models`
--

DROP TABLE IF EXISTS `models`;
CREATE TABLE IF NOT EXISTS `models` (
  `model_id` int(11) NOT NULL AUTO_INCREMENT,
  `group_id` int(11) DEFAULT NULL,
  `manufacturer_id` int(11) DEFAULT NULL,
  `name` varchar(60) DEFAULT NULL,
  `details` varchar(250) DEFAULT NULL,
  `note` text,
  `archived` varchar(1) DEFAULT NULL,
  `create_user_id` int(11) DEFAULT NULL,
  `create_date` datetime DEFAULT NULL,
  `update_user_id` int(11) DEFAULT NULL,
  `update_date` datetime DEFAULT NULL,
  PRIMARY KEY (`model_id`)
) ENGINE=InnoDB  DEFAULT CHARSET=utf8 AUTO_INCREMENT=702 ;

--
-- Dumping data for table `models`
--

INSERT INTO `models` (`model_id`, `group_id`, `manufacturer_id`, `name`, `details`, `note`, `archived`, `create_user_id`, `create_date`, `update_user_id`, `update_date`) VALUES
(1, 1, 1, 'Портальный кран АИСТ16/20/32тн, вылет 32-8 м', 'Крюк:16тн-32м, 20тн-25м, 32тн-16м. Грейфер: 16тн-32м', NULL, '0', 1, '2013-12-11 20:55:26', 1, '2013-12-11 20:55:26'),
(2, 1, 2, 'Портальный кран АЛЬБРЕХТ   10/20тн', 'Крюк:10тн-32м,20тн-16м. Грейфер:10тн-32м,Колея 10,5м', NULL, '0', 1, '2013-12-11 20:55:26', 1, '2013-12-11 20:55:26'),
(3, 1, 2, 'Портальный кран АЛЬБРЕХТ   10/20тн,колея 15,3м', 'Крюк:10тн-32м,20тн-16м.Грейфер:10тн-32м.Колея 15,3м', NULL, '0', 1, '2013-12-11 20:55:26', 1, '2013-12-11 20:55:26'),
(4, 1, 2, 'Портальный кран АЛЬБАТРОС  10/20тн', 'Крюк:10тн-32м,20тн-16м.Грейфер:10тн-32м.Колея 10,5м', NULL, '0', 1, '2013-12-11 20:55:26', 1, '2013-12-11 20:55:26'),
(5, 1, 2, 'Портальный кран АЛЬБАТРОС  10/20тн,колея 15,3м', 'Крюк:10тн-32м,20тн-16м.Грейфер:10тн-32м.Колея 15,3м', NULL, '0', 1, '2013-12-11 20:55:26', 1, '2013-12-11 20:55:26'),
(6, 1, 2, 'Портальный кран АЛЬБАТРОС  10/20тн,колея 20,7м', 'Крюк:10тн-32м,20тн-16м.Грейфер:10тн-32м.Колея 20,7м', NULL, '0', 1, '2013-12-11 20:55:26', 1, '2013-12-11 20:55:26'),
(7, 1, 2, 'Портальный кран АТЛАНТ 16/20/32/40тн', 'Крюк:20тн-40м,25тн-32м.Грейфер:16тн-40м.Колея 10,5м', NULL, '0', 1, '2013-12-11 20:55:26', 1, '2013-12-11 20:55:26'),
(8, 1, 2, 'Портальный кран АТЛАНТ 16/20/32/40тн   колея 15,3м', 'Крюк:20тн-40м,25тн-32м.Грейфер:16тн-40м.Колея 15,3м', NULL, '0', 1, '2013-12-11 20:55:26', 1, '2013-12-11 20:55:26'),
(9, 1, 3, 'Портальный кран ГАНЦ 16/27,5тн', 'Крюк:16тн-33м,27,5тн-21м.Грейфер:16тн-33м.Колея 10,5м', NULL, '0', 1, '2013-12-11 20:55:26', 1, '2013-12-11 20:55:26'),
(10, 1, 3, 'Порт. кран ГАНЦ 5/6тн,30m', 'Крюк:6тн-30м.Грейфер:5тн-30м.Колея 10,5м', NULL, '0', 1, '2013-12-11 20:55:26', 1, '2013-12-11 20:55:26'),
(11, 1, 3, 'Портальный кран ГАНЦ 5/6тн,30m,колея 15,3м', 'Крюк:6тн-30м.Грейфер:5тн-30м.Колея 15,3м', NULL, '0', 1, '2013-12-11 20:55:26', 1, '2013-12-11 20:55:26'),
(12, 1, 3, 'Портальный кран ГАНЦ 5/6тн,30m,колея 18,3м', 'Крюк:6тн-30м.Грейфер:5тн-30м.Колея 18,3м', NULL, '0', 1, '2013-12-11 20:55:26', 1, '2013-12-11 20:55:26'),
(13, 1, 1, 'Полупортальный кран ГАНЦ 5/6тн,30m,колея 18,3м', 'Крюк:6тн-30м.Грейфер:5тн-30м.Колея 18,3м', NULL, '0', 1, '2013-12-11 20:55:26', 1, '2013-12-11 20:55:26'),
(14, 1, 3, 'Портальный кран ГАНЦ 5/6тн,30m,колея 20,7м', 'Крюк:6тн-30м.Грейфер:5тн-30м.Колея 20,7м', NULL, '0', 1, '2013-12-11 20:55:26', 1, '2013-12-11 20:55:26'),
(15, 1, 3, 'Портальный кран ГАНЦ 5/6тн,32m', 'Крюк:6тн-32м.Грейфер:5тн-32м.Колея 10,5м', NULL, '0', 1, '2013-12-11 20:55:26', 1, '2013-12-11 20:55:26'),
(16, 1, 3, 'Портальный кран ГАНЦ 5тн', 'Крюк:5тн-25м.Грейфер:5тн-25м.Колея 10,5м', NULL, '0', 1, '2013-12-11 20:55:26', 1, '2013-12-11 20:55:26'),
(17, 1, 4, 'Портальный кран ЖДАНОВЕЦ КПМ-32-10,5   32тн', 'Крюк:32тн-32м.Грейфер:25тн-32м.Колея 10,5м', NULL, '0', 1, '2013-12-11 20:55:26', 1, '2013-12-11 20:55:26'),
(18, 1, 5, 'Портальный кран КОММУНАР  5тн', 'Крюк:5тн-25м.Грейфер:5тн-25м.Колея 10,5м', NULL, '0', 1, '2013-12-11 20:55:26', 1, '2013-12-11 20:55:26'),
(19, 1, 6, 'Портальный кран КИРОВЕЦ КПП10(12,5)', 'Крюк:12,5тн-30м.Грейфер:10тн-30м.Колея 10,5м', NULL, '0', 1, '2013-12-11 20:55:26', 1, '2013-12-11 20:55:26'),
(20, 1, 6, 'Портальный кран КИРОВЕЦ КПП10,60-66г', 'Крюк:10тн-30м.Грейфер:10тн-30м.Колея 10,5м', NULL, '0', 1, '2013-12-11 20:55:26', 1, '2013-12-11 20:55:26'),
(21, 1, 6, 'Портальный кран КИРОВЕЦ КПП10,67-79г', 'Крюк:10тн-30м.Грейфер:10тн-30м.Колея 10,5м', NULL, '0', 1, '2013-12-11 20:55:26', 1, '2013-12-11 20:55:26'),
(22, 1, 6, 'Портальный кран КИРОВЕЦ КПП15', 'Крюк:15тн-30м.Грейфер:15тн-30м.Колея 10,5м', NULL, '0', 1, '2013-12-11 20:55:26', 1, '2013-12-11 20:55:26'),
(23, 1, 6, 'Портальный кран КИРОВЕЦ КПП16', 'Крюк:16тн-30м.Грейфер:16тн-30м.Колея 10,5м', NULL, '0', 1, '2013-12-11 20:55:26', 1, '2013-12-11 20:55:26'),
(24, 1, 6, 'Портальный кран КИРОВЕЦ КПП16(20)', 'Крюк:20тн-30м.Грейфер:16тн-30м.Колея 10,5м', NULL, '0', 1, '2013-12-11 20:55:26', 1, '2013-12-11 20:55:26'),
(25, 1, 2, 'Портальный кран КОНДОР 16/32/40тн', 'Крюк:32тн-32м,40тн-25м.Грейфер:16тн-32м.Колея 10,5м', NULL, '0', 1, '2013-12-11 20:55:26', 1, '2013-12-11 20:55:26'),
(26, 1, 2, 'Портальный кран КОНДОР 16/32/40тн,колея 15,3м', 'Крюк:32тн-32м,40тн-25м.Грейфер:16тн-32м.Колея 15,3м', NULL, '0', 1, '2013-12-11 20:55:26', 1, '2013-12-11 20:55:26'),
(27, 1, 7, 'Портальный кран КОНЕ   16/20/32тн', 'Крюк:20тн-32м.Грейфер:16тн-32м.Колея 10,5м', NULL, '0', 1, '2013-12-11 20:55:26', 1, '2013-12-11 20:55:26'),
(28, 1, 8, 'Портальный кран НОВОРОССИЕЦ КПП16(32/40)', 'Крюк:32тн-32м, 50тн-21м; Грейфер:16тн - 32м.', NULL, '0', 1, '2013-12-11 20:55:26', 1, '2013-12-11 20:55:26'),
(29, 1, 2, 'Портальный кран СОКОЛ  16/20/32тн', 'Крюк:16тн-32м,20тн-25м.Грейфер:16тн-32м.Колея 10,5м', NULL, '0', 1, '2013-12-11 20:55:26', 1, '2013-12-11 20:55:26'),
(30, 1, 2, 'Портальный кран СОКОЛ  16/20/32тн,колея 15,3м', 'Крюк:16тн-32м,20тн-25м.Грейфер:16тн-32м.Колея 15,3м', NULL, '0', 1, '2013-12-11 20:55:26', 1, '2013-12-11 20:55:26'),
(31, 1, 2, 'Портальный кран ЧАЙКА  10/20тн,колея 28,3м', 'Крюк:10тн-32м,20тн-16м.Грейфер:10тн-32м.Колея 28,3м', NULL, '0', 1, '2013-12-11 20:55:26', 1, '2013-12-11 20:55:26'),
(32, 1, 9, 'Портальный кран ЧЕРЕТТИ-ТАНФАНИ 15тн', 'Крюк:15тн-32м.Грейфер:15тн-32м.Колея 10,5м', NULL, '0', 1, '2013-12-11 20:55:26', 1, '2013-12-11 20:55:26'),
(33, 1, 2, 'Портальный кран АНС1000 "ФЕНИКС"  28\\32\\40\\50тн', NULL, NULL, '0', 1, '2013-12-11 20:55:26', 1, '2013-12-11 20:55:26'),
(34, 2, 1, 'Портальный мобильный  кран ГОТВАЛЬД HMK 170-E    45/63 тн', NULL, NULL, '0', 1, '2013-12-11 20:55:26', 1, '2013-12-11 20:55:26'),
(35, 2, 1, 'Портальный мобильный кран ГОТВАЛЬД  HSK  170 EG  63 тн', 'Зависимость груз.-вылет см. паспорт крана', NULL, '0', 1, '2013-12-11 20:55:26', 1, '2013-12-11 20:55:26'),
(36, 2, 1, 'Портальный мобильный кран ГОТВАЛЬД HSK 170 EG  65,6тн (Спец)', NULL, NULL, '0', 1, '2013-12-11 20:55:26', 1, '2013-12-11 20:55:26'),
(37, 3, 1, 'Mобильный кран ГОТВАЛЬД  HMK  170 EG  45/63 тн', 'Зависимость груз.-вылет см. паспорт крана', NULL, '0', 1, '2013-12-11 20:55:26', 1, '2013-12-11 20:55:26'),
(38, 3, 1, 'Мобильный  кран ГОТВАЛЬД HMK  280-E     100тн', 'Зависимость груз.-вылет см. паспорт крана', NULL, '0', 1, '2013-12-11 20:55:26', 1, '2013-12-11 20:55:26'),
(39, 3, 1, 'Mобильный кран ГОТВАЛЬД  HMK  260-E  45/80 тн', NULL, NULL, '0', 1, '2013-12-11 20:55:26', 1, '2013-12-11 20:55:26'),
(40, 28, 1, 'Башенный кран  ЛИБХЕР', NULL, NULL, '0', 1, '2013-12-11 20:55:26', 1, '2013-12-11 20:55:26'),
(41, 3, 1, 'Мобильный кран ЛИБХЕР LHM-150    40тн , вылет 10.5 - 32 м', NULL, NULL, '0', 1, '2013-12-11 20:55:26', 1, '2013-12-11 20:55:26'),
(42, 3, 1, 'Мобильный кран ЛИБХЕР LHM-250    64тн , вылет 10.5 - 38 м', NULL, NULL, '0', 1, '2013-12-11 20:55:26', 1, '2013-12-11 20:55:26'),
(43, 3, 12, 'Мобильный кран ЛИБХЕР LHM-400  104тн , вылет 10.5 - 48 м', 'Зависимость груз.-вылет см. паспорт крана', NULL, '0', 1, '2013-12-11 20:55:26', 1, '2013-12-11 20:55:26'),
(44, 4, 1, 'Кран-манипулятор СЕННЕБОГЕН 870М-КМ      5тн, 23м', 'Грузоподъемность 5тн, вылет 23 м', NULL, '0', 1, '2013-12-11 20:55:26', 1, '2013-12-11 20:55:26'),
(45, 4, 13, 'Кран-манипулятор  KATO      2.92тн', NULL, NULL, '0', 1, '2013-12-11 20:55:26', 1, '2013-12-11 20:55:26'),
(46, 5, 14, 'Пневмоколесный кран KAVELCO  RK-250-|||      25тн', NULL, NULL, '0', 1, '2013-12-11 20:55:26', 1, '2013-12-11 20:55:26'),
(47, 5, 1, 'Пневмоколесный  кран КАТО                30тн', NULL, NULL, '0', 1, '2013-12-11 20:55:26', 1, '2013-12-11 20:55:26'),
(48, 5, 1, 'Пневмоколесный  кран КАТО NK-200S-2   20/6,5тн', NULL, NULL, '0', 1, '2013-12-11 20:55:26', 1, '2013-12-11 20:55:26'),
(49, 5, 1, 'Пневмоколесный кран КАТО NK-500S  50тн', 'Гп.50тн', NULL, '0', 1, '2013-12-11 20:55:26', 1, '2013-12-11 20:55:26'),
(50, 5, 15, 'Пневмоколесный кран КАТО NK-450S  40/8тн', 'Гп.40тн', NULL, '0', 1, '2013-12-11 20:55:26', 1, '2013-12-11 20:55:26'),
(51, 5, 15, 'Пневмоколесный кран КАТО NK-500MS  50/12тн', 'Гп.50тн', NULL, '0', 1, '2013-12-11 20:55:26', 1, '2013-12-11 20:55:26'),
(52, 5, 1, 'Пневмоколесный кран КС 4361К          16тн', NULL, NULL, '0', 1, '2013-12-11 20:55:26', 1, '2013-12-11 20:55:26'),
(53, 5, 1, 'Пневмоколесный  кран КC-5363            25тн', NULL, NULL, '0', 1, '2013-12-11 20:55:26', 1, '2013-12-11 20:55:26'),
(54, 5, 1, 'Башенный кран  ЛИБХЕР', NULL, NULL, '0', 1, '2013-12-11 20:55:26', 1, '2013-12-11 20:55:26'),
(55, 5, 1, 'Пневмоколесный кран Либхерр LTM 1055\\1   55,0тн', NULL, NULL, '0', 1, '2013-12-11 20:55:26', 1, '2013-12-11 20:55:26'),
(56, 5, 1, 'Мобильный кран ЛИБХЕР LHM-150    40тн , вылет 10.5 - 32 м', NULL, NULL, '0', 1, '2013-12-11 20:55:26', 1, '2013-12-11 20:55:26'),
(57, 5, 1, 'Пневмоколесныйкран RK-450 KOBELKO  40тн', NULL, NULL, '0', 1, '2013-12-11 20:55:26', 1, '2013-12-11 20:55:26'),
(58, 5, 1, 'Пневмоколесный  кран монтажный МКАТ-40 РСФ  40тн', 'Не нашел!!!', NULL, '0', 1, '2013-12-11 20:55:26', 1, '2013-12-11 20:55:26'),
(59, 5, 1, 'Пневмоколесный кран ТАДАНО TR-300EX 30тн', NULL, NULL, '0', 1, '2013-12-11 20:55:26', 1, '2013-12-11 20:55:26'),
(60, 5, 1, 'Пневмоколесный  кран ТАДАНО TL-200E  20тн', NULL, NULL, '0', 1, '2013-12-11 20:55:26', 1, '2013-12-11 20:55:26'),
(61, 5, 1, 'Пневмоколесный  кран КУБОТА КМ-3520  20/10тн', 'Не нашел!!!', NULL, '0', 1, '2013-12-11 20:55:26', 1, '2013-12-11 20:55:26'),
(62, 5, 1, 'Пневмоколесный кран ТАДАНО КМ-3520  20/3тн', NULL, NULL, '0', 1, '2013-12-11 20:55:26', 1, '2013-12-11 20:55:26'),
(63, 6, 1, 'Автомобильный кран КС-2561К  6,3тн', NULL, NULL, '0', 1, '2013-12-11 20:55:26', 1, '2013-12-11 20:55:26'),
(64, 6, 1, 'Автомобильный кран КС-2561Е              6,3тн', NULL, NULL, '0', 1, '2013-12-11 20:55:26', 1, '2013-12-11 20:55:26'),
(65, 6, 1, 'Автомобильный кран КС-2561Д             6,3тн', 'Не  нашел !!!', NULL, '0', 1, '2013-12-11 20:55:26', 1, '2013-12-11 20:55:26'),
(66, 6, 1, 'Автомобильный кран КС-3562             10тн', NULL, NULL, '0', 1, '2013-12-11 20:55:26', 1, '2013-12-11 20:55:26'),
(67, 6, 1, 'Автомобильный кран КС-3575   10тн', NULL, NULL, '0', 1, '2013-12-11 20:55:26', 1, '2013-12-11 20:55:26'),
(68, 6, 1, 'Автомобильный кран КС-3575А    10,0тн', NULL, NULL, '0', 1, '2013-12-11 20:55:26', 1, '2013-12-11 20:55:26'),
(69, 6, 1, 'Автомобильный кран КС-3577             12,5тн', NULL, NULL, '0', 1, '2013-12-11 20:55:26', 1, '2013-12-11 20:55:26'),
(70, 6, 1, 'Автомобильный кран КС-3577-3   10,0тн', NULL, NULL, '0', 1, '2013-12-11 20:55:26', 1, '2013-12-11 20:55:26'),
(71, 6, 1, 'Автомобильный кран К-161                 16тн', 'Не нашел!!!', NULL, '0', 1, '2013-12-11 20:55:26', 1, '2013-12-11 20:55:26'),
(72, 6, 1, 'Автомобильный кран КC-4361  16тн', NULL, NULL, '0', 1, '2013-12-11 20:55:26', 1, '2013-12-11 20:55:26'),
(73, 6, 1, 'Автомобильный кран КC-4572   16тн (на шасси КАМАЗ)', NULL, NULL, '0', 1, '2013-12-11 20:55:26', 1, '2013-12-11 20:55:26'),
(74, 6, 1, 'Автомобильный кран КC-35715-1   14 тн (на шасси МАЗ)', NULL, NULL, '0', 1, '2013-12-11 20:55:26', 1, '2013-12-11 20:55:26'),
(75, 6, 1, 'Автомобильный кран "Ивановец"       14тн', NULL, NULL, '0', 1, '2013-12-11 20:55:26', 1, '2013-12-11 20:55:26'),
(76, 7, 1, 'Железнодорожный кран', NULL, NULL, '0', 1, '2013-12-11 20:55:26', 1, '2013-12-11 20:55:26'),
(77, 8, 1, 'Гусеничный кран СУМИТОМО  63,5тн', NULL, NULL, '0', 1, '2013-12-11 20:55:26', 1, '2013-12-11 20:55:26'),
(78, 8, 1, 'Гусеничный кран ДИЕР-61         8/2,8тн', 'Не нашел!!!', NULL, '0', 1, '2013-12-11 20:55:26', 1, '2013-12-11 20:55:26'),
(79, 8, 1, 'Гусеничный кран ДИЕР-65  12,5тн', NULL, NULL, '0', 1, '2013-12-11 20:55:26', 1, '2013-12-11 20:55:26'),
(80, 8, 1, 'Гусеничный кран ДИЕР-65-1    16/2,8тн', NULL, NULL, '0', 1, '2013-12-11 20:55:26', 1, '2013-12-11 20:55:26'),
(81, 8, 1, 'Гусеничный кран РДК-160-2  16тн', NULL, NULL, '0', 1, '2013-12-11 20:55:26', 1, '2013-12-11 20:55:26'),
(82, 8, 1, 'Гусеничный кран РДК-160-3     21тн', NULL, NULL, '0', 1, '2013-12-11 20:55:26', 1, '2013-12-11 20:55:26'),
(83, 8, 1, 'Гусеничный кран РДК-165      16тн', 'Не нашел!!!', NULL, '0', 1, '2013-12-11 20:55:26', 1, '2013-12-11 20:55:26'),
(84, 8, 1, 'Гусеничный кран РДК-250       25тн', NULL, NULL, '0', 1, '2013-12-11 20:55:26', 1, '2013-12-11 20:55:26'),
(85, 8, 1, 'Гусеничный кран РДК-250-3  25тн', NULL, NULL, '0', 1, '2013-12-11 20:55:26', 1, '2013-12-11 20:55:26'),
(86, 8, 1, 'Гусеничный кран РДК-250-2  25тн', NULL, NULL, '0', 1, '2013-12-11 20:55:26', 1, '2013-12-11 20:55:26'),
(87, 8, 1, 'Гусеничный кран ДЭК-251     25тн', NULL, NULL, '0', 1, '2013-12-11 20:55:26', 1, '2013-12-11 20:55:26'),
(88, 8, 1, 'Гусеничный кран Э-1258  13,9тн', NULL, NULL, '0', 1, '2013-12-11 20:55:26', 1, '2013-12-11 20:55:26'),
(89, 8, 1, 'Гусеничный кран НОРДЕСТ  5,0тн', NULL, NULL, '0', 1, '2013-12-11 20:55:26', 1, '2013-12-11 20:55:26'),
(90, 8, 16, 'Гусеничный кран КДЭ-163     16тн', NULL, NULL, '0', 1, '2013-12-11 20:55:26', 1, '2013-12-11 20:55:26'),
(91, 8, 1, 'Гусеничный кран ДЭК-251     25тн', NULL, NULL, '0', 1, '2013-12-11 20:55:26', 1, '2013-12-11 20:55:26'),
(92, 9, 1, 'Плавучий кран БЛЕЙХАРТ   50 тн', NULL, NULL, '0', 1, '2013-12-11 20:55:26', 1, '2013-12-11 20:55:26'),
(93, 9, 17, 'Плавучий кран БЛЕЙХАРТ   15 тн', 'Самоходный.Гп.15тн на вылетах от 25 до 8м.', NULL, '0', 1, '2013-12-11 20:55:26', 1, '2013-12-11 20:55:26'),
(94, 9, 1, 'Плавучий кран БОГАТЫРЬ-4  300/100 тн', 'Гп.300/100тн. Вылет', NULL, '0', 1, '2013-12-11 20:55:26', 1, '2013-12-11 20:55:26'),
(95, 9, 1, 'Плавучий кран ВИЛЕЙ  90/25 тн', 'Гп.90/25тн. Вылет', NULL, '0', 1, '2013-12-11 20:55:26', 1, '2013-12-11 20:55:26'),
(96, 9, 3, 'Плавучий кран ГАНЦ  100/25 тн', 'Гп.100/25тн.', NULL, '0', 1, '2013-12-11 20:55:26', 1, '2013-12-11 20:55:26'),
(97, 9, 3, 'Плавучий кран ГАНЦ  16 тн', 'Гп.16тн.  Вылет', NULL, '0', 1, '2013-12-11 20:55:26', 1, '2013-12-11 20:55:26'),
(98, 9, 1, 'Плавучий кран КПл 5-30', 'Гп.5тн. Вылет', NULL, '0', 1, '2013-12-11 20:55:26', 1, '2013-12-11 20:55:26'),
(99, 9, 1, 'Плавучий кран СПК   35/25 тн', 'Гп.35/25тн. Вылет', NULL, '0', 1, '2013-12-11 20:55:26', 1, '2013-12-11 20:55:26'),
(100, 9, 1, 'Плавучий кран ЧЕРНОМОРЕЦ  ?? тн', NULL, NULL, '0', 1, '2013-12-11 20:55:26', 1, '2013-12-11 20:55:26'),
(101, 9, 1, 'Плавучий кран СЕВАСТОПОЛЕЦ-1  140/32тн', NULL, NULL, '0', 1, '2013-12-11 20:55:26', 1, '2013-12-11 20:55:26'),
(102, 9, 1, 'Плавучий кран ДРАВО 91тн', 'Гп.91тн', NULL, '0', 1, '2013-12-11 20:55:26', 1, '2013-12-11 20:55:26'),
(103, 10, 18, 'Мост.перегружатель СУМИТОМО 16/20/32тн,колея 63м', NULL, NULL, '0', 1, '2013-12-11 20:55:26', 1, '2013-12-11 20:55:26'),
(104, 10, 1, 'Мост.перегружатель МИЦУБИСИ 20тн,колея 63м', 'Гп.20тн.', NULL, '0', 1, '2013-12-11 20:55:26', 1, '2013-12-11 20:55:26'),
(105, 10, 1, 'Мостовой перегружатель ТАКРАФ (лесной) 10/20тн', NULL, NULL, '0', 1, '2013-12-11 20:55:26', 1, '2013-12-11 20:55:26'),
(106, 11, 7, 'Прич.конт.перегружатель КОНЕ  STS   50/60 тн', 'Гп. 50/60 тн', NULL, '0', 1, '2013-12-11 20:55:26', 1, '2013-12-11 20:55:26'),
(107, 11, 7, 'Прич.конт.перегружатель КОНЕ  30,5тн', 'Гп.30,5тн.Вылет морской консоли от берегового рельса -36м', NULL, '0', 1, '2013-12-11 20:55:26', 1, '2013-12-11 20:55:26'),
(108, 11, 1, 'Прич.конт.перегружатель П.ФРЕЛИХ  30,5тн', 'Гп.30,5тн.Вылет морской консоли от берегового рельса-', NULL, '0', 1, '2013-12-11 20:55:26', 1, '2013-12-11 20:55:26'),
(109, 11, 1, 'Прич.конт.перегружатель CCР  30,5тн', 'Гп.30,5тн.Вылет морской консоли от берегового рельса -', NULL, '0', 1, '2013-12-11 20:55:26', 1, '2013-12-11 20:55:26'),
(110, 11, 19, 'Прич.конт.перегружатель ХИТАЧИ  30,5тн', 'Гп.30,5тн.Вылет морской консоли от берегового рельса -36м', NULL, '0', 1, '2013-12-11 20:55:26', 1, '2013-12-11 20:55:26'),
(111, 11, 1, 'Прич.конт.перегружатель ПОРТЕЙНЕР 30,5тн', NULL, NULL, '0', 1, '2013-12-11 20:55:26', 1, '2013-12-11 20:55:26'),
(112, 12, 7, 'Козл.конт.кран КОНЕ для ж.д. фронта  30,5тн', 'Гп.30,5тн.Колея 15,3м', NULL, '0', 1, '2013-12-11 20:55:26', 1, '2013-12-11 20:55:26'),
(113, 12, 1, 'Козл.конт.кран П.ФРЕЛИХ для ж.д. фронта  30,5тн', 'Гп.30,5тн.Колея-', NULL, '0', 1, '2013-12-11 20:55:26', 1, '2013-12-11 20:55:26'),
(114, 12, 1, 'Козл.конт.кран ТАКРАФ для склада  30,5тн', 'Гп.30,5тн.Колея-', NULL, '0', 1, '2013-12-11 20:55:26', 1, '2013-12-11 20:55:26'),
(115, 12, 7, 'Козл.конт.кран КОНЕ для склада  30,5тн', 'Гп.30,5тн.Колея-63,0м', NULL, '0', 1, '2013-12-11 20:55:26', 1, '2013-12-11 20:55:26'),
(116, 12, 20, 'Козл.конт.кран МККС-42К               30,5тн', NULL, NULL, '0', 1, '2013-12-11 20:55:26', 1, '2013-12-11 20:55:26'),
(117, 12, 1, 'Козл.конт.2-х конс.кран Транстейнер 30,5тн', NULL, NULL, '0', 1, '2013-12-11 20:55:26', 1, '2013-12-11 20:55:26'),
(118, 12, 1, 'Козл.конт.перегружатель IHI 30,5тн', NULL, NULL, '0', 1, '2013-12-11 20:55:26', 1, '2013-12-11 20:55:26'),
(119, 12, 21, 'Козл. конт.перегружатель КАЛЬМАР RTG 402318-2040  40,6тн', 'Гп.40,6тн', NULL, '0', 1, '2013-12-11 20:55:26', 1, '2013-12-11 20:55:26'),
(120, 12, 1, 'Козловой контейнерный кран ККК-20     20тн', NULL, NULL, '0', 1, '2013-12-11 20:55:26', 1, '2013-12-11 20:55:26'),
(121, 12, 1, 'Козловой контейнерный кран ККК  32,5 тн , колея 32 м.', NULL, NULL, '0', 1, '2013-12-11 20:55:26', 1, '2013-12-11 20:55:26'),
(122, 12, 1, 'Козловой кран ККС-10        10тн.', NULL, NULL, '0', 1, '2013-12-11 20:55:26', 1, '2013-12-11 20:55:26'),
(123, 13, 1, 'Мостовой контейнерный кран', NULL, NULL, '0', 1, '2013-12-11 20:55:26', 1, '2013-12-11 20:55:26'),
(124, 14, 22, 'Портальный  погрузчик  ПАЙНЕР РРН-33Д 30,5тн', 'Гп.30,5тн.Высота подъема-8,45м', NULL, '0', 1, '2013-12-11 20:55:26', 1, '2013-12-11 20:55:26'),
(125, 14, 22, 'Портальный  погрузчик  ПАЙНЕР РРН-33С 30,5тн', 'Гп.30,5тн.Высота подъема-', NULL, '0', 1, '2013-12-11 20:55:26', 1, '2013-12-11 20:55:26'),
(126, 14, 23, 'Портальный погрузчик NOELL PPH 434-TSW  40тн', 'Гп.40тн', NULL, '0', 1, '2013-12-11 20:55:26', 1, '2013-12-11 20:55:26'),
(127, 14, 24, 'Портальный погрузчик Кальмар CSC  340  40тн', 'Гп.40тн', NULL, '0', 1, '2013-12-11 20:55:26', 1, '2013-12-11 20:55:26'),
(128, 14, 21, 'Портальный погрузчик Сису АКВ-4010335-80-m   40тн', 'Гп.40тн', NULL, '0', 1, '2013-12-11 20:55:26', 1, '2013-12-11 20:55:26'),
(129, 14, 25, 'Портальный  погрузчик  КЛАРК 520/11 30,5тн', 'Гп.30,5тн.Высота подъема-', NULL, '0', 1, '2013-12-11 20:55:26', 1, '2013-12-11 20:55:26'),
(130, 14, 26, 'Портальный  погрузчик  ВАЛМЕТ  LU 3510235-78-T  30,5тн', 'Гп.30,5тн.', NULL, '0', 1, '2013-12-11 20:55:26', 1, '2013-12-11 20:55:26'),
(131, 14, 27, 'Портальный  погрузчик  ССД 300              30,5тн', 'Гп.30,5тн.Высота подъема-9,025м', NULL, '0', 1, '2013-12-11 20:55:26', 1, '2013-12-11 20:55:26'),
(132, 14, 15, 'Портальный  погрузчик МИЦУБИСИ VSC-4033TС 30,5тн', 'Гп.30.5тн.Высота подъема-8,9м', NULL, '0', 1, '2013-12-11 20:55:26', 1, '2013-12-11 20:55:26'),
(133, 15, 1, 'Контейнер. погрузчик Рич Стакер DRD 100-52S6    10тн', NULL, NULL, '0', 1, '2013-12-11 20:55:26', 1, '2013-12-11 20:55:26'),
(134, 15, 21, 'Контейнер. погрузчик  Рич Стакер DRD 420-65S5X  42тн', 'Гп.42тн', NULL, '0', 1, '2013-12-11 20:55:26', 1, '2013-12-11 20:55:26'),
(135, 15, 28, 'Погрузчик Кальмар Рич Стакер DCD420-60 S5   42,0тн', 'Гп.42тн', NULL, '0', 1, '2013-12-11 20:55:26', 1, '2013-12-11 20:55:26'),
(136, 15, 28, 'Контейнер. погрузчик Рич Стакер DRS 4527-S5  45тн', 'Гп.45тн', NULL, '0', 1, '2013-12-11 20:55:26', 1, '2013-12-11 20:55:26'),
(137, 15, 1, 'Контейнер. погрузчик Рич Стакер RSD 4527       45тн', 'Гп.45тн', NULL, '0', 1, '2013-12-11 20:55:26', 1, '2013-12-11 20:55:26'),
(138, 15, 29, 'Контейнер. погрузчик Рич Стакер 4120-5TL  41тн', 'Гп.41тн', NULL, '0', 1, '2013-12-11 20:55:26', 1, '2013-12-11 20:55:26'),
(139, 15, 21, 'Контейнер. погрузчик Рич Стакер RSD 4531       45тн', 'Гп.45тн', NULL, '0', 1, '2013-12-11 20:55:26', 1, '2013-12-11 20:55:26'),
(140, 15, 1, 'Погрузчик Фантуччи Рич Стакер  CS45KM              45,0тн', NULL, NULL, '0', 1, '2013-12-11 20:55:26', 1, '2013-12-11 20:55:26'),
(141, 15, 1, 'Автопогрузчик SMV              12тн', NULL, NULL, '0', 1, '2013-12-11 20:55:26', 1, '2013-12-11 20:55:26'),
(142, 15, 1, 'Автопогрузчик SMV              42тн', NULL, NULL, '0', 1, '2013-12-11 20:55:26', 1, '2013-12-11 20:55:26'),
(143, 15, 1, 'Автопогрузчик ТОЕТА  FD-250     25тн', NULL, NULL, '0', 1, '2013-12-11 20:55:26', 1, '2013-12-11 20:55:26'),
(144, 15, 1, 'Автопогрузчик ТОЕТА  JG55-2FD180V    18тн', NULL, NULL, '0', 1, '2013-12-11 20:55:26', 1, '2013-12-11 20:55:26'),
(145, 15, 1, 'Автопогрузчик ТОЕТА  FD               13,5тн', NULL, NULL, '0', 1, '2013-12-11 20:55:26', 1, '2013-12-11 20:55:26'),
(146, 15, 1, 'Автопогрузчик TOETA FD 100-F50  10тн', NULL, NULL, '0', 1, '2013-12-11 20:55:26', 1, '2013-12-11 20:55:26'),
(147, 15, 1, 'Автопогрузчик ТОЕТА  FD-100-50    10тн', NULL, NULL, '0', 1, '2013-12-11 20:55:26', 1, '2013-12-11 20:55:26'),
(148, 15, 1, 'Автопогрузчик ТОЕТА  FD-100-FV    10тн', NULL, NULL, '0', 1, '2013-12-11 20:55:26', 1, '2013-12-11 20:55:26'),
(149, 15, 1, 'Автопогрузчик ТОЕТА  FD-100        10тн', NULL, NULL, '0', 1, '2013-12-11 20:55:26', 1, '2013-12-11 20:55:26'),
(150, 15, 1, 'Автопогрузчик ТОЕТА  2FD-100      10тн', NULL, NULL, '0', 1, '2013-12-11 20:55:26', 1, '2013-12-11 20:55:26'),
(151, 15, 1, 'Автопогрузчик ТОЕТА  2FD115       10тн', NULL, NULL, '0', 1, '2013-12-11 20:55:26', 1, '2013-12-11 20:55:26'),
(152, 15, 1, 'Автопогрузчик TOETA 2 FD100-FV  10,0тн', NULL, NULL, '0', 1, '2013-12-11 20:55:26', 1, '2013-12-11 20:55:26'),
(153, 15, 1, 'Автопогрузчик ТОЕТА  3FD115       10тн', NULL, NULL, '0', 1, '2013-12-11 20:55:26', 1, '2013-12-11 20:55:26'),
(154, 15, 1, 'Автопогрузчик КАЛЬМАР DC12-1200      12тн', NULL, NULL, '0', 1, '2013-12-11 20:55:26', 1, '2013-12-11 20:55:26'),
(155, 15, 1, 'Автопогрузчик КАЛЬМАР DCD120-6       12тн', NULL, NULL, '0', 1, '2013-12-11 20:55:26', 1, '2013-12-11 20:55:26'),
(156, 15, 1, 'Автопогрузчик КАЛЬМАР DCD136-6       13 ,6тн', NULL, NULL, '0', 1, '2013-12-11 20:55:26', 1, '2013-12-11 20:55:26'),
(157, 15, 1, 'Автопогрузчик  КАЛЬМАР DCD 160-12     16тн', NULL, NULL, '0', 1, '2013-12-11 20:55:26', 1, '2013-12-11 20:55:26'),
(158, 15, 1, 'Автопогрузчик КАЛЬМАР DCD200-12    20тн', NULL, NULL, '0', 1, '2013-12-11 20:55:26', 1, '2013-12-11 20:55:26'),
(159, 15, 1, 'Автопогрузчик КАЛЬМАР DCD250-12     25тн', NULL, NULL, '0', 1, '2013-12-11 20:55:26', 1, '2013-12-11 20:55:26'),
(160, 15, 1, 'Автопогрузчик КАЛЬМАР DC28 RoRo    28тн', NULL, NULL, '0', 1, '2013-12-11 20:55:26', 1, '2013-12-11 20:55:26'),
(161, 15, 1, 'Автопогрузчик КАЛЬМАР DC28 -1200  28тн', NULL, NULL, '0', 1, '2013-12-11 20:55:26', 1, '2013-12-11 20:55:26'),
(162, 15, 1, 'Автопогрузчик КАЛЬМАР DCD 370-12  37тн', NULL, NULL, '0', 1, '2013-12-11 20:55:26', 1, '2013-12-11 20:55:26'),
(163, 15, 1, 'Автопогрузчик КАЛЬМАР DC42-1200    42тн', NULL, NULL, '0', 1, '2013-12-11 20:55:26', 1, '2013-12-11 20:55:26'),
(164, 15, 1, 'Автопогрузчик КАЛЬМАР   16тн', NULL, NULL, '0', 1, '2013-12-11 20:55:26', 1, '2013-12-11 20:55:26'),
(165, 15, 1, 'Автопогрузчик КАЛЬМАР   20тн', NULL, NULL, '0', 1, '2013-12-11 20:55:26', 1, '2013-12-11 20:55:26'),
(166, 15, 1, 'Автопогрузчик КАЛЬМАР   28тн', NULL, NULL, '0', 1, '2013-12-11 20:55:26', 1, '2013-12-11 20:55:26'),
(167, 15, 1, 'Автопогрузчик КАЛЬМАР   10тн', NULL, NULL, '0', 1, '2013-12-11 20:55:26', 1, '2013-12-11 20:55:26'),
(168, 15, 1, 'Автопогрузчик КАЛЬМАР   41тн', NULL, NULL, '0', 1, '2013-12-11 20:55:26', 1, '2013-12-11 20:55:26'),
(169, 15, 1, 'Автопогрузчик КАЛЬМАР   45тн', NULL, NULL, '0', 1, '2013-12-11 20:55:26', 1, '2013-12-11 20:55:26'),
(170, 15, 1, 'Автопогрузчик КАЛЬМАР  DCE 160-12     16тн', NULL, NULL, '0', 1, '2013-12-11 20:55:26', 1, '2013-12-11 20:55:26'),
(171, 15, 1, 'Автопогрузчик КАЛЬМАР   25тн', NULL, NULL, '0', 1, '2013-12-11 20:55:26', 1, '2013-12-11 20:55:26'),
(172, 15, 1, 'Автопогрузчик КАЛЬМАР   32тн', NULL, NULL, '0', 1, '2013-12-11 20:55:26', 1, '2013-12-11 20:55:26'),
(173, 15, 1, 'Автопогрузчик  КАЛЬМАР  DCD 180-12      28тн', NULL, NULL, '0', 1, '2013-12-11 20:55:26', 1, '2013-12-11 20:55:26'),
(174, 15, 1, 'Автопогрузчик  КАЛЬМАР  DCD 280-12     28тн', NULL, NULL, '0', 1, '2013-12-11 20:55:26', 1, '2013-12-11 20:55:26'),
(175, 15, 1, 'Автопогрузчик  КАЛЬМАР  DCD 250-12LB     25тн', NULL, NULL, '0', 1, '2013-12-11 20:55:26', 1, '2013-12-11 20:55:26'),
(176, 15, 1, 'Автопогрузчик  КАЛЬМАР  DCD 320-12LB     32тн', NULL, NULL, '0', 1, '2013-12-11 20:55:26', 1, '2013-12-11 20:55:26'),
(177, 15, 1, 'Автопогрузчик  КАЛЬМАР  DCD 320-12     32тн', NULL, NULL, '0', 1, '2013-12-11 20:55:26', 1, '2013-12-11 20:55:26'),
(178, 15, 1, 'Автопогрузчик КАЛЬМАР  DCE 100-6      10тн', NULL, NULL, '0', 1, '2013-12-11 20:55:26', 1, '2013-12-11 20:55:26'),
(179, 15, 1, 'Автопогрузчик КАЛЬМАР  DCD 100-6      10тн', NULL, NULL, '0', 1, '2013-12-11 20:55:26', 1, '2013-12-11 20:55:26'),
(180, 15, 1, 'Автопогрузчик LMV КАЛЬМАР DC 10-600     10,0тн', NULL, NULL, '0', 1, '2013-12-11 20:55:26', 1, '2013-12-11 20:55:26'),
(181, 15, 1, 'Автопогрузчик КОМАЦУ FD-100-5   10,0тн', NULL, NULL, '0', 1, '2013-12-11 20:55:26', 1, '2013-12-11 20:55:26'),
(182, 15, 1, 'Автопогрузчик КОМАЦУ FD-100      10,0тн', NULL, NULL, '0', 1, '2013-12-11 20:55:26', 1, '2013-12-11 20:55:26'),
(183, 15, 1, 'Автопогрузчик КОМАЦУ FD-150      15,0тн', NULL, NULL, '0', 1, '2013-12-11 20:55:26', 1, '2013-12-11 20:55:26'),
(184, 15, 1, 'Автопогрузчик КОМАЦУ    10,0тн', NULL, NULL, '0', 1, '2013-12-11 20:55:26', 1, '2013-12-11 20:55:26'),
(185, 15, 1, 'Автопогрузчик КОМАЦУ    18,0тн', NULL, NULL, '0', 1, '2013-12-11 20:55:26', 1, '2013-12-11 20:55:26'),
(186, 15, 1, 'Автопогрузчик КОМАЦУ    25,0тн', NULL, NULL, '0', 1, '2013-12-11 20:55:26', 1, '2013-12-11 20:55:26'),
(187, 15, 1, 'Автопогрузчик ВАЛМЕТ TD 2512 - A2592      25,0тн', NULL, NULL, '0', 1, '2013-12-11 20:55:26', 1, '2013-12-11 20:55:26'),
(188, 15, 1, 'Автопогрузчик ВАЛМЕТ TD 2512    25тн', NULL, NULL, '0', 1, '2013-12-11 20:55:26', 1, '2013-12-11 20:55:26'),
(189, 15, 1, 'Автопогрузчик ВАЛМЕТ  10,0тн', NULL, NULL, '0', 1, '2013-12-11 20:55:26', 1, '2013-12-11 20:55:26'),
(190, 15, 1, 'Автопогрузчик ВАЛМЕТ TD 1206    12тн', NULL, NULL, '0', 1, '2013-12-11 20:55:26', 1, '2013-12-11 20:55:26'),
(191, 15, 1, 'Автопогрузчик ВАЛМЕТ TD 2512    25тн', NULL, NULL, '0', 1, '2013-12-11 20:55:26', 1, '2013-12-11 20:55:26'),
(192, 15, 1, 'Автопогрузчик ВАЛМЕТ                                   16тн', NULL, NULL, '0', 1, '2013-12-11 20:55:26', 1, '2013-12-11 20:55:26'),
(193, 15, 1, 'Автопогрузчик ВАЛМЕТ TD 1612    16тн', NULL, NULL, '0', 1, '2013-12-11 20:55:26', 1, '2013-12-11 20:55:26'),
(194, 15, 1, 'Автопогрузчик ВАЛМЕТ TD 2112    21тн', NULL, NULL, '0', 1, '2013-12-11 20:55:26', 1, '2013-12-11 20:55:26'),
(195, 15, 1, 'Автопогрузчик ВАЛМЕТ  22тн', NULL, NULL, '0', 1, '2013-12-11 20:55:26', 1, '2013-12-11 20:55:26'),
(196, 15, 1, 'Автопогрузчик ВАЛМЕТ TD 2512    25тн', NULL, NULL, '0', 1, '2013-12-11 20:55:26', 1, '2013-12-11 20:55:26'),
(197, 15, 1, 'Автопогрузчик ВАЛМЕТ TD 2512 - A2592      25,0тн', NULL, NULL, '0', 1, '2013-12-11 20:55:26', 1, '2013-12-11 20:55:26'),
(198, 15, 1, 'Автопогрузчик КАЛЬМАР DCD 200-12LB      20тн', NULL, NULL, '0', 1, '2013-12-11 20:55:26', 1, '2013-12-11 20:55:26'),
(199, 15, 1, 'Автопогрузчик КАЛЬМАР DC5-600            5тн', NULL, NULL, '0', 1, '2013-12-11 20:55:26', 1, '2013-12-11 20:55:26'),
(200, 15, 1, 'Автопогрузчик  Кальмар DCD 160-12     16тн', NULL, NULL, '0', 1, '2013-12-11 20:55:26', 1, '2013-12-11 20:55:26'),
(201, 15, 1, 'Автопогрузчик КАЛЬМАР DCD 160-12LB     16тн', NULL, NULL, '0', 1, '2013-12-11 20:55:26', 1, '2013-12-11 20:55:26'),
(202, 15, 1, 'Автопогрузчик Кальмар DCE 160-12     16тн', NULL, NULL, '0', 1, '2013-12-11 20:55:26', 1, '2013-12-11 20:55:26'),
(203, 15, 1, 'Автопогрузчик КАЛЬМАР  DC12-1200     12тн', NULL, NULL, '0', 1, '2013-12-11 20:55:26', 1, '2013-12-11 20:55:26'),
(204, 15, 1, 'Автопогрузчик КАЛЬМАР  DCD120-6      12тн', NULL, NULL, '0', 1, '2013-12-11 20:55:26', 1, '2013-12-11 20:55:26'),
(205, 15, 1, 'Автопогрузчик LMV КАЛЬМАР DC 10-600     10,0тн', NULL, NULL, '0', 1, '2013-12-11 20:55:26', 1, '2013-12-11 20:55:26'),
(206, 15, 1, 'Автопогрузчик КАЛЬМАР T-3301                     10тн', NULL, NULL, '0', 1, '2013-12-11 20:55:26', 1, '2013-12-11 20:55:26'),
(207, 15, 1, 'Автопогрузчик LMV  КАЛЬМАР DC 13,6EC4  13,6тн', NULL, NULL, '0', 1, '2013-12-11 20:55:26', 1, '2013-12-11 20:55:26'),
(208, 15, 1, 'Автопогрузчик LMV КАЛЬМАР   10,0тн', NULL, NULL, '0', 1, '2013-12-11 20:55:26', 1, '2013-12-11 20:55:26'),
(209, 15, 1, 'Автопогрузчик LMV КАЛЬМАР   16тн', NULL, NULL, '0', 1, '2013-12-11 20:55:26', 1, '2013-12-11 20:55:26'),
(210, 15, 1, 'Автопогрузчик КАЛЬМАР DCD 200-12LB      20тн', NULL, NULL, '0', 1, '2013-12-11 20:55:26', 1, '2013-12-11 20:55:26'),
(211, 15, 1, 'Автопогрузчик КАЛЬМАР DCD250-12LB           25тн', NULL, NULL, '0', 1, '2013-12-11 20:55:26', 1, '2013-12-11 20:55:26'),
(212, 15, 1, 'Автопогрузчик КАЛЬМАР DCD250-12LB           25тн', NULL, NULL, '0', 1, '2013-12-11 20:55:26', 1, '2013-12-11 20:55:26'),
(213, 15, 1, 'Автопогрузчик LMV КАЛЬМАР DC 25-1200       25тн', NULL, NULL, '0', 1, '2013-12-11 20:55:26', 1, '2013-12-11 20:55:26'),
(214, 15, 1, 'Автопогрузчик LMV КАЛЬМАР DC 28 RO-R      28тн', NULL, NULL, '0', 1, '2013-12-11 20:55:26', 1, '2013-12-11 20:55:26'),
(215, 15, 1, 'Автопогрузчик LMV КАЛЬМАР DC 28-1200       28тн', NULL, NULL, '0', 1, '2013-12-11 20:55:26', 1, '2013-12-11 20:55:26'),
(216, 15, 1, 'Автопогрузчик  КАЛЬМАР  DCD 280-12     28тн', NULL, NULL, '0', 1, '2013-12-11 20:55:26', 1, '2013-12-11 20:55:26'),
(217, 15, 1, 'Автопогрузчик  КАЛЬМАР DCD 320-12LB      32,0тн', NULL, NULL, '0', 1, '2013-12-11 20:55:26', 1, '2013-12-11 20:55:26'),
(218, 15, 1, 'Автопогрузчик  КАЛЬМАР DCD 320-12   32,0тн', NULL, NULL, '0', 1, '2013-12-11 20:55:26', 1, '2013-12-11 20:55:26'),
(219, 15, 1, 'Автопогрузчик ЛМВ КАЛЬМАР DC 32            32тн', NULL, NULL, '0', 1, '2013-12-11 20:55:26', 1, '2013-12-11 20:55:26'),
(220, 15, 1, 'Автопогрузчик  КАЛЬМАР DCD 370-12     37,0тн', NULL, NULL, '0', 1, '2013-12-11 20:55:26', 1, '2013-12-11 20:55:26'),
(221, 15, 1, 'Автопогрузчик LMV КАЛЬМАР DC 42-1200  42тн', NULL, NULL, '0', 1, '2013-12-11 20:55:26', 1, '2013-12-11 20:55:26'),
(222, 15, 1, 'Автопогрузчик ЛИНДЕ H370 SL37-1200A     37тн', NULL, NULL, '0', 1, '2013-12-11 20:55:26', 1, '2013-12-11 20:55:26'),
(223, 15, 1, 'Автопогрузчик ЛМВ ЛАНСИНГ H-280 RO-RO 28тн', NULL, NULL, '0', 1, '2013-12-11 20:55:26', 1, '2013-12-11 20:55:26'),
(224, 15, 1, 'Автопогрузчик БОСС-ТРАК B1612    16тн', NULL, NULL, '0', 1, '2013-12-11 20:55:26', 1, '2013-12-11 20:55:26'),
(225, 15, 1, 'Автопогрузчик БОСС-ТРАК C100   10,0 тн', NULL, NULL, '0', 1, '2013-12-11 20:55:26', 1, '2013-12-11 20:55:26'),
(226, 15, 1, 'Автопогрузчик СИСУ     28тн', NULL, NULL, '0', 1, '2013-12-11 20:55:26', 1, '2013-12-11 20:55:26'),
(227, 15, 1, 'Автопогрузчик МИЦУБИСИ F-1585               10,0тн', NULL, NULL, '0', 1, '2013-12-11 20:55:26', 1, '2013-12-11 20:55:26'),
(228, 15, 1, 'Автопогрузчик МИЦУБИСИ FD-100              10,0тн', NULL, NULL, '0', 1, '2013-12-11 20:55:26', 1, '2013-12-11 20:55:26'),
(229, 16, 1, 'Портовый тягач КАЛЬМАР', NULL, NULL, '0', 1, '2013-12-11 20:55:26', 1, '2013-12-11 20:55:26'),
(230, 16, 30, 'Портовый тягач Сису  24тн', NULL, NULL, '0', 1, '2013-12-11 20:55:26', 1, '2013-12-11 20:55:26'),
(231, 16, 30, 'Портовый тягач Сису TR-182         32,0тн', 'Гп.32тн', NULL, '0', 1, '2013-12-11 20:55:26', 1, '2013-12-11 20:55:26'),
(232, 16, 1, 'Портовый тягач Сису TRХ-181AL', NULL, NULL, '0', 1, '2013-12-11 20:55:26', 1, '2013-12-11 20:55:26'),
(233, 16, 1, 'Портовый тягач Сису TRX-182', NULL, NULL, '0', 1, '2013-12-11 20:55:26', 1, '2013-12-11 20:55:26'),
(234, 16, 1, 'Портовый тягач Сису TRX-182 AL  32,0 тн', NULL, NULL, '0', 1, '2013-12-11 20:55:26', 1, '2013-12-11 20:55:26'),
(235, 16, 30, 'Портовый тягач Сису TR-180AL', NULL, NULL, '0', 1, '2013-12-11 20:55:26', 1, '2013-12-11 20:55:26'),
(236, 16, 1, 'Портовый тягач Терберг', NULL, NULL, '0', 1, '2013-12-11 20:55:26', 1, '2013-12-11 20:55:26'),
(237, 16, 31, 'Портовый тягач Терберг 200       27тн', '27тн.', NULL, '0', 1, '2013-12-11 20:55:26', 1, '2013-12-11 20:55:26'),
(238, 16, 31, 'Портовый тягач Терберг 280  37,5тн', '37,5тн', NULL, '0', 1, '2013-12-11 20:55:26', 1, '2013-12-11 20:55:26'),
(239, 16, 1, 'Портовый тягач Терберг RT-2638', NULL, NULL, '0', 1, '2013-12-11 20:55:26', 1, '2013-12-11 20:55:26'),
(240, 16, 1, 'Портовый тягач Терберг RT-2633', NULL, NULL, '0', 1, '2013-12-11 20:55:26', 1, '2013-12-11 20:55:26'),
(241, 16, 31, 'Портовый тягач Терберг TR26           37,5тн', NULL, NULL, '0', 1, '2013-12-11 20:55:26', 1, '2013-12-11 20:55:26'),
(242, 16, 31, 'Портовый тягач Терберг RT282  34тн', '34тн', NULL, '0', 1, '2013-12-11 20:55:26', 1, '2013-12-11 20:55:26'),
(243, 16, 31, 'Портовый тягач Терберг 260  37,5тн', '37тн.', NULL, '0', 1, '2013-12-11 20:55:26', 1, '2013-12-11 20:55:26'),
(244, 16, 31, 'Портовый тягач ТЕРБЕРГ  RT-222 4x4', NULL, NULL, '0', 1, '2013-12-11 20:55:26', 1, '2013-12-11 20:55:26'),
(245, 16, 31, 'Портовый тягач ТЕРБЕРГ  RT-222', NULL, NULL, '0', 1, '2013-12-11 20:55:26', 1, '2013-12-11 20:55:26'),
(246, 16, 31, 'Портовый тягач Терберг TR26           37,5тн', '37,5тн', NULL, '0', 1, '2013-12-11 20:55:26', 1, '2013-12-11 20:55:26'),
(247, 16, 1, 'Портовый тягач ТЕРБЕРГ RT-26           37,5тн', NULL, NULL, '0', 1, '2013-12-11 20:55:26', 1, '2013-12-11 20:55:26'),
(248, 16, 30, 'Портовый тягач Сису TR-160              30,5тн', '30,5тн', NULL, '0', 1, '2013-12-11 20:55:26', 1, '2013-12-11 20:55:26'),
(249, 16, 30, 'Портовый тягач Сису TR-160 AL         25тн', '25тн.', NULL, '0', 1, '2013-12-11 20:55:26', 1, '2013-12-11 20:55:26'),
(250, 16, 30, 'Портовый тягач Сису TR-160 BL', NULL, NULL, '0', 1, '2013-12-11 20:55:26', 1, '2013-12-11 20:55:26'),
(251, 16, 32, 'Портовый тягач ROTRUCK 4/180HD  40тн', '40тн', NULL, '0', 1, '2013-12-11 20:55:26', 1, '2013-12-11 20:55:26'),
(252, 16, 32, 'Портовый тягач ROTRUCK 200-4x4     30,5тн', '30,5тн', NULL, '0', 1, '2013-12-11 20:55:26', 1, '2013-12-11 20:55:26'),
(253, 16, 1, 'Портовый тягач РОДРИК    25тн', NULL, NULL, '0', 1, '2013-12-11 20:55:26', 1, '2013-12-11 20:55:26'),
(254, 16, 1, 'Портовый тягач РОДРИК    25тн', NULL, NULL, '0', 1, '2013-12-11 20:55:26', 1, '2013-12-11 20:55:26'),
(255, 17, 1, 'Магистральный тягач', NULL, NULL, '0', 1, '2013-12-11 20:55:26', 1, '2013-12-11 20:55:26'),
(256, 18, 1, 'Плавучий перегружатель зерновой', NULL, NULL, '0', 1, '2013-12-11 20:55:26', 1, '2013-12-11 20:55:26'),
(257, 18, 1, 'Портальный пневмоперегружатель ХАРТМАН  300тн/час', NULL, NULL, '0', 1, '2013-12-11 20:55:26', 1, '2013-12-11 20:55:26'),
(258, 18, 1, 'Портальный пневмоперегружaтель ХАРТМАН  2x150тн/час', NULL, NULL, '0', 1, '2013-12-11 20:55:26', 1, '2013-12-11 20:55:26'),
(259, 19, 1, 'Мобильн.пневмопогр.НОЙЕРО GSD 210/140 D 50тн/час', NULL, NULL, '0', 1, '2013-12-11 20:55:26', 1, '2013-12-11 20:55:26'),
(260, 19, 1, 'Пневмоперегружатель NEUERO GSD 210/140 EL   90т/час', NULL, NULL, '0', 1, '2013-12-11 20:55:26', 1, '2013-12-11 20:55:26'),
(261, 19, 1, 'Мобильн.пневмопогр.НОЙЕРО GSD 250/220 D 80тн/час', NULL, NULL, '0', 1, '2013-12-11 20:55:26', 1, '2013-12-11 20:55:26'),
(262, 20, 1, 'Автопогрузчик Босс H16D       1,6тн', NULL, NULL, '0', 1, '2013-12-11 20:55:26', 1, '2013-12-11 20:55:26'),
(263, 20, 1, 'Автопогрузчик Кларк  CDP20         2,0тн', NULL, NULL, '0', 1, '2013-12-11 20:55:26', 1, '2013-12-11 20:55:26'),
(264, 20, 1, 'Автопогрузчик КАЛЬМАР DCD 60-6  6тн', NULL, NULL, '0', 1, '2013-12-11 20:55:26', 1, '2013-12-11 20:55:26'),
(265, 20, 1, 'Автопогрузчик Кальмар DCD 70-6  7тн', NULL, NULL, '0', 1, '2013-12-11 20:55:26', 1, '2013-12-11 20:55:26'),
(266, 20, 21, 'Автопогрузчик Кальмар DCD 70-40E5  7тн', 'Гп.7тн', NULL, '0', 1, '2013-12-11 20:55:26', 1, '2013-12-11 20:55:26'),
(267, 20, 1, 'Автопогрузчик Кальмар DCD 80-6         8тн', 'Гп.8тн', NULL, '0', 1, '2013-12-11 20:55:26', 1, '2013-12-11 20:55:26'),
(268, 20, 1, 'Автопогрузчик Линде H20D-03   2,0тн', NULL, NULL, '0', 1, '2013-12-11 20:55:26', 1, '2013-12-11 20:55:26'),
(269, 20, 1, 'Автопогрузчик Линде H25D-02   2,5тн', NULL, NULL, '0', 1, '2013-12-11 20:55:26', 1, '2013-12-11 20:55:26'),
(270, 20, 1, 'Автопогрузчик Линде H40D   4,0тн', NULL, NULL, '0', 1, '2013-12-11 20:55:26', 1, '2013-12-11 20:55:26'),
(271, 20, 1, 'Автопогрузчик ЛИНДЕ H25D        2,5тн', NULL, NULL, '0', 1, '2013-12-11 20:55:26', 1, '2013-12-11 20:55:26'),
(272, 20, 1, 'Автопогрузчик ЛИНДЕ H25D-03        2,5тн', NULL, NULL, '0', 1, '2013-12-11 20:55:26', 1, '2013-12-11 20:55:26'),
(273, 20, 1, 'Автопогрузчик ЛИНДЕ H50D        5,0тн', NULL, NULL, '0', 1, '2013-12-11 20:55:26', 1, '2013-12-11 20:55:26'),
(274, 20, 1, 'Автопогрузчик Линде H70D    7,0тн', NULL, NULL, '0', 1, '2013-12-11 20:55:26', 1, '2013-12-11 20:55:26'),
(275, 20, 1, 'Автопогрузчик 4045Р              5,0тн', NULL, NULL, '0', 1, '2013-12-11 20:55:26', 1, '2013-12-11 20:55:26'),
(276, 20, 34, 'Автопогрузчик 4014               5,0тн', NULL, NULL, '0', 1, '2013-12-11 20:55:26', 1, '2013-12-11 20:55:26'),
(277, 20, 1, 'Автопогрузчик 4014М              5,0тн', NULL, NULL, '0', 1, '2013-12-11 20:55:26', 1, '2013-12-11 20:55:26'),
(278, 20, 1, 'Автопогрузчик 4081               5,0тн', NULL, NULL, '0', 1, '2013-12-11 20:55:26', 1, '2013-12-11 20:55:26'),
(279, 20, 1, 'Автопогрузчик 40814              5,0тн', NULL, NULL, '0', 1, '2013-12-11 20:55:26', 1, '2013-12-11 20:55:26'),
(280, 20, 1, 'Автопогрузчик 4014А              5,0тн', NULL, NULL, '0', 1, '2013-12-11 20:55:26', 1, '2013-12-11 20:55:26'),
(281, 20, 1, 'Автопогрузчик 40811Д             5,0тн', NULL, NULL, '0', 1, '2013-12-11 20:55:26', 1, '2013-12-11 20:55:26'),
(282, 20, 1, 'Автопогрузчик Тойота 5ED 1,5тн', NULL, NULL, '0', 1, '2013-12-11 20:55:26', 1, '2013-12-11 20:55:26'),
(283, 20, 1, 'Автопогрузчик Тойота FD-15  1,5тн', NULL, NULL, '0', 1, '2013-12-11 20:55:26', 1, '2013-12-11 20:55:26'),
(284, 20, 1, 'Автопогрузчик TOETA 02-FD15 FVA4      1,5тн', NULL, NULL, '0', 1, '2013-12-11 20:55:26', 1, '2013-12-11 20:55:26'),
(285, 20, 35, 'Автопогрузчик TOETA 02-2FD15     1,5тн', NULL, NULL, '0', 1, '2013-12-11 20:55:26', 1, '2013-12-11 20:55:26'),
(286, 20, 35, 'Автопогрузчик TOETA 02-3FD15     1,5тн', 'не нашел!', NULL, '0', 1, '2013-12-11 20:55:26', 1, '2013-12-11 20:55:26'),
(287, 20, 1, 'Автопогрузчик TOETA 02-5FD15     1,5тн', NULL, NULL, '0', 1, '2013-12-11 20:55:26', 1, '2013-12-11 20:55:26'),
(288, 20, 1, 'Автопогрузчик TOETA 02-6FD15     1,5тн', NULL, NULL, '0', 1, '2013-12-11 20:55:26', 1, '2013-12-11 20:55:26'),
(289, 20, 1, 'Автопогрузчик TOETA 02-7FD15     1,5тн', NULL, NULL, '0', 1, '2013-12-11 20:55:26', 1, '2013-12-11 20:55:26'),
(290, 20, 35, 'Автопогрузчик TOETA 02-7FD15F   1,5тн', NULL, NULL, '0', 1, '2013-12-11 20:55:26', 1, '2013-12-11 20:55:26'),
(291, 20, 1, 'Автопогрузчик TOETA 6FD18  1,8тн', NULL, NULL, '0', 1, '2013-12-11 20:55:26', 1, '2013-12-11 20:55:26'),
(292, 20, 1, 'Автопогрузчик Тойота FD20   2,0тн', NULL, NULL, '0', 1, '2013-12-11 20:55:26', 1, '2013-12-11 20:55:26'),
(293, 20, 1, 'Автопогрузчик TOETA 02-6FD30     3,0тн', NULL, NULL, '0', 1, '2013-12-11 20:55:26', 1, '2013-12-11 20:55:26'),
(294, 20, 35, 'Автопогрузчик TOETA 02-6FD18     1,8тн', NULL, NULL, '0', 1, '2013-12-11 20:55:26', 1, '2013-12-11 20:55:26'),
(295, 20, 1, 'Автопогрузчик ТОЙОТА       4тн', NULL, NULL, '0', 1, '2013-12-11 20:55:26', 1, '2013-12-11 20:55:26'),
(296, 20, 1, 'Автопогрузчик ТОЙОТА       3,5тн', NULL, NULL, '0', 1, '2013-12-11 20:55:26', 1, '2013-12-11 20:55:26'),
(297, 20, 1, 'Автопогрузчик ТОЙОТА       2тн', NULL, NULL, '0', 1, '2013-12-11 20:55:26', 1, '2013-12-11 20:55:26'),
(298, 20, 1, 'Автопогрузчик ТОЙОТА      1,75тн', NULL, NULL, '0', 1, '2013-12-11 20:55:26', 1, '2013-12-11 20:55:26'),
(299, 20, 1, 'Автопогрузчик ТОЙОТА      1,5тн', NULL, NULL, '0', 1, '2013-12-11 20:55:26', 1, '2013-12-11 20:55:26'),
(300, 20, 1, 'Автопогрузчик ХАЙСТЕР      2тн', NULL, NULL, '0', 1, '2013-12-11 20:55:26', 1, '2013-12-11 20:55:26'),
(301, 20, 1, 'Автопогрузчик ХАЙСТЕР H3.00 XM  3,0тн', NULL, NULL, '0', 1, '2013-12-11 20:55:26', 1, '2013-12-11 20:55:26'),
(302, 20, 1, 'Автопогрузчик ХАЙСТЕР      5тн', NULL, NULL, '0', 1, '2013-12-11 20:55:26', 1, '2013-12-11 20:55:26'),
(303, 20, 1, 'Автопогрузчик ХАЙСТЕР      7тн', NULL, NULL, '0', 1, '2013-12-11 20:55:26', 1, '2013-12-11 20:55:26'),
(304, 20, 1, 'Автопогрузчик TOETA 02-7FD15 FV3000     1,5тн', NULL, NULL, '0', 1, '2013-12-11 20:55:26', 1, '2013-12-11 20:55:26'),
(305, 20, 1, 'Автопогрузчик TOETA 02-7FD18    1,6тн', NULL, NULL, '0', 1, '2013-12-11 20:55:26', 1, '2013-12-11 20:55:26'),
(306, 20, 1, 'Автопогрузчик TOETA 02-7FD45     4,5тн', NULL, NULL, '0', 1, '2013-12-11 20:55:26', 1, '2013-12-11 20:55:26'),
(307, 20, 1, 'Автопогрузчик TOETA 7FD18 FV2870         1,5тн', NULL, NULL, '0', 1, '2013-12-11 20:55:26', 1, '2013-12-11 20:55:26'),
(308, 20, 1, 'Автопогрузчик TOETA 7FD18 FV3000         1,5тн', NULL, NULL, '0', 1, '2013-12-11 20:55:26', 1, '2013-12-11 20:55:26'),
(309, 20, 35, 'Автопогрузчик TOETA 7FD18  1,8тн', NULL, NULL, '0', 1, '2013-12-11 20:55:26', 1, '2013-12-11 20:55:26'),
(310, 20, 1, 'Автопогрузчик TOETA 02-5-FD15 FVA4    1,5тн', NULL, NULL, '0', 1, '2013-12-11 20:55:26', 1, '2013-12-11 20:55:26'),
(311, 20, 35, 'Автопогрузчик TOETA 02-5FD15     1,5тн', NULL, NULL, '0', 1, '2013-12-11 20:55:26', 1, '2013-12-11 20:55:26'),
(312, 20, 1, 'Автопогрузчик TOETA 02-5FD18     1.5тн', NULL, NULL, '0', 1, '2013-12-11 20:55:26', 1, '2013-12-11 20:55:26'),
(313, 20, 1, 'Автопогрузчик TOETA 3FD-18         1.5тн', NULL, NULL, '0', 1, '2013-12-11 20:55:26', 1, '2013-12-11 20:55:26'),
(314, 20, 1, 'Автопогрузчик TOETA 02-3PO15     1,5тн', NULL, NULL, '0', 1, '2013-12-11 20:55:26', 1, '2013-12-11 20:55:26'),
(315, 20, 35, 'Автопогрузчик TOETA 02-5FD20     2,0тн', NULL, NULL, '0', 1, '2013-12-11 20:55:26', 1, '2013-12-11 20:55:26'),
(316, 20, 35, 'Автопогрузчик TOETA 02-3FD40     3,2тн', NULL, NULL, '0', 1, '2013-12-11 20:55:26', 1, '2013-12-11 20:55:26');
INSERT INTO `models` (`model_id`, `group_id`, `manufacturer_id`, `name`, `details`, `note`, `archived`, `create_user_id`, `create_date`, `update_user_id`, `update_date`) VALUES
(317, 20, 1, 'Автопогрузчик TOETA 02-5FD40     4,0тн', NULL, NULL, '0', 1, '2013-12-11 20:55:26', 1, '2013-12-11 20:55:26'),
(318, 20, 35, 'Автопогрузчик TOETA 02-5FD45    5,0тн', NULL, NULL, '0', 1, '2013-12-11 20:55:26', 1, '2013-12-11 20:55:26'),
(319, 20, 1, 'Автопогрузчик TOETA 20-5FD70    7,0тн', NULL, NULL, '0', 1, '2013-12-11 20:55:26', 1, '2013-12-11 20:55:26'),
(320, 20, 1, 'Автопогрузчик TOETA FD-40           3,2тн', NULL, NULL, '0', 1, '2013-12-11 20:55:26', 1, '2013-12-11 20:55:26'),
(321, 20, 35, 'Автопогрузчик TOETA FD-45            4,0тн', NULL, NULL, '0', 1, '2013-12-11 20:55:26', 1, '2013-12-11 20:55:26'),
(322, 20, 1, 'Автопогрузчик TOETA 3FD-40          3,0тн', NULL, NULL, '0', 1, '2013-12-11 20:55:26', 1, '2013-12-11 20:55:26'),
(323, 15, 1, 'Автопогрузчик ТОЕТА  2FD 100FV     10тн', NULL, NULL, '0', 1, '2013-12-11 20:55:26', 1, '2013-12-11 20:55:26'),
(324, 15, 1, 'Автопогрузчик ТОЕТА  3FD115       10тн', NULL, NULL, '0', 1, '2013-12-11 20:55:26', 1, '2013-12-11 20:55:26'),
(325, 20, 35, 'Автопогрузчик TOETA FD-40          4,0тн', NULL, NULL, '0', 1, '2013-12-11 20:55:26', 1, '2013-12-11 20:55:26'),
(326, 20, 1, 'Автопогрузчик TOETA 5FD80        6,2тн', NULL, NULL, '0', 1, '2013-12-11 20:55:26', 1, '2013-12-11 20:55:26'),
(327, 20, 1, 'Автопогрузчик TOETA 5FD60        6,0тн', NULL, NULL, '0', 1, '2013-12-11 20:55:26', 1, '2013-12-11 20:55:26'),
(328, 20, 35, 'Автопогрузчик TOETA FD-70   7,0тн', NULL, NULL, '0', 1, '2013-12-11 20:55:26', 1, '2013-12-11 20:55:26'),
(329, 20, 35, 'Автопогрузчик TOETA FD-7072      5,25тн', NULL, NULL, '0', 1, '2013-12-11 20:55:26', 1, '2013-12-11 20:55:26'),
(330, 20, 35, 'Автопогрузчик TOETA 7FDJ 35    3,5тн', NULL, NULL, '0', 1, '2013-12-11 20:55:26', 1, '2013-12-11 20:55:26'),
(331, 20, 1, 'Автопогрузчик  ТОЕТА 5FD 100     7,2тн', NULL, NULL, '0', 1, '2013-12-11 20:55:26', 1, '2013-12-11 20:55:26'),
(332, 20, 1, 'Автопогрузчик TOETA 5FD80        6,2тн', NULL, NULL, '0', 1, '2013-12-11 20:55:26', 1, '2013-12-11 20:55:26'),
(333, 20, 15, 'Автопогрузчик МИЦУБИСИ FD18K 1,75тн', NULL, NULL, '0', 1, '2013-12-11 20:55:26', 1, '2013-12-11 20:55:26'),
(334, 20, 1, 'Автопогрузчик МИЦУБИСИ FD-20     2,0тн', NULL, NULL, '0', 1, '2013-12-11 20:55:26', 1, '2013-12-11 20:55:26'),
(335, 20, 1, 'Автопогрузчик МИЦУБИСИ FD-25     2,5тн', NULL, NULL, '0', 1, '2013-12-11 20:55:26', 1, '2013-12-11 20:55:26'),
(336, 20, 1, 'Автопогрузчик МИЦУБИСИ FD-70     7,0тн', NULL, NULL, '0', 1, '2013-12-11 20:55:26', 1, '2013-12-11 20:55:26'),
(337, 20, 1, 'Автопогрузчик МИЦУБИСИ F32BE  FD80       8,0тн', 'Гп.8тн', NULL, '0', 1, '2013-12-11 20:55:26', 1, '2013-12-11 20:55:26'),
(338, 20, 1, 'Автопогрузчик МИЦУБИСИ F32BE  FD80T       8,0тн', NULL, NULL, '0', 1, '2013-12-11 20:55:26', 1, '2013-12-11 20:55:26'),
(339, 20, 1, 'Автопогрузчик КОМАЦУ FD-15       1,5тн', NULL, NULL, '0', 1, '2013-12-11 20:55:26', 1, '2013-12-11 20:55:26'),
(340, 20, 1, 'Автопогрузчик КОМАЦУ FD-25       2,5тн', NULL, NULL, '0', 1, '2013-12-11 20:55:26', 1, '2013-12-11 20:55:26'),
(341, 20, 1, 'Автопогрузчик КОМАЦУ FD-50       5,0тн', NULL, NULL, '0', 1, '2013-12-11 20:55:26', 1, '2013-12-11 20:55:26'),
(342, 20, 38, 'Автопогрузчик КОМАЦУ FD-70       7,0тн', NULL, NULL, '0', 1, '2013-12-11 20:55:26', 1, '2013-12-11 20:55:26'),
(343, 20, 1, 'Автопогрузчик КОМАЦУ FD-15HT-15       1,5тн', NULL, NULL, '0', 1, '2013-12-11 20:55:26', 1, '2013-12-11 20:55:26'),
(344, 20, 1, 'Автопогрузчик КОМАЦУ FD-15H-14       1,5тн', NULL, NULL, '0', 1, '2013-12-11 20:55:26', 1, '2013-12-11 20:55:26'),
(345, 20, 1, 'Автопогрузчик КОМАЦУ FD 15V-15       1,6тн', NULL, NULL, '0', 1, '2013-12-11 20:55:26', 1, '2013-12-11 20:55:26'),
(346, 20, 1, 'Автопогрузчик ЛИНДА  H 18           1,8тн', NULL, NULL, '0', 1, '2013-12-11 20:55:26', 1, '2013-12-11 20:55:26'),
(347, 20, 1, 'Автопогрузчик ЛИНДА  H16D-03  1,6тн', NULL, NULL, '0', 1, '2013-12-11 20:55:26', 1, '2013-12-11 20:55:26'),
(348, 20, 1, 'Автопогрузчик НИССАН ЕH02А25U    2,5тн', NULL, NULL, '0', 1, '2013-12-11 20:55:26', 1, '2013-12-11 20:55:26'),
(349, 20, 1, 'Автопогрузчик НИССАН YGF03A40TU  4,0тн', NULL, NULL, '0', 1, '2013-12-11 20:55:26', 1, '2013-12-11 20:55:26'),
(350, 20, 39, 'Автопогрузчик НИССАН WGF03A40TU  4,5тн', 'Гп.4,5тн', NULL, '0', 1, '2013-12-11 20:55:26', 1, '2013-12-11 20:55:26'),
(351, 20, 1, 'Автопогрузчик НИССАН WGF03A40TU  7,0тн', 'Гп.7тн', NULL, '0', 1, '2013-12-11 20:55:26', 1, '2013-12-11 20:55:26'),
(352, 20, 1, 'Автопогрузчик НИССАН  F03A                4,0тн', 'Гп.4тн', NULL, '0', 1, '2013-12-11 20:55:26', 1, '2013-12-11 20:55:26'),
(353, 20, 1, 'Автопогрузчик НИССАН 05А70И      7,0тн', 'Гп.7тн', NULL, '0', 1, '2013-12-11 20:55:26', 1, '2013-12-11 20:55:26'),
(354, 20, 1, 'Автопогрузчик НИССАН YGF03A40U     4.0тн', 'Гп.4тн', NULL, '0', 1, '2013-12-11 20:55:26', 1, '2013-12-11 20:55:26'),
(355, 20, 1, 'Автопогрузчик НИССАН VGF  03A  40V  4,0тн', 'Гп.4тн', NULL, '0', 1, '2013-12-11 20:55:26', 1, '2013-12-11 20:55:26'),
(356, 20, 1, 'Автопогрузчик НИССАН VGF  03A  40V  4,0тн', 'Гп.4тн', NULL, '0', 1, '2013-12-11 20:55:26', 1, '2013-12-11 20:55:26'),
(357, 20, 1, 'Автопогрузчик КОМАЦУ FD-15HT-15       1,5тн', NULL, NULL, '0', 1, '2013-12-11 20:55:26', 1, '2013-12-11 20:55:26'),
(358, 20, 40, 'Автопогрузчик TCM FD 15          1,5тн', 'Гп.1,5тн', NULL, '0', 1, '2013-12-11 20:55:26', 1, '2013-12-11 20:55:26'),
(359, 20, 40, 'Автопогрузчик TCM FD 30 Z5       3,0тн', 'Гп.3,0тн', NULL, '0', 1, '2013-12-11 20:55:26', 1, '2013-12-11 20:55:26'),
(360, 20, 40, 'Автопогрузчик TCM FD 40T8        4,1тн', 'Гп.4,1тн', NULL, '0', 1, '2013-12-11 20:55:26', 1, '2013-12-11 20:55:26'),
(361, 20, 1, 'Автопогрузчик  TCM FD 45T9        4,4тн', 'Гп.4,4тн', NULL, '0', 1, '2013-12-11 20:55:26', 1, '2013-12-11 20:55:26'),
(362, 20, 1, 'Автопогрузчик TCM                        5,0тн', 'Гп.5,0тн', NULL, '0', 1, '2013-12-11 20:55:26', 1, '2013-12-11 20:55:26'),
(363, 20, 40, 'Автопогрузчик TCM FD 70          7,0тн', 'Гп.4.1тн', NULL, '0', 1, '2013-12-11 20:55:26', 1, '2013-12-11 20:55:26'),
(364, 20, 40, 'Автопогрузчик TCM FD 25T6     2,5тн', 'Гп.2,5тн', NULL, '0', 1, '2013-12-11 20:55:26', 1, '2013-12-11 20:55:26'),
(365, 20, 1, 'Автопогрузчик  TCM 850', NULL, NULL, '0', 1, '2013-12-11 20:55:26', 1, '2013-12-11 20:55:26'),
(366, 20, 41, 'Автопогрузчик ХАЙСТЕР H3.00 XM  3,0тн', 'Гп.3тн', NULL, '0', 1, '2013-12-11 20:55:26', 1, '2013-12-11 20:55:26'),
(367, 20, 41, 'Автопогрузчик ХАЙСТЕР 6.5   6.5тн', 'Гп.6,5тн', NULL, '0', 1, '2013-12-11 20:55:26', 1, '2013-12-11 20:55:26'),
(368, 20, 41, 'Автопогрузчик ХАЙСТЕР H7.00 XL   7,0тн', 'Гп.7тн', NULL, '0', 1, '2013-12-11 20:55:26', 1, '2013-12-11 20:55:26'),
(369, 20, 41, 'Автопогрузчик ХАЙСТЕР H110F      5,0тн', 'Гп.5тн', NULL, '0', 1, '2013-12-11 20:55:26', 1, '2013-12-11 20:55:26'),
(370, 20, 41, 'Автопогрузчик ХАЙСТЕР H3.20XML  3,2тн', 'Гп.3,2тн', NULL, '0', 1, '2013-12-11 20:55:26', 1, '2013-12-11 20:55:26'),
(371, 20, 41, 'Автопогрузчик ХАЙСТЕР H60C       3,0тн', 'Гп.3тн', NULL, '0', 1, '2013-12-11 20:55:26', 1, '2013-12-11 20:55:26'),
(372, 20, 41, 'Автопогрузчик ХАЙСТЕР H2.50ХМ-D   2,5тн', 'Гп.2,5тн', NULL, '0', 1, '2013-12-11 20:55:26', 1, '2013-12-11 20:55:26'),
(373, 20, 41, 'Автопогрузчик ХАЙСТЕР H2.00ХМ-D   2тн', 'Гп.2тн', NULL, '0', 1, '2013-12-11 20:55:26', 1, '2013-12-11 20:55:26'),
(374, 20, 41, 'Автопогрузчик ХАЙСТЕР H1.5ХМ-D   1,50тн', 'Гп.1,5тн', NULL, '0', 1, '2013-12-11 20:55:26', 1, '2013-12-11 20:55:26'),
(375, 20, 1, 'Автопогрузчик Штилл R70  1,5тн', 'Гп.1,5тн', NULL, '0', 1, '2013-12-11 20:55:26', 1, '2013-12-11 20:55:26'),
(376, 20, 1, 'Автопогрузчик СУКУРОВА CF 40 C   7,0тн', 'Гп.7тн', NULL, '0', 1, '2013-12-11 20:55:26', 1, '2013-12-11 20:55:26'),
(377, 20, 1, 'Автопогрузчик ФУРУКАВА  6,0тн', NULL, NULL, '0', 1, '2013-12-11 20:55:26', 1, '2013-12-11 20:55:26'),
(378, 20, 1, 'Автопогрузчик ФУРУКАВА  4,5тн', NULL, NULL, '0', 1, '2013-12-11 20:55:26', 1, '2013-12-11 20:55:26'),
(379, 20, 1, 'Автопогрузчик КАТЕРПИЛЛАР 950G  6,0тн', NULL, NULL, '0', 1, '2013-12-11 20:55:26', 1, '2013-12-11 20:55:26'),
(380, 20, 1, 'Автопогрузчик КАТЕРПИЛЛАР 988  10,0тн', NULL, NULL, '0', 1, '2013-12-11 20:55:26', 1, '2013-12-11 20:55:26'),
(381, 20, 1, 'Автопогрузчик КАТЕРПИЛЛАР М322С (стреловой)', NULL, NULL, '0', 1, '2013-12-11 20:55:26', 1, '2013-12-11 20:55:26'),
(382, 20, 1, 'Автопогрузчик БОСС  3,0тн', NULL, NULL, '0', 1, '2013-12-11 20:55:26', 1, '2013-12-11 20:55:26'),
(383, 20, 1, 'Автопогрузчик БОСС-ТРАК SX-45  4,0тн', 'Гп.4тн', NULL, '0', 1, '2013-12-11 20:55:26', 1, '2013-12-11 20:55:26'),
(384, 20, 1, 'Автопогрузчик БОСС-ТРАК H70   7,0тн', 'Гп.7тн', NULL, '0', 1, '2013-12-11 20:55:26', 1, '2013-12-11 20:55:26'),
(385, 20, 1, 'Автопогрузчик Daewoo D15 S-2    1,5тн', NULL, NULL, '0', 1, '2013-12-11 20:55:26', 1, '2013-12-11 20:55:26'),
(386, 20, 1, 'Автопогрузчик КАЛЬМАР DCD80-6              8н', NULL, NULL, '0', 1, '2013-12-11 20:55:26', 1, '2013-12-11 20:55:26'),
(387, 20, 1, 'Автопогрузчик КАЛЬМАР DCE70-6XL      7,0тн', NULL, NULL, '0', 1, '2013-12-11 20:55:26', 1, '2013-12-11 20:55:26'),
(388, 20, 1, 'Автопогрузчик КАЛЬМАР DCD 60-6  6тн', NULL, NULL, '0', 1, '2013-12-11 20:55:26', 1, '2013-12-11 20:55:26'),
(389, 20, 1, 'Автопогрузчик КАЛЬМАР DC5-600            5тн', NULL, NULL, '0', 1, '2013-12-11 20:55:26', 1, '2013-12-11 20:55:26'),
(390, 20, 1, 'Автопогрузчик DT 18  BT                               1,75тн', NULL, NULL, '0', 1, '2013-12-11 20:55:26', 1, '2013-12-11 20:55:26'),
(391, 20, 1, 'Автопогрузчик ШТИЛЛ DF 4,0       3,6тн', NULL, NULL, '0', 1, '2013-12-11 20:55:26', 1, '2013-12-11 20:55:26'),
(392, 20, 1, 'Автопогрузчик ШТИЛЛ М15', '1,5тн', NULL, '0', 1, '2013-12-11 20:55:26', 1, '2013-12-11 20:55:26'),
(393, 20, 1, 'Автопогрузчик ГОДРЕЖ G150D       1,5тн', NULL, NULL, '0', 1, '2013-12-11 20:55:26', 1, '2013-12-11 20:55:26'),
(394, 20, 1, 'Автопогрузчик ФИАТ-ХИТАЧЧИ', NULL, NULL, '0', 1, '2013-12-11 20:55:26', 1, '2013-12-11 20:55:26'),
(395, 20, 1, 'Автопогрузчик ДВ 1792  3,0тн', NULL, NULL, '0', 1, '2013-12-11 20:55:26', 1, '2013-12-11 20:55:26'),
(396, 20, 1, 'Автопогрузчик ДВ 1733  3,5тн', NULL, NULL, '0', 1, '2013-12-11 20:55:26', 1, '2013-12-11 20:55:26'),
(397, 20, 1, 'Автопогрузчик КЛАРК   7,0тн', NULL, NULL, '0', 1, '2013-12-11 20:55:26', 1, '2013-12-11 20:55:26'),
(398, 20, 1, 'Автопогрузчик DECTA   3,5тн', NULL, NULL, '0', 1, '2013-12-11 20:55:26', 1, '2013-12-11 20:55:26'),
(399, 20, 43, 'Автопогрузчик Юнгхайнрих DFG 540   3,9тн', NULL, NULL, '0', 1, '2013-12-11 20:55:26', 1, '2013-12-11 20:55:26'),
(400, 20, 43, 'Автопогрузчик Юнгхайнрих DFG 540   3,9тн', NULL, NULL, '0', 1, '2013-12-11 20:55:26', 1, '2013-12-11 20:55:26'),
(401, 20, 43, 'Автопогрузчик Юнгхайнрих DFG75G-120-556ZT   7,5тн', NULL, NULL, '0', 1, '2013-12-11 20:55:26', 1, '2013-12-11 20:55:26'),
(402, 20, 1, 'Автопогрузчик ТО-28 с чел.захв. 4,0тн Минск', NULL, NULL, '0', 1, '2013-12-11 20:55:26', 1, '2013-12-11 20:55:26'),
(403, 20, 1, 'Автопогрузчик ЛИНДЕ H50D        5,0тн', NULL, NULL, '0', 1, '2013-12-11 20:55:26', 1, '2013-12-11 20:55:26'),
(404, 20, 1, 'Автопогрузчик ЛИНДЕ H25D        2,5тн', NULL, NULL, '0', 1, '2013-12-11 20:55:26', 1, '2013-12-11 20:55:26'),
(405, 20, 1, 'Автопогрузчик ЛИНДЕ H25D-03        2,5тн', NULL, NULL, '0', 1, '2013-12-11 20:55:26', 1, '2013-12-11 20:55:26'),
(406, 20, 1, 'Автопогрузчик ЛИНДЕ H16      1,6тн', NULL, NULL, '0', 1, '2013-12-11 20:55:26', 1, '2013-12-11 20:55:26'),
(407, 21, 1, 'Ковшевой погрузчик БОБКЕТ', NULL, NULL, '0', 1, '2013-12-11 20:55:26', 1, '2013-12-11 20:55:26'),
(408, 21, 44, 'Ковшевой погрузчик БОБКЕТ M-743   0,35 куб.м.', NULL, NULL, '0', 1, '2013-12-11 20:55:26', 1, '2013-12-11 20:55:26'),
(409, 21, 1, 'Ковшевой погрузчик БОБКЕТ M-743   0,59 куб.м.', NULL, NULL, '0', 1, '2013-12-11 20:55:26', 1, '2013-12-11 20:55:26'),
(410, 21, 1, 'Ковшевой погрузчик БОБКЕТ 853        0,77куб.м.', NULL, NULL, '0', 1, '2013-12-11 20:55:26', 1, '2013-12-11 20:55:26'),
(411, 21, 1, 'Ковшевой погрузчик БОБКЕТ M-853   0,75 куб.м.', NULL, NULL, '0', 1, '2013-12-11 20:55:26', 1, '2013-12-11 20:55:26'),
(412, 21, 1, 'Ковшевой погрузчик БОБКЕТ 853-H          0,8 куб.м.', NULL, NULL, '0', 1, '2013-12-11 20:55:26', 1, '2013-12-11 20:55:26'),
(413, 21, 1, 'Ковшевой погрузчик БОБКЕТ M-743   0,59куб.м.', NULL, NULL, '0', 1, '2013-12-11 20:55:26', 1, '2013-12-11 20:55:26'),
(414, 21, 1, 'Ковшевой погрузчик БОБКЕТ 753       0,65куб.м.', NULL, NULL, '0', 1, '2013-12-11 20:55:26', 1, '2013-12-11 20:55:26'),
(415, 21, 1, 'Ковшевой погрузчик БОБКЕТ 751', NULL, NULL, '0', 1, '2013-12-11 20:55:26', 1, '2013-12-11 20:55:26'),
(416, 21, 1, 'Ковшевой погрузчик БОБКЕТ M-843      0,69 куб.м.', NULL, NULL, '0', 1, '2013-12-11 20:55:26', 1, '2013-12-11 20:55:26'),
(417, 21, 1, 'Ковшевой погрузчик БОБКЕТ 853        0,77куб.м.', NULL, NULL, '0', 1, '2013-12-11 20:55:26', 1, '2013-12-11 20:55:26'),
(418, 21, 1, 'Ковшевой погрузчик БОБКЕТ 863-H      0,8 куб.м.', NULL, NULL, '0', 1, '2013-12-11 20:55:26', 1, '2013-12-11 20:55:26'),
(419, 21, 1, 'Ковшевой погрузчик БОБКЕТ 863         1,0 куб.м.', NULL, NULL, '0', 1, '2013-12-11 20:55:26', 1, '2013-12-11 20:55:26'),
(420, 21, 1, 'Ковшевой погрузчик БОБКЕТ 773G       0,6 куб.м.', NULL, NULL, '0', 1, '2013-12-11 20:55:26', 1, '2013-12-11 20:55:26'),
(421, 21, 1, 'Ковшевой погрузчик БОБКЕТ S-175      0,86 куб.м.', NULL, NULL, '0', 1, '2013-12-11 20:55:26', 1, '2013-12-11 20:55:26'),
(422, 21, 1, 'Ковшевой погрузчик БОБКЕТ 453        0,75куб.м.', NULL, NULL, '0', 1, '2013-12-11 20:55:26', 1, '2013-12-11 20:55:26'),
(423, 21, 1, 'Ковшевой погрузчик БОБКЕТ 853          0,8 куб.м.', NULL, NULL, '0', 1, '2013-12-11 20:55:26', 1, '2013-12-11 20:55:26'),
(424, 21, 1, 'Ковшевой погрузчик БОБКЕТ 980          1,69 куб.м.', NULL, NULL, '0', 1, '2013-12-11 20:55:26', 1, '2013-12-11 20:55:26'),
(425, 21, 1, 'Ковшевой погрузчик БОБКЕТ T40140     г/п 4,0тн', NULL, NULL, '0', 1, '2013-12-11 20:55:26', 1, '2013-12-11 20:55:26'),
(426, 21, 45, 'Ковшевой погрузчик БОБКЕТ S250HF      1,2 куб.м.', NULL, NULL, '0', 1, '2013-12-11 20:55:26', 1, '2013-12-11 20:55:26'),
(427, 21, 1, 'Ковшевой погрузчик БОБКЕТ S300H      1,3 куб.м.', NULL, NULL, '0', 1, '2013-12-11 20:55:26', 1, '2013-12-11 20:55:26'),
(428, 21, 1, 'Ковшевой погрузчик SL-5625 GEHL    ?? куб.м.', NULL, NULL, '0', 1, '2013-12-11 20:55:26', 1, '2013-12-11 20:55:26'),
(429, 21, 1, 'Ковшевой погрузчик ДРЕССЕР 515В W60-2', NULL, NULL, '0', 1, '2013-12-11 20:55:26', 1, '2013-12-11 20:55:26'),
(430, 21, 1, 'Ковшевой погрузчик ДРЕССЕР 515С      1,6куб.м.', NULL, NULL, '0', 1, '2013-12-11 20:55:26', 1, '2013-12-11 20:55:26'),
(431, 21, 1, 'Ковшевой погрузчик КАТЕРПИЛЛАР TH-63    4,0тн', NULL, NULL, '0', 1, '2013-12-11 20:55:26', 1, '2013-12-11 20:55:26'),
(432, 21, 1, 'Ковшевой погрузчик ФУРУКАВА    6,0 куб.м.', NULL, NULL, '0', 1, '2013-12-11 20:55:26', 1, '2013-12-11 20:55:26'),
(433, 21, 1, 'Ковшевой погрузчик ФУРУКАВА    6,0 куб.м.', NULL, NULL, '0', 1, '2013-12-11 20:55:26', 1, '2013-12-11 20:55:26'),
(434, 21, 46, 'Ковшевой погрузчик КОМАЦУ W60-2     1,6 куб.м.', NULL, NULL, '0', 1, '2013-12-11 20:55:26', 1, '2013-12-11 20:55:26'),
(435, 21, 1, 'Ковшевой погрузчик КОМАЦУ W-200   2,3 куб.м.', NULL, NULL, '0', 1, '2013-12-11 20:55:26', 1, '2013-12-11 20:55:26'),
(436, 21, 1, 'Ковшевой погрузчик КОМАЦУ WA-70', NULL, NULL, '0', 1, '2013-12-11 20:55:26', 1, '2013-12-11 20:55:26'),
(437, 21, 1, 'Ковшевой погрузчик КОМАЦУ W-250       2,5 куб.м.', NULL, NULL, '0', 1, '2013-12-11 20:55:26', 1, '2013-12-11 20:55:26'),
(438, 21, 1, 'Ковшевой погрузчик КОМАЦУ W-300   3,0 куб.м.', NULL, NULL, '0', 1, '2013-12-11 20:55:26', 1, '2013-12-11 20:55:26'),
(439, 21, 1, 'Ковшевой погрузчик КОМАЦУ WA-350     4,0 куб.м.', NULL, NULL, '0', 1, '2013-12-11 20:55:26', 1, '2013-12-11 20:55:26'),
(440, 21, 1, 'Ковшевой погрузчик КОМАЦУ WA-500', NULL, NULL, '0', 1, '2013-12-11 20:55:26', 1, '2013-12-11 20:55:26'),
(441, 21, 1, 'Ковшевой погрузчик КОМАЦУ WA-180         1,8 куб.м.', NULL, NULL, '0', 1, '2013-12-11 20:55:26', 1, '2013-12-11 20:55:26'),
(442, 21, 1, 'Ковшевой погрузчик КОМАЦУ WA-180-3,   V 1,8 куб.м.', NULL, NULL, '0', 1, '2013-12-11 20:55:26', 1, '2013-12-11 20:55:26'),
(443, 21, 1, 'Ковшевой погрузчик КОМАЦУ WA-180-3     2,2куб.м.', NULL, NULL, '0', 1, '2013-12-11 20:55:26', 1, '2013-12-11 20:55:26'),
(444, 21, 1, 'Ковшевой погрузчик КОМАЦУ WA-250-5      3,4 куб.м.', NULL, NULL, '0', 1, '2013-12-11 20:55:26', 1, '2013-12-11 20:55:26'),
(445, 21, 1, 'Ковшевой погрузчик КОМАЦУ WA470-3    6,0куб.м.', NULL, NULL, '0', 1, '2013-12-11 20:55:26', 1, '2013-12-11 20:55:26'),
(446, 21, 1, 'Ковшевой погрузчик КОМАЦУ WA-200       2,2куб.м.', NULL, NULL, '0', 1, '2013-12-11 20:55:26', 1, '2013-12-11 20:55:26'),
(447, 21, 1, 'Ковшевой погрузчик КОМАЦУ WA180-1   1,6 куб.м.', NULL, NULL, '0', 1, '2013-12-11 20:55:26', 1, '2013-12-11 20:55:26'),
(448, 21, 1, 'Ковшевой погрузчик КОМАЦУ WA200-1   2,3 куб.м.', NULL, NULL, '0', 1, '2013-12-11 20:55:26', 1, '2013-12-11 20:55:26'),
(449, 21, 1, 'Ковшевой погрузчик КОМАЦУ WA200V-1   2,3 куб.м.', NULL, NULL, '0', 1, '2013-12-11 20:55:26', 1, '2013-12-11 20:55:26'),
(450, 21, 1, 'Ковшевой погрузчик КОМАЦУ WA250-1   2,5 куб.м.', NULL, NULL, '0', 1, '2013-12-11 20:55:26', 1, '2013-12-11 20:55:26'),
(451, 21, 1, 'Ковшевой погрузчик КОМАЦУ WA300-1   3,0 куб.м.', NULL, NULL, '0', 1, '2013-12-11 20:55:26', 1, '2013-12-11 20:55:26'),
(452, 21, 1, 'Ковшевой погрузчик КОМАЦУ WA420-1', NULL, NULL, '0', 1, '2013-12-11 20:55:26', 1, '2013-12-11 20:55:26'),
(453, 21, 1, 'Ковшевой погрузчик КОМАЦУ WA420-3', NULL, NULL, '0', 1, '2013-12-11 20:55:26', 1, '2013-12-11 20:55:26'),
(454, 21, 1, 'Ковшевой погрузчик КОМАЦУ WA420-3,  V 6,0 куб.м.', NULL, NULL, '0', 1, '2013-12-11 20:55:26', 1, '2013-12-11 20:55:26'),
(455, 21, 1, 'Ковшевой погрузчик FR-10C           ?? куб.м.', NULL, NULL, '0', 1, '2013-12-11 20:55:26', 1, '2013-12-11 20:55:26'),
(456, 21, 1, 'Ковшевой погрузчик ЛИБХЕРР  L514        1,5 куб.м.', NULL, NULL, '0', 1, '2013-12-11 20:55:26', 1, '2013-12-11 20:55:26'),
(457, 21, 1, 'Ковшевой погрузчик ЛИБХЕРР  L-522       2,2 куб.м.', NULL, NULL, '0', 1, '2013-12-11 20:55:26', 1, '2013-12-11 20:55:26'),
(458, 21, 1, 'Ковшевой погрузчик ЛИБХЕРР  L-538       2,5 куб.м.', NULL, NULL, '0', 1, '2013-12-11 20:55:26', 1, '2013-12-11 20:55:26'),
(459, 21, 1, 'Ковшевой погрузчик ЛИБХЕРР  L-541       4,0 куб.м.', NULL, NULL, '0', 1, '2013-12-11 20:55:26', 1, '2013-12-11 20:55:26'),
(460, 21, 1, 'Ковшевой погрузчик ЛИБХЕРР  L-544       4,5 куб.м.', NULL, NULL, '0', 1, '2013-12-11 20:55:26', 1, '2013-12-11 20:55:26'),
(461, 21, 47, 'Ковшевой погрузчик ТОЙОТА SDK-8   0,6 куб.м.', NULL, NULL, '0', 1, '2013-12-11 20:55:26', 1, '2013-12-11 20:55:26'),
(462, 21, 1, 'Ковшевой погрузчик ПЕЙЛОУДЕР Т-515', NULL, NULL, '0', 1, '2013-12-11 20:55:26', 1, '2013-12-11 20:55:26'),
(463, 21, 1, 'Ковшевой погрузчик ХАРВЕЙСТЕР H-515  1,15 куб.м.', NULL, NULL, '0', 1, '2013-12-11 20:55:26', 1, '2013-12-11 20:55:26'),
(464, 21, 1, 'Ковшевой погрузчик ХАРВЕЙСТЕР 4140   0,47 куб.м.', NULL, NULL, '0', 1, '2013-12-11 20:55:26', 1, '2013-12-11 20:55:26'),
(465, 21, 1, 'Ковшевой погрузчик JCB 530-70', '3тн', NULL, '0', 1, '2013-12-11 20:55:26', 1, '2013-12-11 20:55:26'),
(466, 21, 1, 'Ковшевой погрузчик JCB-430   2,7 куб.м.', NULL, NULL, '0', 1, '2013-12-11 20:55:26', 1, '2013-12-11 20:55:26'),
(467, 21, 1, 'Ковшевой погрузчик АЛЬМАН-7         ?? куб.м.', NULL, NULL, '0', 1, '2013-12-11 20:55:26', 1, '2013-12-11 20:55:26'),
(468, 21, 48, 'Ковшевой погрузчик ДЕТВА UNC-060     0,75 куб.м.', NULL, NULL, '0', 1, '2013-12-11 20:55:26', 1, '2013-12-11 20:55:26'),
(469, 21, 1, 'Ковшевой погрузчик ДЕТВА UNC-061', NULL, NULL, '0', 1, '2013-12-11 20:55:26', 1, '2013-12-11 20:55:26'),
(470, 21, 1, 'Ковшевой погрузчик ДЕТВА UN-035.1    ?? куб.м.', NULL, NULL, '0', 1, '2013-12-11 20:55:26', 1, '2013-12-11 20:55:26'),
(471, 21, 1, 'Ковшевой погрузчик Дресста 530-E,  V 6,0 куб.м.', NULL, NULL, '0', 1, '2013-12-11 20:55:26', 1, '2013-12-11 20:55:26'),
(472, 21, 49, 'Ковшевой погрузчик ТОЙОТА SDK-8   0,45 куб.м.', NULL, NULL, '0', 1, '2013-12-11 20:55:26', 1, '2013-12-11 20:55:26'),
(473, 21, 1, 'Ковшевой погрузчик ТОЙОТА 2SDK B', NULL, NULL, '0', 1, '2013-12-11 20:55:26', 1, '2013-12-11 20:55:26'),
(474, 21, 1, 'Ковшевой погрузчик ТОЙОТА 4SDK 10,  V 1,0 куб. м.', NULL, NULL, '0', 1, '2013-12-11 20:55:26', 1, '2013-12-11 20:55:26'),
(475, 21, 1, 'Ковшевой погрузчик ТОЙОТА 4SDK 5,    V 0,5 куб. м.', NULL, NULL, '0', 1, '2013-12-11 20:55:26', 1, '2013-12-11 20:55:26'),
(476, 21, 1, 'Ковшевой погрузчик TCM  L9-2    1,44тн', NULL, NULL, '0', 1, '2013-12-11 20:55:26', 1, '2013-12-11 20:55:26'),
(477, 21, 1, 'Ковшевой погрузчик TCM  L40   6,0тн', NULL, NULL, '0', 1, '2013-12-11 20:55:26', 1, '2013-12-11 20:55:26'),
(478, 21, 1, 'Ковшевой погрузчик ТСМ 850', NULL, NULL, '0', 1, '2013-12-11 20:55:26', 1, '2013-12-11 20:55:26'),
(479, 21, 1, 'Ковшевой погрузчик VOLVO L120E         6,1 куб.м.', '6,1 куб.м.', NULL, '0', 1, '2013-12-11 20:55:26', 1, '2013-12-11 20:55:26'),
(480, 21, 1, 'Ковшевой погрузчик VOLVO BML50С       2,2 куб.м.', '2,2 куб.м.', NULL, '0', 1, '2013-12-11 20:55:26', 1, '2013-12-11 20:55:26'),
(481, 21, 1, 'Ковшевой погрузчик VOLVO L50D        2,2 куб.м.', NULL, NULL, '0', 1, '2013-12-11 20:55:26', 1, '2013-12-11 20:55:26'),
(482, 21, 1, 'Ковшевой погрузчик VOLVO L70D  2,5 куб.м.', NULL, NULL, '0', 1, '2013-12-11 20:55:26', 1, '2013-12-11 20:55:26'),
(483, 21, 1, 'Ковшевой погрузчик VOLVO  L70E           3,5куб.м.', '3,5куб.м.', NULL, '0', 1, '2013-12-11 20:55:26', 1, '2013-12-11 20:55:26'),
(484, 21, 50, 'Ковшевой погрузчик VOLVO BML   70B    3,0куб.м.', '3,0куб.м.', NULL, '0', 1, '2013-12-11 20:55:26', 1, '2013-12-11 20:55:26'),
(485, 21, 1, 'Ковшевой погрузчик VOLVO L-220E          9,5 куб.м.', '9,5 куб.м.', NULL, '0', 1, '2013-12-11 20:55:26', 1, '2013-12-11 20:55:26'),
(486, 21, 1, 'Ковшевой погрузчик VOLVO L45B-TR       2,5 куб.м.', '2,5 куб.м.', NULL, '0', 1, '2013-12-11 20:55:26', 1, '2013-12-11 20:55:26'),
(487, 21, 1, 'Ковшевой погрузчик МОАЗ  40484            7,0куб.м.', '7,0куб.м.', NULL, '0', 1, '2013-12-11 20:55:26', 1, '2013-12-11 20:55:26'),
(488, 21, 1, 'Ковшевой погрузчик АМКОДОР TO 18Б    3,3куб.м.', '3,3тн', NULL, '0', 1, '2013-12-11 20:55:26', 1, '2013-12-11 20:55:26'),
(489, 21, 1, 'Ковшевой погрузчик ГЕЛЬ SL-5625           0,73куб.м.', '0,73куб.м.', NULL, '0', 1, '2013-12-11 20:55:26', 1, '2013-12-11 20:55:26'),
(490, 21, 1, 'Ковшевой погрузчик ГЕЛЬ                         0,8 куб.м.', '0,8куб.м.', NULL, '0', 1, '2013-12-11 20:55:26', 1, '2013-12-11 20:55:26'),
(491, 22, 1, 'Электропогрузчик ЭП-103  1тн', NULL, NULL, '0', 1, '2013-12-11 20:55:26', 1, '2013-12-11 20:55:26'),
(492, 22, 1, 'Электропогрузчик ЭП-201  2тн', NULL, NULL, '0', 1, '2013-12-11 20:55:26', 1, '2013-12-11 20:55:26'),
(493, 22, 1, 'Электропогрузчик ЭПВ-1,25-612  1,2тн', NULL, NULL, '0', 1, '2013-12-11 20:55:26', 1, '2013-12-11 20:55:26'),
(494, 22, 1, 'Электропогрузчик ЭП-205У  2тн', NULL, NULL, '0', 1, '2013-12-11 20:55:26', 1, '2013-12-11 20:55:26'),
(495, 22, 1, 'Электропогрузчик КВЗ-02      1,5тн', NULL, NULL, '0', 1, '2013-12-11 20:55:26', 1, '2013-12-11 20:55:26'),
(496, 22, 1, 'Электропогрузчик ЕВ-735      3тн', 'Гп.3тн', NULL, '0', 1, '2013-12-11 20:55:26', 1, '2013-12-11 20:55:26'),
(497, 22, 1, 'Электропогрузчик ЕВ-701.702.717  2тн', NULL, NULL, '0', 1, '2013-12-11 20:55:26', 1, '2013-12-11 20:55:26'),
(498, 22, 1, 'Электропогрузчик Шинко 4FB13L-VF230   1,25тн', NULL, NULL, '0', 1, '2013-12-11 20:55:26', 1, '2013-12-11 20:55:26'),
(499, 22, 1, 'Электропогрузчик Шинко 4FB20Z-V300  2тн', NULL, NULL, '0', 1, '2013-12-11 20:55:26', 1, '2013-12-11 20:55:26'),
(500, 22, 1, 'Электропогрузчик Шинко 4FB15S-VF250P  1,5тн', NULL, NULL, '0', 1, '2013-12-11 20:55:26', 1, '2013-12-11 20:55:26'),
(501, 22, 1, 'Электротележка    ЭП-011      2тн', 'Гп.2тн', NULL, '0', 1, '2013-12-11 20:55:26', 1, '2013-12-11 20:55:26'),
(502, 22, 1, 'Электротележка    ЭТ-2047  2тн', NULL, NULL, '0', 1, '2013-12-11 20:55:26', 1, '2013-12-11 20:55:26'),
(503, 22, 1, 'Электротележка ЕП-006      2тн', NULL, NULL, '0', 1, '2013-12-11 20:55:26', 1, '2013-12-11 20:55:26'),
(504, 22, 1, 'Электротележка  ручная BTLT-2000    2тн', NULL, NULL, '0', 1, '2013-12-11 20:55:26', 1, '2013-12-11 20:55:26'),
(505, 22, 1, 'Электроштабелер ЕВ-418-45-4               1тн', NULL, NULL, '0', 1, '2013-12-11 20:55:26', 1, '2013-12-11 20:55:26'),
(506, 23, 1, 'Погрузочная манина "РОКСОН"        1200тн/час', NULL, NULL, '0', 1, '2013-12-11 20:55:26', 1, '2013-12-11 20:55:26'),
(507, 24, 1, 'Бульдозер трюмный TD-8E', NULL, NULL, '0', 1, '2013-12-11 20:55:26', 1, '2013-12-11 20:55:26'),
(508, 24, 1, 'Бульдозер трюмный BD-2E', NULL, NULL, '0', 1, '2013-12-11 20:55:26', 1, '2013-12-11 20:55:26'),
(509, 24, 1, 'Бульдозер трюмный BD-2F', NULL, NULL, '0', 1, '2013-12-11 20:55:26', 1, '2013-12-11 20:55:26'),
(510, 24, 1, 'Бульдозер трюмный D21-A', NULL, NULL, '0', 1, '2013-12-11 20:55:26', 1, '2013-12-11 20:55:26'),
(511, 24, 1, 'Погрузчик трюмный ПСГ-100', NULL, NULL, '0', 1, '2013-12-11 20:55:26', 1, '2013-12-11 20:55:26'),
(512, 24, 1, 'Трюмный кран TK-IM', NULL, NULL, '0', 1, '2013-12-11 20:55:26', 1, '2013-12-11 20:55:26'),
(513, 24, 1, 'Трюмная машина МВС-4М', NULL, NULL, '0', 1, '2013-12-11 20:55:26', 1, '2013-12-11 20:55:26'),
(514, 25, 1, 'Колесный бульдозер Д-579 МТЗ-50', NULL, NULL, '0', 1, '2013-12-11 20:55:26', 1, '2013-12-11 20:55:26'),
(515, 25, 1, 'Гусеничный бульдозер Д-606 ДТ-75', NULL, NULL, '0', 1, '2013-12-11 20:55:26', 1, '2013-12-11 20:55:26'),
(516, 25, 1, 'Гусеничный бульдозер ДЗ-101(Т-4АП) Т-4АП', NULL, NULL, '0', 1, '2013-12-11 20:55:26', 1, '2013-12-11 20:55:26'),
(517, 25, 1, 'Гусеничный бульдозер ДЗ-110В/Т-130М', NULL, NULL, '0', 1, '2013-12-11 20:55:26', 1, '2013-12-11 20:55:26'),
(518, 25, 1, 'Гусеничный бульдозер Д-27С(Т-130) Т-130', NULL, NULL, '0', 1, '2013-12-11 20:55:26', 1, '2013-12-11 20:55:26'),
(519, 25, 1, 'Гусеничный бульдозер ДЗ-162/ДТ-75', NULL, NULL, '0', 1, '2013-12-11 20:55:26', 1, '2013-12-11 20:55:26'),
(520, 25, 1, 'Гусеничный бульдозер ДЗ1Р-17', NULL, NULL, '0', 1, '2013-12-11 20:55:26', 1, '2013-12-11 20:55:26'),
(521, 25, 1, 'Гусеничный бульдозер Д-535 Т-74', NULL, NULL, '0', 1, '2013-12-11 20:55:26', 1, '2013-12-11 20:55:26'),
(522, 25, 1, 'Гусеничный бульдозер С-100', NULL, NULL, '0', 1, '2013-12-11 20:55:26', 1, '2013-12-11 20:55:26'),
(523, 25, 1, 'Гусеничный бульдозер ТД-12        3,2куб.м.', NULL, NULL, '0', 1, '2013-12-11 20:55:26', 1, '2013-12-11 20:55:26'),
(524, 25, 1, 'Гусеничный бульдозер Т-130', NULL, NULL, '0', 1, '2013-12-11 20:55:26', 1, '2013-12-11 20:55:26'),
(525, 25, 1, 'Гусеничный бульдозер Т-170', NULL, NULL, '0', 1, '2013-12-11 20:55:26', 1, '2013-12-11 20:55:26'),
(526, 25, 1, 'Гусеничный бульдозер ДЗ-100', NULL, NULL, '0', 1, '2013-12-11 20:55:26', 1, '2013-12-11 20:55:26'),
(527, 25, 1, 'Гусеничный бульдозер ДЗ-170', NULL, NULL, '0', 1, '2013-12-11 20:55:26', 1, '2013-12-11 20:55:26'),
(528, 25, 1, 'Гусеничный бульдозер ДЗ-42Г', NULL, NULL, '0', 1, '2013-12-11 20:55:26', 1, '2013-12-11 20:55:26'),
(529, 25, 1, 'Гусеничный бульдозер ДЗ-42/ДТ-75', NULL, NULL, '0', 1, '2013-12-11 20:55:26', 1, '2013-12-11 20:55:26'),
(530, 25, 1, 'Гусеничный бульдозер ДЗ-27', NULL, NULL, '0', 1, '2013-12-11 20:55:26', 1, '2013-12-11 20:55:26'),
(531, 25, 1, 'Гусеничный бульдозер Т-74 СМД-14', NULL, NULL, '0', 1, '2013-12-11 20:55:26', 1, '2013-12-11 20:55:26'),
(532, 25, 1, 'Гусеничный бульдозер Т-4А', NULL, NULL, '0', 1, '2013-12-11 20:55:26', 1, '2013-12-11 20:55:26'),
(533, 25, 1, 'Гусеничный бульдозер Т-100', NULL, NULL, '0', 1, '2013-12-11 20:55:26', 1, '2013-12-11 20:55:26'),
(534, 25, 1, 'Гусеничный бульдозер ДЗ-27(Т-130)', NULL, NULL, '0', 1, '2013-12-11 20:55:26', 1, '2013-12-11 20:55:26'),
(535, 25, 1, 'Гусеничный бульдозер ДЗ-17С(Т-130)', NULL, NULL, '0', 1, '2013-12-11 20:55:26', 1, '2013-12-11 20:55:26'),
(536, 25, 51, 'Гусеничный бульдозер ДР-171', NULL, NULL, '0', 1, '2013-12-11 20:55:26', 1, '2013-12-11 20:55:26'),
(537, 25, 51, 'Гусеничный бульдозер Д-271', NULL, NULL, '0', 1, '2013-12-11 20:55:26', 1, '2013-12-11 20:55:26'),
(538, 25, 1, 'Гусеничный бульдозер ДЗ-100', NULL, NULL, '0', 1, '2013-12-11 20:55:26', 1, '2013-12-11 20:55:26'),
(539, 25, 1, 'Гусеничный бульдозер НО-00120', NULL, NULL, '0', 1, '2013-12-11 20:55:26', 1, '2013-12-11 20:55:26'),
(540, 25, 1, 'Гусеничный бульдозер Д-6Д', NULL, NULL, '0', 1, '2013-12-11 20:55:26', 1, '2013-12-11 20:55:26'),
(541, 25, 1, 'Гусеничный бульдозер Д-155А-1', NULL, NULL, '0', 1, '2013-12-11 20:55:26', 1, '2013-12-11 20:55:26'),
(542, 25, 1, 'Гусеничный бульдозер Д-50Р', NULL, NULL, '0', 1, '2013-12-11 20:55:26', 1, '2013-12-11 20:55:26'),
(543, 25, 1, 'Гусеничный бульдозер ИНТЕНАЦИОНАЛ ТД-8Е', NULL, NULL, '0', 1, '2013-12-11 20:55:26', 1, '2013-12-11 20:55:26'),
(544, 25, 1, 'Гусеничный бульдозер ДРЕССЕР ТД-15', NULL, NULL, '0', 1, '2013-12-11 20:55:26', 1, '2013-12-11 20:55:26'),
(545, 25, 1, 'Гусеничный бульдозер ДРЕССЕР ТД-12     3,2куб.м.', NULL, NULL, '0', 1, '2013-12-11 20:55:26', 1, '2013-12-11 20:55:26'),
(546, 25, 1, 'Гусеничный бульдозер ДРЕССЕР ТД-7', NULL, NULL, '0', 1, '2013-12-11 20:55:26', 1, '2013-12-11 20:55:26'),
(547, 25, 1, 'Гусеничный бульдозер Дресста,TD-15H', NULL, NULL, '0', 1, '2013-12-11 20:55:26', 1, '2013-12-11 20:55:26'),
(548, 25, 1, 'Гусеничный бульдозер КОМАЦУ-BC3F', NULL, NULL, '0', 1, '2013-12-11 20:55:26', 1, '2013-12-11 20:55:26'),
(549, 25, 1, 'Гусеничный бульдозер КОМАЦУ-D21A6', NULL, NULL, '0', 1, '2013-12-11 20:55:26', 1, '2013-12-11 20:55:26'),
(550, 25, 1, 'Гусеничный бульдозер КОМАЦУ-DЗ1Р-20        1,5куб.м.', NULL, NULL, '0', 1, '2013-12-11 20:55:26', 1, '2013-12-11 20:55:26'),
(551, 25, 1, 'Гусеничный бульдозер КОМАЦУ-DЗ1Р-18', NULL, NULL, '0', 1, '2013-12-11 20:55:26', 1, '2013-12-11 20:55:26'),
(552, 25, 1, 'Гусеничный бульдозер КОМАЦУ-DЗ1Р-17', NULL, NULL, '0', 1, '2013-12-11 20:55:26', 1, '2013-12-11 20:55:26'),
(553, 25, 1, 'Гусеничный бульдозер КОМАЦУ D65E', NULL, NULL, '0', 1, '2013-12-11 20:55:26', 1, '2013-12-11 20:55:26'),
(554, 25, 1, 'Гусеничный бульдозер КОМАЦУ Д-85A-21', NULL, NULL, '0', 1, '2013-12-11 20:55:26', 1, '2013-12-11 20:55:26'),
(555, 25, 1, 'Гусеничный бульдозер КОМАЦУ Д-85A', NULL, NULL, '0', 1, '2013-12-11 20:55:26', 1, '2013-12-11 20:55:26'),
(556, 25, 1, 'Гусеничный бульдозер КОМАЦУ Д-85EX-15', NULL, NULL, '0', 1, '2013-12-11 20:55:26', 1, '2013-12-11 20:55:26'),
(557, 25, 1, 'Гусеничный бульдозер КОМАЦУ Д-85Р-21Е', NULL, NULL, '0', 1, '2013-12-11 20:55:26', 1, '2013-12-11 20:55:26'),
(558, 25, 1, 'Гусеничный бульдозер КАТЕРПИЛЛЕР D7G', NULL, NULL, '0', 1, '2013-12-11 20:55:26', 1, '2013-12-11 20:55:26'),
(559, 25, 1, 'Гусеничный бульдозер ЛИБХЕРР  PR722B          2,3куб.м.', NULL, NULL, '0', 1, '2013-12-11 20:55:26', 1, '2013-12-11 20:55:26'),
(560, 25, 1, 'Гусеничный бульдозер Б 10.1111-ЕН', NULL, NULL, '0', 1, '2013-12-11 20:55:26', 1, '2013-12-11 20:55:26'),
(561, 25, 1, 'Гусеничный бульдозер Б 10.111-1Е', NULL, NULL, '0', 1, '2013-12-11 20:55:26', 1, '2013-12-11 20:55:26'),
(562, 25, 1, 'Гусеничный бульдозер Б- 170М1.01.В6', NULL, NULL, '0', 1, '2013-12-11 20:55:26', 1, '2013-12-11 20:55:26'),
(563, 25, 1, 'Гусеничный бульдозер Б 170 М1.01.E', NULL, NULL, '0', 1, '2013-12-11 20:55:26', 1, '2013-12-11 20:55:26'),
(564, 25, 1, 'Гусеничный бульдозер Б 10М 01.01.-ЕН', NULL, NULL, '0', 1, '2013-12-11 20:55:26', 1, '2013-12-11 20:55:26'),
(565, 25, 1, 'Гусеничный бульдозер Б 10М.01.02-1Е', NULL, NULL, '0', 1, '2013-12-11 20:55:26', 1, '2013-12-11 20:55:26'),
(566, 25, 1, 'Гусеничный бульдозер Б 10М.01.00-1Е', NULL, NULL, '0', 1, '2013-12-11 20:55:26', 1, '2013-12-11 20:55:26'),
(567, 26, 1, 'Трактор колесный Т-25 Д21А-1', NULL, NULL, '0', 1, '2013-12-11 20:55:26', 1, '2013-12-11 20:55:26'),
(568, 26, 1, 'Трактор колесный Т-40 Д-37М', NULL, NULL, '0', 1, '2013-12-11 20:55:26', 1, '2013-12-11 20:55:26'),
(569, 26, 1, 'Трактор ДЗ-162/ДТ-75', NULL, NULL, '0', 1, '2013-12-11 20:55:26', 1, '2013-12-11 20:55:26'),
(570, 26, 1, 'Трактор Т-4АП2С1 А-01M', NULL, NULL, '0', 1, '2013-12-11 20:55:26', 1, '2013-12-11 20:55:26'),
(571, 26, 1, 'Трактор колесный МТЗ-50,-52 Д-50', NULL, NULL, '0', 1, '2013-12-11 20:55:26', 1, '2013-12-11 20:55:26'),
(572, 26, 1, 'Трактор колесный Кировец К-700,К-701', NULL, NULL, '0', 1, '2013-12-11 20:55:26', 1, '2013-12-11 20:55:26'),
(573, 26, 1, 'Трактор колесный МТЗ-80,-82 Д-240', NULL, NULL, '0', 1, '2013-12-11 20:55:26', 1, '2013-12-11 20:55:26'),
(574, 26, 1, 'Трактор колесный Т-40М', NULL, NULL, '0', 1, '2013-12-11 20:55:26', 1, '2013-12-11 20:55:26'),
(575, 26, 1, 'Трактор колесный ЮМЗ-6', NULL, NULL, '0', 1, '2013-12-11 20:55:26', 1, '2013-12-11 20:55:26'),
(576, 26, 1, 'Трактор колесный ЛТЗ-55А', NULL, NULL, '0', 1, '2013-12-11 20:55:26', 1, '2013-12-11 20:55:26'),
(577, 26, 1, 'Трактор колесный Т-150', NULL, NULL, '0', 1, '2013-12-11 20:55:26', 1, '2013-12-11 20:55:26'),
(578, 26, 1, 'Трактор гусеничный ДТ-75', NULL, NULL, '0', 1, '2013-12-11 20:55:26', 1, '2013-12-11 20:55:26'),
(579, 26, 1, 'Трактор гусеничный Т-330', NULL, NULL, '0', 1, '2013-12-11 20:55:26', 1, '2013-12-11 20:55:26'),
(580, 27, 1, 'Экскаватор Э-302Б ЮМЗ', NULL, NULL, '0', 1, '2013-12-11 20:55:26', 1, '2013-12-11 20:55:26'),
(581, 27, 1, 'Экскаватор К-406А ЮМЗ', NULL, NULL, '0', 1, '2013-12-11 20:55:26', 1, '2013-12-11 20:55:26'),
(582, 27, 1, 'Экскаватор Комацу PW-150      0,62куб.м.', NULL, NULL, '0', 1, '2013-12-11 20:55:26', 1, '2013-12-11 20:55:26'),
(583, 27, 1, 'Экскаватор Комацу PC-60-5', NULL, NULL, '0', 1, '2013-12-11 20:55:26', 1, '2013-12-11 20:55:26'),
(584, 27, 1, 'Экскаватор Комацу PW60-3', NULL, NULL, '0', 1, '2013-12-11 20:55:26', 1, '2013-12-11 20:55:26'),
(585, 27, 1, 'Экскаватор ЭО-4224                  1,0куб.м.', NULL, NULL, '0', 1, '2013-12-11 20:55:26', 1, '2013-12-11 20:55:26'),
(586, 27, 1, 'Экскаватор ЭО-4121                  0,65куб.м.', NULL, NULL, '0', 1, '2013-12-11 20:55:26', 1, '2013-12-11 20:55:26'),
(587, 27, 1, 'Экскаватор ЭО-2621', NULL, NULL, '0', 1, '2013-12-11 20:55:26', 1, '2013-12-11 20:55:26'),
(588, 27, 1, 'Экскаватор ЭО-2621А                0,25куб.м.', NULL, NULL, '0', 1, '2013-12-11 20:55:26', 1, '2013-12-11 20:55:26'),
(589, 27, 1, 'Экскаватор ЭО-2621В', NULL, NULL, '0', 1, '2013-12-11 20:55:26', 1, '2013-12-11 20:55:26'),
(590, 27, 1, 'Экскаватор ЭО-2621-В-3           0,3куб.м.', NULL, NULL, '0', 1, '2013-12-11 20:55:26', 1, '2013-12-11 20:55:26'),
(591, 27, 1, 'Экскаватор К-606-1', NULL, NULL, '0', 1, '2013-12-11 20:55:26', 1, '2013-12-11 20:55:26'),
(592, 27, 1, 'Экскаватор К-612', NULL, NULL, '0', 1, '2013-12-11 20:55:26', 1, '2013-12-11 20:55:26'),
(593, 27, 1, 'Экскаватор К-406А', NULL, NULL, '0', 1, '2013-12-11 20:55:26', 1, '2013-12-11 20:55:26'),
(594, 27, 1, 'Экскаватор   ЭО 2624', NULL, NULL, '0', 1, '2013-12-11 20:55:26', 1, '2013-12-11 20:55:26'),
(595, 27, 1, 'Экскаватор ЭО-2626', NULL, NULL, '0', 1, '2013-12-11 20:55:26', 1, '2013-12-11 20:55:26'),
(596, 27, 1, 'Экскаватор ЭО-3326                  0,3куб.м.', NULL, NULL, '0', 1, '2013-12-11 20:55:26', 1, '2013-12-11 20:55:26'),
(597, 27, 1, 'Экскаватор ЭО-3322Б', NULL, NULL, '0', 1, '2013-12-11 20:55:26', 1, '2013-12-11 20:55:26'),
(598, 27, 1, 'Экскаватор ЭО-10011', NULL, NULL, '0', 1, '2013-12-11 20:55:26', 1, '2013-12-11 20:55:26'),
(599, 27, 1, 'Экскаватор ЭО-902', NULL, NULL, '0', 1, '2013-12-11 20:55:26', 1, '2013-12-11 20:55:26'),
(600, 27, 1, 'Экскаватор 5122А', NULL, NULL, '0', 1, '2013-12-11 20:55:26', 1, '2013-12-11 20:55:26'),
(601, 27, 1, 'Экскаватор Э-302Б', NULL, NULL, '0', 1, '2013-12-11 20:55:26', 1, '2013-12-11 20:55:26'),
(602, 27, 1, 'Экскаватор 4321Б', NULL, NULL, '0', 1, '2013-12-11 20:55:26', 1, '2013-12-11 20:55:26'),
(603, 27, 1, 'Экскаватор УДС-114', NULL, NULL, '0', 1, '2013-12-11 20:55:26', 1, '2013-12-11 20:55:26'),
(604, 27, 1, 'Экскаватор 1С-30', NULL, NULL, '0', 1, '2013-12-11 20:55:26', 1, '2013-12-11 20:55:26'),
(605, 27, 1, 'Экскаватор - погрузчик  JCB 3CX         1,0куб.м.', NULL, NULL, '0', 1, '2013-12-11 20:55:26', 1, '2013-12-11 20:55:26'),
(606, 27, 1, 'Экскаватор JCB JS160W   0,72куб.м.', NULL, NULL, '0', 1, '2013-12-11 20:55:26', 1, '2013-12-11 20:55:26'),
(607, 27, 1, 'Экскаватор JCB                  0,25куб.м.', NULL, NULL, '0', 1, '2013-12-11 20:55:26', 1, '2013-12-11 20:55:26'),
(608, 27, 1, 'Экскаватор МЕНЗИ-МУК 3000', NULL, NULL, '0', 1, '2013-12-11 20:55:26', 1, '2013-12-11 20:55:26'),
(609, 27, 1, 'Экскаватор ЛИБХЕР A-902           0,8куб.м.', NULL, NULL, '0', 1, '2013-12-11 20:55:26', 1, '2013-12-11 20:55:26'),
(610, 27, 1, 'Экскаватор ЛИБХЕР R974 B Litronic       7,2 тн', NULL, NULL, '0', 1, '2013-12-11 20:55:26', 1, '2013-12-11 20:55:26'),
(611, 27, 1, 'Экскаватор ЛИБХЕР R-902', NULL, NULL, '0', 1, '2013-12-11 20:55:26', 1, '2013-12-11 20:55:26'),
(612, 28, 1, 'Транспортер передвижной РЗ-УТМ', NULL, NULL, '0', 1, '2013-12-11 20:55:26', 1, '2013-12-11 20:55:26'),
(613, 28, 1, 'Прицеп автомобильный ИАПЗ-754В 4,0тн', NULL, NULL, '0', 1, '2013-12-11 20:55:26', 1, '2013-12-11 20:55:26'),
(614, 28, 1, 'Прицеп тракторный (автомобильный) 2ПТС-4М 4,0тн', NULL, NULL, '0', 1, '2013-12-11 20:55:26', 1, '2013-12-11 20:55:26'),
(615, 28, 1, 'Прицеп тракторный (автомобильный) 2ПТС-6    6,0тн', NULL, NULL, '0', 1, '2013-12-11 20:55:26', 1, '2013-12-11 20:55:26'),
(616, 28, 1, 'Прицеп -роспуск', NULL, NULL, '0', 1, '2013-12-11 20:55:26', 1, '2013-12-11 20:55:26'),
(617, 28, 1, 'Прицеп  ОДАЗ-9357', NULL, NULL, '0', 1, '2013-12-11 20:55:26', 1, '2013-12-11 20:55:26'),
(618, 28, 1, 'Полуприцеп тракторный  ОЗТП-8572           13,0тн', NULL, NULL, '0', 1, '2013-12-11 20:55:26', 1, '2013-12-11 20:55:26'),
(619, 28, 1, 'Полуприцеп -тяжеловоз длиной 9м       55,0тн', NULL, NULL, '0', 1, '2013-12-11 20:55:26', 1, '2013-12-11 20:55:26'),
(620, 28, 1, 'Полуприцеп -тяжеловоз длиной 12м   60,0тн', NULL, NULL, '0', 1, '2013-12-11 20:55:26', 1, '2013-12-11 20:55:26'),
(621, 28, 30, 'Полуприцеп ФТ-41ТВ/40'' ф.Сису 40,0тн', NULL, NULL, '0', 1, '2013-12-11 20:55:26', 1, '2013-12-11 20:55:26'),
(622, 28, 1, 'Шнековый погрузчик КШП-5', NULL, NULL, '0', 1, '2013-12-11 20:55:26', 1, '2013-12-11 20:55:26'),
(623, 28, 1, 'Транспортер передвижной РЗ-УТМ', NULL, NULL, '0', 1, '2013-12-11 20:55:26', 1, '2013-12-11 20:55:26'),
(624, 28, 1, 'Гидр.телескоп.подъемник Р-200 Ай-чи h=25м', NULL, NULL, '0', 1, '2013-12-11 20:55:26', 1, '2013-12-11 20:55:26'),
(625, 28, 1, 'Тракторопогрузчик Валмет Н-240', NULL, NULL, '0', 1, '2013-12-11 20:55:26', 1, '2013-12-11 20:55:26'),
(626, 28, 1, 'Тракторопогрузчик ТО-7(ДТ-75) CМД-14', NULL, NULL, '0', 1, '2013-12-11 20:55:26', 1, '2013-12-11 20:55:26'),
(627, 28, 1, 'Уборочная машина КО-707(МТЗ-80) Д-240', NULL, NULL, '0', 1, '2013-12-11 20:55:26', 1, '2013-12-11 20:55:26'),
(628, 28, 1, 'Полоуборочная машина АМ-СЕРИМАГ 1250', NULL, NULL, '0', 1, '2013-12-11 20:55:26', 1, '2013-12-11 20:55:26'),
(629, 28, 1, 'Уборочная машина КО-705(Т-40) Д-37М', NULL, NULL, '0', 1, '2013-12-11 20:55:26', 1, '2013-12-11 20:55:26'),
(630, 28, 1, 'Двухосный прицеп 3ПТС-13     13,0тн', NULL, NULL, '0', 1, '2013-12-11 20:55:26', 1, '2013-12-11 20:55:26'),
(631, 28, 1, 'Двухосный прицеп ММЗ-768Б  12,0тн', NULL, NULL, '0', 1, '2013-12-11 20:55:26', 1, '2013-12-11 20:55:26'),
(632, 28, 1, 'Двухосный прицеп ММЗ-771    9,0тн', NULL, NULL, '0', 1, '2013-12-11 20:55:26', 1, '2013-12-11 20:55:26'),
(633, 28, 1, 'Прицеп-цистерна 8655-10-03     4,0куб.м.', NULL, NULL, '0', 1, '2013-12-11 20:55:26', 1, '2013-12-11 20:55:26'),
(634, 28, 1, 'Прицеп автомобильный ГКБ-917 4,0тн', NULL, NULL, '0', 1, '2013-12-11 20:55:26', 1, '2013-12-11 20:55:26'),
(635, 28, 1, 'Роллтрейлер длиной  9м, 60тн', NULL, NULL, '0', 1, '2013-12-11 20:55:26', 1, '2013-12-11 20:55:26'),
(636, 28, 1, 'Роллтрейлер длиной 12м  50тн', NULL, NULL, '0', 1, '2013-12-11 20:55:26', 1, '2013-12-11 20:55:26'),
(637, 28, 1, 'Роллтрейлер длиной 12м  60тн', NULL, NULL, '0', 1, '2013-12-11 20:55:26', 1, '2013-12-11 20:55:26'),
(638, 28, 1, 'Роллтрейлер длиной 12м  70тн', NULL, NULL, '0', 1, '2013-12-11 20:55:26', 1, '2013-12-11 20:55:26'),
(639, 28, 1, 'Роллтрейлер длиной 12м  80тн', NULL, NULL, '0', 1, '2013-12-11 20:55:26', 1, '2013-12-11 20:55:26'),
(640, 28, 1, 'Роллтрейлер  40'' РОКО   60тн', NULL, NULL, '0', 1, '2013-12-11 20:55:26', 1, '2013-12-11 20:55:26'),
(641, 28, 1, 'Роллтрейлер 40'' Сису     40тн', NULL, NULL, '0', 1, '2013-12-11 20:55:26', 1, '2013-12-11 20:55:26'),
(642, 28, 1, 'Роллтрейлер 40'' Аральского з-да      20тн', NULL, NULL, '0', 1, '2013-12-11 20:55:26', 1, '2013-12-11 20:55:26'),
(643, 28, 1, 'Роллтрейлер 40'' Аральского з-да      25тн', NULL, NULL, '0', 1, '2013-12-11 20:55:26', 1, '2013-12-11 20:55:26'),
(644, 28, 1, 'Роллтрейлер 40'' Аральского з-да      40тн', NULL, NULL, '0', 1, '2013-12-11 20:55:26', 1, '2013-12-11 20:55:26'),
(645, 28, 1, 'Роллтрейлер 40'' Планмарин        60тн', NULL, NULL, '0', 1, '2013-12-11 20:55:26', 1, '2013-12-11 20:55:26'),
(646, 28, 52, 'Роллтрейлер 40/60GN  40''           60тн', NULL, NULL, '0', 1, '2013-12-11 20:55:26', 1, '2013-12-11 20:55:26'),
(647, 28, 53, 'Роллтрейлер RT 60/80 Сиком      80тн', NULL, NULL, '0', 1, '2013-12-11 20:55:26', 1, '2013-12-11 20:55:26'),
(648, 28, 54, 'Роллтрейлер RT 40/70 Блесте    70тн', NULL, NULL, '0', 1, '2013-12-11 20:55:26', 1, '2013-12-11 20:55:26'),
(649, 28, 53, 'Роллтрейлер RT 40/60 Сиком     60тн', NULL, NULL, '0', 1, '2013-12-11 20:55:26', 1, '2013-12-11 20:55:26'),
(650, 28, 1, 'Роллтрейлер 20/60', NULL, NULL, '0', 1, '2013-12-11 20:55:26', 1, '2013-12-11 20:55:26'),
(651, 28, 1, 'Роллтрейлер 40/60', NULL, NULL, '0', 1, '2013-12-11 20:55:26', 1, '2013-12-11 20:55:26'),
(652, 28, 30, 'Полуприцеп портовый СИСУ FT-41 TB       41тн', NULL, NULL, '0', 1, '2013-12-11 20:55:26', 1, '2013-12-11 20:55:26'),
(653, 28, 1, 'Бункер', NULL, NULL, '0', 1, '2013-12-11 20:55:26', 1, '2013-12-11 20:55:26'),
(654, 28, 1, 'Бункер самоходный', NULL, NULL, '0', 1, '2013-12-11 20:55:26', 1, '2013-12-11 20:55:26'),
(655, 28, 1, 'Грейфер 6051 зерн. 5тн 0,7-0,8т/м.куб.', NULL, NULL, '0', 1, '2013-12-11 20:55:26', 1, '2013-12-11 20:55:26'),
(656, 28, 1, 'Грейфер 925 лесн.10тн', NULL, NULL, '0', 1, '2013-12-11 20:55:26', 1, '2013-12-11 20:55:26'),
(657, 28, 1, 'Грейфер 4715 угольн.10тн 0,8-1,05т/м.куб.', NULL, NULL, '0', 1, '2013-12-11 20:55:26', 1, '2013-12-11 20:55:26'),
(658, 28, 1, 'Грейфер 4715М зерн.10тн 0,7-0,8т/м.куб.', NULL, NULL, '0', 1, '2013-12-11 20:55:26', 1, '2013-12-11 20:55:26'),
(659, 28, 1, 'Грейфер 4735 рудн.10тн 2,0-2,6т/м.куб.', NULL, NULL, '0', 1, '2013-12-11 20:55:26', 1, '2013-12-11 20:55:26'),
(660, 28, 1, 'Грейфер 5038 рудн.10тн 1,5-1,8т/м.куб.', NULL, NULL, '0', 1, '2013-12-11 20:55:26', 1, '2013-12-11 20:55:26'),
(661, 28, 1, 'Грейфер 5684 зерн.10тн 0,7-0,8т/м.куб.', NULL, NULL, '0', 1, '2013-12-11 20:55:26', 1, '2013-12-11 20:55:26'),
(662, 28, 1, 'Грейфер 6050М рудн.10тн 1,5-1,9т/м.куб.', NULL, NULL, '0', 1, '2013-12-11 20:55:26', 1, '2013-12-11 20:55:26');
INSERT INTO `models` (`model_id`, `group_id`, `manufacturer_id`, `name`, `details`, `note`, `archived`, `create_user_id`, `create_date`, `update_user_id`, `update_date`) VALUES
(663, 28, 1, 'Грейфер 4011М рудн.16тн 1,5-1,8т/м.куб.', NULL, NULL, '0', 1, '2013-12-11 20:55:26', 1, '2013-12-11 20:55:26'),
(664, 28, 1, 'Грейфер 5366 рудн.16тн 2,5-3,2т/м.куб.', NULL, NULL, '0', 1, '2013-12-11 20:55:26', 1, '2013-12-11 20:55:26'),
(665, 28, 1, 'Грейфер 6052М 16тн 1,05-1,6т/м.куб.', NULL, NULL, '0', 1, '2013-12-11 20:55:26', 1, '2013-12-11 20:55:26'),
(666, 28, 1, 'Контейнерная рама 20''', NULL, NULL, '0', 1, '2013-12-11 20:55:26', 1, '2013-12-11 20:55:26'),
(667, 28, 1, 'Контейнерная рама 40''', NULL, NULL, '0', 1, '2013-12-11 20:55:26', 1, '2013-12-11 20:55:26'),
(668, 28, 1, 'Захват трубный', NULL, NULL, '0', 1, '2013-12-11 20:55:26', 1, '2013-12-11 20:55:26'),
(669, 28, 1, 'Балансир 20тн', NULL, NULL, '0', 1, '2013-12-11 20:55:26', 1, '2013-12-11 20:55:26'),
(670, 28, 1, 'Балансир 40тн', NULL, NULL, '0', 1, '2013-12-11 20:55:26', 1, '2013-12-11 20:55:26'),
(671, 28, 1, 'Балансир 80тн', NULL, NULL, '0', 1, '2013-12-11 20:55:26', 1, '2013-12-11 20:55:26'),
(672, 28, 1, 'Лифт грузовой 0,1тн', NULL, NULL, '0', 1, '2013-12-11 20:55:26', 1, '2013-12-11 20:55:26'),
(673, 28, 1, 'Лифт грузовой 0,5тн', NULL, NULL, '0', 1, '2013-12-11 20:55:26', 1, '2013-12-11 20:55:26'),
(674, 28, 1, 'Лифт грузовой 5,0тн', NULL, NULL, '0', 1, '2013-12-11 20:55:26', 1, '2013-12-11 20:55:26'),
(675, 28, 1, 'Разбрасыватель ПРМТ-4  4,0тн', NULL, NULL, '0', 1, '2013-12-11 20:55:26', 1, '2013-12-11 20:55:26'),
(676, 28, 1, 'Разбрасыватель МВУ-5   6,0тн', NULL, NULL, '0', 1, '2013-12-11 20:55:26', 1, '2013-12-11 20:55:26'),
(677, 28, 1, 'Моечная машина HDW-1200', NULL, NULL, '0', 1, '2013-12-11 20:55:26', 1, '2013-12-11 20:55:26'),
(678, 28, 1, 'Моечная машина HDS-1210', NULL, NULL, '0', 1, '2013-12-11 20:55:26', 1, '2013-12-11 20:55:26'),
(679, 28, 1, 'Маpкиpовочная машина ДЭ-3А', NULL, NULL, '0', 1, '2013-12-11 20:55:26', 1, '2013-12-11 20:55:26'),
(680, 28, 1, 'Грейфер FMD лесн.16тн 1,05-1,6т/м.куб.', NULL, NULL, '0', 1, '2013-12-11 20:55:26', 1, '2013-12-11 20:55:26'),
(681, 28, 1, 'Автомобиль ВАЗ-21011', NULL, NULL, '0', 1, '2013-12-11 20:55:26', 1, '2013-12-11 20:55:26'),
(682, 28, 1, 'Автомобиль РАФ-2203', NULL, NULL, '0', 1, '2013-12-11 20:55:26', 1, '2013-12-11 20:55:26'),
(683, 28, 1, 'Тракторопогрузчик САТERPILLAR-931C', NULL, NULL, '0', 1, '2013-12-11 20:55:26', 1, '2013-12-11 20:55:26'),
(684, 28, 1, 'Ун.дор.машина К-702МВ-УДМ', NULL, NULL, '0', 1, '2013-12-11 20:55:26', 1, '2013-12-11 20:55:26'),
(685, 28, 1, 'Маркировочная машина ДЭ-3А', NULL, NULL, '0', 1, '2013-12-11 20:55:26', 1, '2013-12-11 20:55:26'),
(686, 28, 1, 'Автобус ПАЗ-3205', NULL, NULL, '0', 1, '2013-12-11 20:55:26', 1, '2013-12-11 20:55:26'),
(687, 28, 1, 'Автомобиль ЗИЛ-431416', NULL, NULL, '0', 1, '2013-12-11 20:55:26', 1, '2013-12-11 20:55:26'),
(688, 28, 1, 'Автомобиль ГАЗ-52', NULL, NULL, '0', 1, '2013-12-11 20:55:26', 1, '2013-12-11 20:55:26'),
(689, 28, 1, 'Автомобиль ГАЗ-3307', NULL, NULL, '0', 1, '2013-12-11 20:55:26', 1, '2013-12-11 20:55:26'),
(690, 28, 1, 'Стенд шиномонтажный Stahlgruber 14''-26''', NULL, NULL, '0', 1, '2013-12-11 20:55:26', 1, '2013-12-11 20:55:26'),
(691, 28, 1, 'Самосвал МАЗ-5551', NULL, NULL, '0', 1, '2013-12-11 20:55:26', 1, '2013-12-11 20:55:26'),
(692, 28, 1, 'Автомобиль М-21251', NULL, NULL, '0', 1, '2013-12-11 20:55:26', 1, '2013-12-11 20:55:26'),
(693, 28, 1, 'Тракторопогрузчик LIEBHERR LR-611M 1.2 куб.м.', NULL, NULL, '0', 1, '2013-12-11 20:55:26', 1, '2013-12-11 20:55:26'),
(694, 28, 1, 'Поливочная машина КО-713Н', NULL, NULL, '0', 1, '2013-12-11 20:55:26', 1, '2013-12-11 20:55:26'),
(695, 28, 1, 'Подметально-уборочная машина ММЗ-ПУ(ЗИЛ-431410)', NULL, NULL, '0', 1, '2013-12-11 20:55:26', 1, '2013-12-11 20:55:26'),
(696, 28, 1, 'Снегоочиститель С-4М', NULL, NULL, '0', 1, '2013-12-11 20:55:26', 1, '2013-12-11 20:55:26'),
(697, 28, 1, 'Снегоочиститель с оборуд. УМ.Т80 МТЗ-82.1.57', NULL, NULL, '0', 1, '2013-12-11 20:55:26', 1, '2013-12-11 20:55:26'),
(698, 28, 1, ' Снегоочиститель  МТЗ-82.1.57. У1', NULL, NULL, '0', 1, '2013-12-11 20:55:26', 1, '2013-12-11 20:55:26'),
(699, 28, 1, 'Уборочная машина Д-447М МТЗ-82', NULL, NULL, '0', 1, '2013-12-11 20:55:26', 1, '2013-12-11 20:55:26'),
(700, 28, 1, 'Уборочная машина ПФС-075-13 МТЗ-82', NULL, NULL, '0', 1, '2013-12-11 20:55:26', 1, '2013-12-11 20:55:26'),
(701, 2, 4, 'НОВАЯ', 'Самые Плохие Характеристики', NULL, NULL, 1, '2013-12-16 17:04:09', NULL, NULL);

-- --------------------------------------------------------

--
-- Table structure for table `ports`
--

DROP TABLE IF EXISTS `ports`;
CREATE TABLE IF NOT EXISTS `ports` (
  `port_id` int(11) NOT NULL AUTO_INCREMENT,
  `country_id` int(11) DEFAULT NULL,
  `name` varchar(45) NOT NULL,
  `full_name` varchar(100) DEFAULT NULL,
  `port_note` text,
  `archived` varchar(1) DEFAULT NULL,
  `create_date` datetime NOT NULL,
  `create_user_id` int(11) NOT NULL,
  `update_date` datetime NOT NULL,
  `update_user_id` int(11) NOT NULL,
  PRIMARY KEY (`port_id`)
) ENGINE=InnoDB  DEFAULT CHARSET=utf8 AUTO_INCREMENT=66 ;

--
-- Dumping data for table `ports`
--

INSERT INTO `ports` (`port_id`, `country_id`, `name`, `full_name`, `port_note`, `archived`, `create_date`, `create_user_id`, `update_date`, `update_user_id`) VALUES
(1, 20, 'Алексан.-на-Сахалине', 'ОАО "Александровский-на-Сахалине Морской порт"', NULL, NULL, '2013-12-04 15:13:54', 1, '2013-12-04 15:13:54', 1),
(2, 20, 'Амдерминский', 'ОАО "Амдерминский морской торговый порт"', NULL, NULL, '2013-12-04 15:13:54', 1, '2013-12-04 15:13:54', 1),
(3, 20, 'Анадырский', 'ОАО "Анадырский морской торговый порт"', NULL, NULL, '2013-12-04 15:13:54', 1, '2013-12-04 15:13:54', 1),
(4, 2, 'Анапский', 'Предприятие "Морской порт Анапа"', NULL, NULL, '2013-12-04 15:13:54', 1, '2013-12-04 15:13:54', 1),
(5, 20, 'Архангельский', 'ОАО "Архангельский морской торговый порт"', NULL, NULL, '2013-12-04 15:13:54', 1, '2013-12-04 15:13:54', 1),
(6, 20, 'Беринговский', 'Гп"Беринговский морской торговый порт"', NULL, NULL, '2013-12-04 15:13:54', 1, '2013-12-04 15:13:54', 1),
(7, 20, 'Бошняковский', 'ЗАО"Морской торговый порт Бошняково"', NULL, NULL, '2013-12-04 15:13:54', 1, '2013-12-04 15:13:54', 1),
(8, 20, 'Ванинский', 'ОАО "Ванинский морской торговый порт"', NULL, NULL, '2013-12-04 15:13:54', 1, '2013-12-04 15:13:54', 1),
(9, 20, 'Владивостокский', 'ОАО "Владивостокский морской торговый порт"', NULL, NULL, '2013-12-04 15:13:54', 1, '2013-12-04 15:13:54', 1),
(10, 20, 'Восточный', 'ОАО "Восточный порт"', NULL, NULL, '2013-12-04 15:13:54', 1, '2013-12-04 15:13:54', 1),
(11, 20, 'Выборгский', 'ООО "Порт  Выборский"', NULL, NULL, '2013-12-04 15:13:54', 1, '2013-12-04 15:13:54', 1),
(12, 20, 'Высоцкий', 'ООО "Порт Высоцкий"', NULL, NULL, '2013-12-04 15:13:54', 1, '2013-12-04 15:13:54', 1),
(13, 20, 'Геленжикский', 'ЗАО "Геленжикский морской порт"', NULL, NULL, '2013-12-04 15:13:54', 1, '2013-12-04 15:13:54', 1),
(14, 20, 'Калининградский', 'ОАО "Калининградский морской торговый порт "', NULL, NULL, '2013-12-04 15:13:54', 1, '2013-12-04 15:13:54', 1),
(15, 20, 'Кандалакшский', 'ЗАО "Кандалакшский морской торговый порт"', NULL, NULL, '2013-12-04 15:13:54', 1, '2013-12-04 15:13:54', 1),
(16, 20, 'Корсаковский', 'ОАО "Корсаковский морской торговый порт"', NULL, NULL, '2013-12-04 15:13:54', 1, '2013-12-04 15:13:54', 1),
(17, 20, 'Красногорский', 'ОАО "Красногорский морской торговый порт"', NULL, NULL, '2013-12-04 15:13:54', 1, '2013-12-04 15:13:54', 1),
(18, 20, 'Магаданский', 'ОАО "Магаданский морской торговый порт"', NULL, NULL, '2013-12-04 15:13:54', 1, '2013-12-04 15:13:54', 1),
(19, 20, 'Махачкалинский', 'ФГУП "Махачкалинский междунар.морск. торг. порт"', NULL, NULL, '2013-12-04 15:13:54', 1, '2013-12-04 15:13:54', 1),
(20, 20, 'Мезенский', 'ОАО "Мезенский морской торговый порт"', NULL, NULL, '2013-12-04 15:13:54', 1, '2013-12-04 15:13:54', 1),
(21, 20, 'Мурманский', 'ОАО "Мурманский морской торговый порт"', NULL, NULL, '2013-12-04 15:13:54', 1, '2013-12-04 15:13:54', 1),
(22, 20, 'Нарьян-Марский', 'ОАО "Нарьян-Марский морской тоговый порт"', NULL, NULL, '2013-12-04 15:13:54', 1, '2013-12-04 15:13:54', 1),
(23, 20, 'Находкинский', 'ОАО "Находкинский морской торговый порт"', NULL, NULL, '2013-12-04 15:13:54', 1, '2013-12-04 15:13:54', 1),
(24, 20, 'Находкин.Нефтепорт', 'ОАО "Находкинский нефтеналивной морской торг.порт"', NULL, NULL, '2013-12-04 15:13:54', 1, '2013-12-04 15:13:54', 1),
(25, 20, 'Николаевск-на-Амуре', 'ОАО "Николаевский-на-Амуре морской порт"', NULL, NULL, '2013-12-04 15:13:54', 1, '2013-12-04 15:13:54', 1),
(26, 20, 'Новороссийский', 'ОАО "Новороссийский морской торговый порт"', NULL, NULL, '2013-12-04 15:13:54', 1, '2013-12-04 15:13:54', 1),
(27, 20, 'Онежский', 'Онежский морской торговый порт', NULL, NULL, '2013-12-04 15:13:54', 1, '2013-12-04 15:13:54', 1),
(28, 20, 'Певекский', 'ОАО "Морской торговый порт Певек', NULL, NULL, '2013-12-04 15:13:54', 1, '2013-12-04 15:13:54', 1),
(29, 20, 'Петропавловск Камч.', 'ОАО "Петропавловск-Камчатский морской торг. порт"', NULL, NULL, '2013-12-04 15:13:54', 1, '2013-12-04 15:13:54', 1),
(30, 20, 'Поронайский', 'Поронайский морской торговый порт', NULL, NULL, '2013-12-04 15:13:54', 1, '2013-12-04 15:13:54', 1),
(31, 20, 'Посьет', 'ОАО "Торговый порт Посьет"', NULL, NULL, '2013-12-04 15:13:54', 1, '2013-12-04 15:13:54', 1),
(32, 20, 'Провиденский', 'ОАО" Морской порт Провидения"', NULL, NULL, '2013-12-04 15:13:54', 1, '2013-12-04 15:13:54', 1),
(33, 20, 'С-Петербургский', 'ОАО "Морской порт Санкт-Петербург"', NULL, NULL, '2013-12-04 15:13:54', 1, '2013-12-04 15:13:54', 1),
(34, 20, 'Сочинский', 'ОАО "Сочинский морской торговый порт"', NULL, NULL, '2013-12-04 15:13:54', 1, '2013-12-04 15:13:54', 1),
(35, 20, 'Таганрогский', 'ОАО "Таганрогский морской торговый порт"', NULL, NULL, '2013-12-04 15:13:54', 1, '2013-12-04 15:13:54', 1),
(36, 20, 'Темрюкский', 'ОАО "Морской торговый порт Темрюк"', NULL, NULL, '2013-12-04 15:13:54', 1, '2013-12-04 15:13:54', 1),
(37, 20, 'Тиксинский', 'ОАО "Тиксинский морской торговый порт"', NULL, NULL, '2013-12-04 15:13:54', 1, '2013-12-04 15:13:54', 1),
(38, 20, 'Туапсинский', 'ОАО "Туапсинский морской торговый порт"', NULL, NULL, '2013-12-04 15:13:54', 1, '2013-12-04 15:13:54', 1),
(39, 20, 'Углегорский', 'ЗАО"Углегорский морской торговый порт"', NULL, NULL, '2013-12-04 15:13:54', 1, '2013-12-04 15:13:54', 1),
(40, 20, 'Усть-Камчатский', 'ОАО "Усть-Камчатский морской торговый порт"', NULL, NULL, '2013-12-04 15:13:54', 1, '2013-12-04 15:13:54', 1),
(41, 20, 'Хатангский', 'ГП "Морской торговый порт Хатанга".', NULL, NULL, '2013-12-04 15:13:54', 1, '2013-12-04 15:13:54', 1),
(42, 20, 'Холмский', 'ОАО "Холмский морской торговый порт"', NULL, NULL, '2013-12-04 15:13:54', 1, '2013-12-04 15:13:54', 1),
(43, 20, 'Шахтерский', 'ОАО" Шахтерский морской торговый порт', NULL, NULL, '2013-12-04 15:13:54', 1, '2013-12-04 15:13:54', 1),
(44, 20, 'Эквикинот', 'ОАО "Морской торговый порт Эквекинот"', NULL, NULL, '2013-12-04 15:13:54', 1, '2013-12-04 15:13:54', 1),
(63, 20, 'Ейский', 'ОАО "Ейский морской порт"', NULL, NULL, '2013-12-04 15:13:54', 1, '2013-12-04 15:13:54', 1),
(64, 1, '111', '111', '-', NULL, '2013-12-04 15:13:54', 1, '2013-12-04 15:13:54', 1),
(65, 20, 'Амдерминский', 'ОАО "Амдерминский морской торговый порт"', '333', NULL, '2013-12-04 15:13:54', 1, '2013-12-04 15:13:54', 1);

-- --------------------------------------------------------

--
-- Table structure for table `roles`
--

DROP TABLE IF EXISTS `roles`;
CREATE TABLE IF NOT EXISTS `roles` (
  `id` int(6) NOT NULL AUTO_INCREMENT,
  `role` varchar(20) NOT NULL,
  PRIMARY KEY (`id`)
) ENGINE=InnoDB  DEFAULT CHARSET=utf8 AUTO_INCREMENT=4 ;

--
-- Dumping data for table `roles`
--

INSERT INTO `roles` (`id`, `role`) VALUES
(1, 'admin'),
(2, 'moderator'),
(3, 'guest');

-- --------------------------------------------------------

--
-- Table structure for table `stevidors`
--

DROP TABLE IF EXISTS `stevidors`;
CREATE TABLE IF NOT EXISTS `stevidors` (
  `stevidor_id` int(11) NOT NULL AUTO_INCREMENT,
  `port_id` int(11) DEFAULT NULL,
  `name` varchar(45) NOT NULL,
  `name_eng` varchar(45) DEFAULT NULL,
  `full_name` varchar(100) DEFAULT NULL,
  `stevidor_note` text,
  `archived` varchar(1) DEFAULT NULL,
  `create_date` datetime NOT NULL,
  `create_user_id` int(11) NOT NULL,
  `update_date` datetime NOT NULL,
  `update_user_id` int(11) NOT NULL,
  PRIMARY KEY (`stevidor_id`)
) ENGINE=InnoDB  DEFAULT CHARSET=utf8 AUTO_INCREMENT=66 ;

--
-- Dumping data for table `stevidors`
--

INSERT INTO `stevidors` (`stevidor_id`, `port_id`, `name`, `name_eng`, `full_name`, `stevidor_note`, `archived`, `create_date`, `create_user_id`, `update_date`, `update_user_id`) VALUES
(1, 1, 'Алексан.-на-Сахалине', NULL, 'ОАО "Александровский-на-Сахалине Морской порт"', NULL, NULL, '2013-12-04 15:13:54', 1, '2013-12-04 15:13:54', 1),
(2, 2, 'Амдерминский', NULL, 'ОАО "Амдерминский морской торговый порт"', NULL, NULL, '2013-12-04 15:13:54', 1, '2013-12-04 15:13:54', 1),
(3, 2, 'Анадырский', NULL, 'ОАО "Анадырский морской торговый порт"', '', NULL, '2013-12-04 15:13:54', 1, '2013-12-14 11:31:12', 1),
(4, 2, 'Анапский', NULL, 'Предприятие "Морской порт Анапа"', '', NULL, '2013-12-04 15:13:54', 1, '2013-12-14 21:52:33', 1),
(5, 5, 'Архангельский', NULL, 'ОАО "Архангельский морской торговый порт"', NULL, NULL, '2013-12-04 15:13:54', 1, '2013-12-04 15:13:54', 1),
(6, 6, 'Беринговский', NULL, 'Гп"Беринговский морской торговый порт"', NULL, NULL, '2013-12-04 15:13:54', 1, '2013-12-04 15:13:54', 1),
(7, 7, 'Бошняковский', NULL, 'ЗАО"Морской торговый порт Бошняково"', NULL, NULL, '2013-12-04 15:13:54', 1, '2013-12-04 15:13:54', 1),
(8, 8, 'Ванинский', NULL, 'ОАО "Ванинский морской торговый порт"', NULL, NULL, '2013-12-04 15:13:54', 1, '2013-12-04 15:13:54', 1),
(9, 9, 'Владивостокский', NULL, 'ОАО "Владивостокский морской торговый порт"', NULL, NULL, '2013-12-04 15:13:54', 1, '2013-12-04 15:13:54', 1),
(10, 10, 'Восточный', NULL, 'ОАО "Восточный порт"', NULL, NULL, '2013-12-04 15:13:54', 1, '2013-12-04 15:13:54', 1),
(11, 11, 'Выборгский', NULL, 'ООО "Порт  Выборский"', NULL, NULL, '2013-12-04 15:13:54', 1, '2013-12-04 15:13:54', 1),
(12, 12, 'Высоцкий', NULL, 'ООО "Порт Высоцкий"', NULL, NULL, '2013-12-04 15:13:54', 1, '2013-12-04 15:13:54', 1),
(13, 13, 'Геленжикский', NULL, 'ЗАО "Геленжикский морской порт"', NULL, NULL, '2013-12-04 15:13:54', 1, '2013-12-04 15:13:54', 1),
(14, 14, 'Калининградский', NULL, 'ОАО "Калининградский морской торговый порт "', NULL, NULL, '2013-12-04 15:13:54', 1, '2013-12-04 15:13:54', 1),
(15, 15, 'Кандалакшский', NULL, 'ЗАО "Кандалакшский морской торговый порт"', NULL, NULL, '2013-12-04 15:13:54', 1, '2013-12-04 15:13:54', 1),
(16, 16, 'Корсаковский', NULL, 'ОАО "Корсаковский морской торговый порт"', NULL, NULL, '2013-12-04 15:13:54', 1, '2013-12-04 15:13:54', 1),
(17, 17, 'Красногорский', NULL, 'ОАО "Красногорский морской торговый порт"', NULL, NULL, '2013-12-04 15:13:54', 1, '2013-12-04 15:13:54', 1),
(18, 18, 'Магаданский', NULL, 'ОАО "Магаданский морской торговый порт"', NULL, NULL, '2013-12-04 15:13:54', 1, '2013-12-04 15:13:54', 1),
(19, 19, 'Махачкалинский', NULL, 'ФГУП "Махачкалинский междунар.морск. торг. порт"', NULL, NULL, '2013-12-04 15:13:54', 1, '2013-12-04 15:13:54', 1),
(20, 20, 'Мезенский', NULL, 'ОАО "Мезенский морской торговый порт"', NULL, NULL, '2013-12-04 15:13:54', 1, '2013-12-04 15:13:54', 1),
(21, 21, 'Мурманский', NULL, 'ОАО "Мурманский морской торговый порт"', NULL, NULL, '2013-12-04 15:13:54', 1, '2013-12-04 15:13:54', 1),
(22, 22, 'Нарьян-Марский', NULL, 'ОАО "Нарьян-Марский морской тоговый порт"', NULL, NULL, '2013-12-04 15:13:54', 1, '2013-12-04 15:13:54', 1),
(23, 23, 'Находкинский', NULL, 'ОАО "Находкинский морской торговый порт"', NULL, NULL, '2013-12-04 15:13:54', 1, '2013-12-04 15:13:54', 1),
(24, 24, 'Находкин.Нефтепорт', NULL, 'ОАО "Находкинский нефтеналивной морской торг.порт"', NULL, NULL, '2013-12-04 15:13:54', 1, '2013-12-04 15:13:54', 1),
(25, 25, 'Николаевск-на-Амуре', NULL, 'ОАО "Николаевский-на-Амуре морской порт"', NULL, NULL, '2013-12-04 15:13:54', 1, '2013-12-04 15:13:54', 1),
(26, 26, 'Новороссийский', NULL, 'ОАО "Новороссийский морской торговый порт"', NULL, NULL, '2013-12-04 15:13:54', 1, '2013-12-04 15:13:54', 1),
(27, 27, 'Онежский', NULL, 'Онежский морской торговый порт', NULL, NULL, '2013-12-04 15:13:54', 1, '2013-12-04 15:13:54', 1),
(28, 28, 'Певекский', NULL, 'ОАО "Морской торговый порт Певек', NULL, NULL, '2013-12-04 15:13:54', 1, '2013-12-04 15:13:54', 1),
(29, 29, 'Петропавловск Камч.', NULL, 'ОАО "Петропавловск-Камчатский морской торг. порт"', NULL, NULL, '2013-12-04 15:13:54', 1, '2013-12-04 15:13:54', 1),
(30, 30, 'Поронайский', NULL, 'Поронайский морской торговый порт', NULL, NULL, '2013-12-04 15:13:54', 1, '2013-12-04 15:13:54', 1),
(31, 31, 'Посьет', NULL, 'ОАО "Торговый порт Посьет"', NULL, NULL, '2013-12-04 15:13:54', 1, '2013-12-04 15:13:54', 1),
(32, 32, 'Провиденский', NULL, 'ОАО" Морской порт Провидения"', NULL, NULL, '2013-12-04 15:13:54', 1, '2013-12-04 15:13:54', 1),
(33, 33, 'С-Петербургский', NULL, 'ОАО "Морской порт Санкт-Петербург"', NULL, NULL, '2013-12-04 15:13:54', 1, '2013-12-04 15:13:54', 1),
(34, 34, 'Сочинский', NULL, 'ОАО "Сочинский морской торговый порт"', NULL, NULL, '2013-12-04 15:13:54', 1, '2013-12-04 15:13:54', 1),
(35, 35, 'Таганрогский', NULL, 'ОАО "Таганрогский морской торговый порт"', NULL, NULL, '2013-12-04 15:13:54', 1, '2013-12-04 15:13:54', 1),
(36, 36, 'Темрюкский', NULL, 'ОАО "Морской торговый порт Темрюк"', NULL, NULL, '2013-12-04 15:13:54', 1, '2013-12-04 15:13:54', 1),
(37, 37, 'Тиксинский', NULL, 'ОАО "Тиксинский морской торговый порт"', NULL, NULL, '2013-12-04 15:13:54', 1, '2013-12-04 15:13:54', 1),
(38, 38, 'Туапсинский', NULL, 'ОАО "Туапсинский морской торговый порт"', NULL, NULL, '2013-12-04 15:13:54', 1, '2013-12-04 15:13:54', 1),
(39, 39, 'Углегорский', NULL, 'ЗАО"Углегорский морской торговый порт"', NULL, NULL, '2013-12-04 15:13:54', 1, '2013-12-04 15:13:54', 1),
(40, 40, 'Усть-Камчатский', NULL, 'ОАО "Усть-Камчатский морской торговый порт"', NULL, NULL, '2013-12-04 15:13:54', 1, '2013-12-04 15:13:54', 1),
(41, 41, 'Хатангский', NULL, 'ГП "Морской торговый порт Хатанга".', NULL, NULL, '2013-12-04 15:13:54', 1, '2013-12-04 15:13:54', 1),
(42, 42, 'Холмский', NULL, 'ОАО "Холмский морской торговый порт"', NULL, NULL, '2013-12-04 15:13:54', 1, '2013-12-04 15:13:54', 1),
(43, 43, 'Шахтерский', NULL, 'ОАО" Шахтерский морской торговый порт', NULL, NULL, '2013-12-04 15:13:54', 1, '2013-12-04 15:13:54', 1),
(44, 44, 'Эквикинот', NULL, 'ОАО "Морской торговый порт Эквекинот"', NULL, NULL, '2013-12-04 15:13:54', 1, '2013-12-04 15:13:54', 1),
(63, 63, 'Ейский', NULL, 'ОАО "Ейский морской порт"', NULL, NULL, '2013-12-04 15:13:54', 1, '2013-12-04 15:13:54', 1),
(64, 4, 'Тест Три ', NULL, 'Холодильники Инк', '-', NULL, '2013-12-04 15:13:54', 1, '2013-12-14 11:26:21', 1),
(65, 65, 'Амдерминский', NULL, 'ОАО "Амдерминский морской торговый порт"', '333', NULL, '2013-12-04 15:13:54', 1, '2013-12-04 15:13:54', 1);

-- --------------------------------------------------------

--
-- Table structure for table `users`
--

DROP TABLE IF EXISTS `users`;
CREATE TABLE IF NOT EXISTS `users` (
  `id` int(11) NOT NULL AUTO_INCREMENT,
  `country_id` int(11) NOT NULL,
  `stevidor_id` int(11) NOT NULL,
  `port_id` int(11) NOT NULL,
  `first_name` varchar(45) NOT NULL,
  `last_name` varchar(45) NOT NULL,
  `middle_initial` varchar(45) DEFAULT NULL,
  `user_email` varchar(45) NOT NULL,
  `login` varchar(45) NOT NULL,
  `password` varchar(45) NOT NULL,
  `division` varchar(45) DEFAULT NULL,
  `occupation` varchar(45) DEFAULT NULL,
  `user_note` text,
  `create_date` date NOT NULL,
  `update_date` date NOT NULL,
  `update_user_id` int(11) DEFAULT NULL,
  PRIMARY KEY (`id`)
) ENGINE=InnoDB DEFAULT CHARSET=utf8 AUTO_INCREMENT=1 ;

-- --------------------------------------------------------

--
-- Table structure for table `user_roles`
--

DROP TABLE IF EXISTS `user_roles`;
CREATE TABLE IF NOT EXISTS `user_roles` (
  `user_id` int(6) NOT NULL,
  `role_id` int(6) NOT NULL,
  PRIMARY KEY (`user_id`),
  UNIQUE KEY `user_id_UNIQUE` (`user_id`),
  KEY `user` (`user_id`),
  KEY `role` (`role_id`)
) ENGINE=InnoDB DEFAULT CHARSET=utf8;

/*!40101 SET CHARACTER_SET_CLIENT=@OLD_CHARACTER_SET_CLIENT */;
/*!40101 SET CHARACTER_SET_RESULTS=@OLD_CHARACTER_SET_RESULTS */;
/*!40101 SET COLLATION_CONNECTION=@OLD_COLLATION_CONNECTION */;
